Fecha,ID,Material,Calibre,Area_in2
2026-02-23 11:54,PL-CARB-0.313-240-19,CARBONO,0.313,7332.19
2026-02-23 11:54,PL-CARB-0.313-240-19,CARBONO,0.313,7332.19
2026-02-23 11:54,PL-CARB-0.313-240-19,CARBONO,0.313,7577.63
2026-02-23 11:54,PL-CARB-0.313-240-19,CARBONO,0.313,8068.51
2026-02-23 11:55,PL-CARB-0.313-240-19,CARBONO,0.313,8068.51
2026-02-23 11:55,PL-CARB-0.313-240-19,CARBONO,0.313,9411.73
2026-02-23 11:55,PL-CARB-0.313-41-96,CARBONO,0.313,8643.71
2026-02-23 11:55,PL-CARB-0.313-41-96,CARBONO,0.313,8689.46
2026-02-23 11:55,PL-CARB-0.313-43-48,CARBONO,0.313,2889.89
2026-02-23 11:55,PL-CARB-0.313-43-48,CARBONO,0.313,2889.89
2026-02-23 11:55,PL-CARB-0.313-240-15,CARBONO,0.313,10367.42
2026-02-23 11:55,PL-CARB-0.313-40-48,CARBONO,0.313,3309.38
2026-02-23 11:55,PL-CARB-0.313-40-48,CARBONO,0.313,3309.38
2026-02-23 11:55,PL-CARB-0.313-40-48,CARBONO,0.313,3309.38
2026-02-23 11:55,PL-CARB-0.313-40-48,CARBONO,0.313,3309.38
2026-02-23 11:55,PL-CARB-0.25-240-19,CARBONO,0.25,11331.93
2026-02-23 11:55,PL-CARB-0.25-240-19,CARBONO,0.25,11331.93
2026-02-23 11:55,PL-CARB-0.25-52-96,CARBONO,0.25,12931.99
2026-02-23 11:55,PL-CARB-0.25-240-47,CARBONO,0.25,13829.47
2026-02-23 11:55,PL-CARB-0.25-240-47,CARBONO,0.25,16132.1
2026-02-23 11:55,PL-CARB-0.313-240-19,CARBONO,0.313,7577.63
2026-02-23 11:55,PL-CARB-0.313-240-19,CARBONO,0.313,9420.88
2026-02-23 11:55,PL-CARB-0.313-43-48,CARBONO,0.313,2889.89
2026-02-23 11:55,PL-CARB-0.313-40-48,CARBONO,0.313,3309.38
2026-02-23 11:55,PL-CARB-0.313-40-48,CARBONO,0.313,3309.38
2026-02-23 11:55,PL-CARB-0.25-240-9,CARBONO,0.25,4291.99
2026-02-23 11:55,PL-CARB-0.25-191-96,CARBONO,0.25,20737.37
2026-02-23 11:55,PL-CARB-0.313-240-19,CARBONO,0.313,7332.19
2026-02-23 11:55,PL-CARB-0.313-240-19,CARBONO,0.313,8068.51
2026-02-23 11:55,PL-CARB-0.313-41-96,CARBONO,0.313,8662.01
2026-02-23 11:55,PL-CARB-0.313-43-48,CARBONO,0.313,2889.89
2026-02-23 11:55,PL-CARB-0.313-40-48,CARBONO,0.313,3309.38
2026-02-23 11:55,PL-CARB-0.313-40-48,CARBONO,0.313,3309.38
2026-02-23 11:55,PL-CARB-0.313-40-48,CARBONO,0.313,3309.38
2026-02-23 11:55,PL-CARB-0.25-240-19,CARBONO,0.25,11331.93
2026-02-23 11:55,PL-CARB-0.25-240-47,CARBONO,0.25,16132.1
2026-02-23 11:55,PL-CARB-0.313-240-19,CARBONO,0.313,7332.19
2026-02-23 11:55,PL-CARB-0.313-240-19,CARBONO,0.313,7823.07
2026-02-23 11:55,PL-CARB-0.313-240-19,CARBONO,0.313,7300.49
2026-02-23 11:55,PL-CARB-0.313-41-96,CARBONO,0.313,8671.16
2026-02-23 11:55,PL-CARB-0.313-43-48,CARBONO,0.313,2889.89
2026-02-23 11:55,PL-CARB-0.313-40-48,CARBONO,0.313,3309.38
2026-02-23 11:55,PL-CARB-0.313-40-48,CARBONO,0.313,3309.38
2026-02-23 11:55,PL-CARB-0.313-40-48,CARBONO,0.313,3309.38
2026-02-23 11:55,PL-CARB-0.313-40-48,CARBONO,0.313,3309.38
2026-02-23 11:55,PL-CARB-0.25-240-19,CARBONO,0.25,11331.93
2026-02-23 11:55,PL-CARB-0.25-240-21,CARBONO,0.25,8772.05
2026-02-23 11:55,PL-CARB-0.25-134-96,CARBONO,0.25,18434.74
2026-02-23 12:09,PL-CARB-0.375-240-25,CARBONO,0.375,9396.27
2026-02-23 12:09,PL-CARB-0.375-240-25,CARBONO,0.375,9396.27
2026-02-23 12:09,PL-CARB-0.375-240-25,CARBONO,0.375,9396.27
2026-02-23 12:09,PL-CARB-0.375-24-72,CARBONO,0.375,3636.27
2026-02-23 12:09,PL-CARB-0.313-240-19,CARBONO,0.313,7332.19
2026-02-23 12:09,PL-CARB-0.313-240-19,CARBONO,0.313,7332.19
2026-02-23 12:09,PL-CARB-0.313-240-19,CARBONO,0.313,7577.63
2026-02-23 12:10,PL-CARB-0.313-240-19,CARBONO,0.313,8068.51
2026-02-23 12:10,PL-CARB-0.313-240-19,CARBONO,0.313,8068.51
2026-02-23 12:10,PL-CARB-0.313-240-19,CARBONO,0.313,9411.73
2026-02-23 12:10,PL-CARB-0.313-41-96,CARBONO,0.313,8643.71
2026-02-23 12:10,PL-CARB-0.313-41-96,CARBONO,0.313,8689.46
2026-02-23 12:10,PL-CARB-0.313-43-48,CARBONO,0.313,2889.89
2026-02-23 12:10,PL-CARB-0.313-43-48,CARBONO,0.313,2889.89
2026-02-23 12:10,PL-CARB-0.313-240-15,CARBONO,0.313,10367.42
2026-02-23 12:10,PL-CARB-0.313-40-48,CARBONO,0.313,3309.38
2026-02-23 12:10,PL-CARB-0.313-40-48,CARBONO,0.313,3309.38
2026-02-23 12:10,PL-CARB-0.313-40-48,CARBONO,0.313,3309.38
2026-02-23 12:10,PL-CARB-0.313-40-48,CARBONO,0.313,3309.38
2026-02-23 12:10,PL-CARB-0.25-240-19,CARBONO,0.25,11331.93
2026-02-23 12:10,PL-CARB-0.25-240-19,CARBONO,0.25,11331.93
2026-02-23 12:10,PL-CARB-0.25-52-96,CARBONO,0.25,12931.99
2026-02-23 12:10,PL-CARB-0.25-240-47,CARBONO,0.25,13829.47
2026-02-23 12:10,PL-CARB-0.25-240-47,CARBONO,0.25,16132.1
2026-02-23 12:10,PL-CARB-0.375-24-72,CARBONO,0.375,3636.27
2026-02-23 12:10,PL-CARB-0.313-240-19,CARBONO,0.313,7577.63
2026-02-23 12:10,PL-CARB-0.313-240-19,CARBONO,0.313,9420.88
2026-02-23 12:10,PL-CARB-0.313-43-48,CARBONO,0.313,2889.89
2026-02-23 12:10,PL-CARB-0.313-40-48,CARBONO,0.313,3309.38
2026-02-23 12:10,PL-CARB-0.313-40-48,CARBONO,0.313,3309.38
2026-02-23 12:10,PL-CARB-0.25-240-9,CARBONO,0.25,4291.99
2026-02-23 12:10,PL-CARB-0.25-191-96,CARBONO,0.25,20737.37
2026-02-23 12:10,PL-CARB-0.375-240-25,CARBONO,0.375,9396.27
2026-02-23 12:10,PL-CARB-0.375-20-72,CARBONO,0.375,1818.13
2026-02-23 12:10,PL-CARB-0.313-240-19,CARBONO,0.313,7332.19
2026-02-23 12:10,PL-CARB-0.313-240-19,CARBONO,0.313,8068.51
2026-02-23 12:10,PL-CARB-0.313-41-96,CARBONO,0.313,8662.01
2026-02-23 12:10,PL-CARB-0.313-43-48,CARBONO,0.313,2889.89
2026-02-23 12:10,PL-CARB-0.313-40-48,CARBONO,0.313,3309.38
2026-02-23 12:10,PL-CARB-0.313-40-48,CARBONO,0.313,3309.38
2026-02-23 12:10,PL-CARB-0.313-40-48,CARBONO,0.313,3309.38
2026-02-23 12:10,PL-CARB-0.25-240-19,CARBONO,0.25,11331.93
2026-02-23 12:10,PL-CARB-0.25-240-47,CARBONO,0.25,16132.1
2026-02-23 12:10,PL-CARB-0.375-240-25,CARBONO,0.375,9396.27
2026-02-23 12:10,PL-CARB-0.375-24-72,CARBONO,0.375,3636.27
2026-02-23 12:10,PL-CARB-0.313-240-19,CARBONO,0.313,7332.19
2026-02-23 12:10,PL-CARB-0.313-240-19,CARBONO,0.313,7823.07
2026-02-23 12:10,PL-CARB-0.313-240-19,CARBONO,0.313,7300.49
2026-02-23 12:10,PL-CARB-0.313-41-96,CARBONO,0.313,8671.16
2026-02-23 12:10,PL-CARB-0.313-43-48,CARBONO,0.313,2889.89
2026-02-23 12:10,PL-CARB-0.313-40-48,CARBONO,0.313,3309.38
2026-02-23 12:10,PL-CARB-0.313-40-48,CARBONO,0.313,3309.38
2026-02-23 12:10,PL-CARB-0.313-40-48,CARBONO,0.313,3309.38
2026-02-23 12:10,PL-CARB-0.313-40-48,CARBONO,0.313,3309.38
2026-02-23 12:10,PL-CARB-0.25-240-19,CARBONO,0.25,11331.93
2026-02-23 12:10,PL-CARB-0.25-240-21,CARBONO,0.25,8772.05
2026-02-23 12:10,PL-CARB-0.25-134-96,CARBONO,0.25,18434.74
2026-02-23 12:59,PL-CARB-0.375-240-25,CARBONO,0.375,9396.27
2026-02-23 12:59,PL-CARB-0.375-240-25,CARBONO,0.375,9396.27
2026-02-23 12:59,PL-CARB-0.375-240-25,CARBONO,0.375,9396.27
2026-02-23 12:59,PL-CARB-0.375-24-72,CARBONO,0.375,3636.27
2026-02-23 12:59,PL-CARB-0.313-240-19,CARBONO,0.313,7332.19
2026-02-23 12:59,PL-CARB-0.313-240-19,CARBONO,0.313,7332.19
2026-02-23 12:59,PL-CARB-0.313-240-19,CARBONO,0.313,7577.63
2026-02-23 12:59,PL-CARB-0.313-240-19,CARBONO,0.313,8068.51
2026-02-23 12:59,PL-CARB-0.313-240-19,CARBONO,0.313,8068.51
2026-02-23 12:59,PL-CARB-0.313-240-19,CARBONO,0.313,9411.73
2026-02-23 12:59,PL-CARB-0.313-41-96,CARBONO,0.313,8643.71
2026-02-23 12:59,PL-CARB-0.313-41-96,CARBONO,0.313,8689.46
2026-02-23 12:59,PL-CARB-0.313-43-48,CARBONO,0.313,2889.89
2026-02-23 12:59,PL-CARB-0.313-43-48,CARBONO,0.313,2889.89
2026-02-23 12:59,PL-CARB-0.313-240-15,CARBONO,0.313,10367.42
2026-02-23 12:59,PL-CARB-0.313-40-48,CARBONO,0.313,3309.38
2026-02-23 12:59,PL-CARB-0.313-40-48,CARBONO,0.313,3309.38
2026-02-23 12:59,PL-CARB-0.313-40-48,CARBONO,0.313,3309.38
2026-02-23 12:59,PL-CARB-0.313-40-48,CARBONO,0.313,3309.38
2026-02-23 12:59,PL-CARB-0.25-240-19,CARBONO,0.25,11331.93
2026-02-23 12:59,PL-CARB-0.25-240-19,CARBONO,0.25,11331.93
2026-02-23 12:59,PL-CARB-0.25-52-96,CARBONO,0.25,12931.99
2026-02-23 12:59,PL-CARB-0.25-240-47,CARBONO,0.25,13829.47
2026-02-23 12:59,PL-CARB-0.25-240-47,CARBONO,0.25,16132.1
2026-02-23 12:59,PL-CARB-0.375-24-72,CARBONO,0.375,3636.27
2026-02-23 12:59,PL-CARB-0.313-240-19,CARBONO,0.313,7577.63
2026-02-23 12:59,PL-CARB-0.313-240-19,CARBONO,0.313,9420.88
2026-02-23 12:59,PL-CARB-0.313-43-48,CARBONO,0.313,2889.89
2026-02-23 12:59,PL-CARB-0.313-40-48,CARBONO,0.313,3309.38
2026-02-23 12:59,PL-CARB-0.313-40-48,CARBONO,0.313,3309.38
2026-02-23 12:59,PL-CARB-0.25-240-9,CARBONO,0.25,4291.99
2026-02-23 12:59,PL-CARB-0.25-191-96,CARBONO,0.25,20737.37
2026-02-23 12:59,PL-CARB-0.375-240-25,CARBONO,0.375,9396.27
2026-02-23 12:59,PL-CARB-0.375-20-72,CARBONO,0.375,1818.13
2026-02-23 12:59,PL-CARB-0.313-240-19,CARBONO,0.313,7332.19
2026-02-23 13:00,PL-CARB-0.313-240-19,CARBONO,0.313,8068.51
2026-02-23 13:00,PL-CARB-0.313-41-96,CARBONO,0.313,8662.01
2026-02-23 13:00,PL-CARB-0.313-43-48,CARBONO,0.313,2889.89
2026-02-23 13:00,PL-CARB-0.313-40-48,CARBONO,0.313,3309.38
2026-02-23 13:00,PL-CARB-0.313-40-48,CARBONO,0.313,3309.38
2026-02-23 13:00,PL-CARB-0.313-40-48,CARBONO,0.313,3309.38
2026-02-23 13:00,PL-CARB-0.25-240-19,CARBONO,0.25,11331.93
2026-02-23 13:00,PL-CARB-0.25-240-47,CARBONO,0.25,16132.1
2026-02-23 13:00,PL-CARB-0.375-240-25,CARBONO,0.375,9396.27
2026-02-23 13:00,PL-CARB-0.375-24-72,CARBONO,0.375,3636.27
2026-02-23 13:00,PL-CARB-0.313-240-19,CARBONO,0.313,7332.19
2026-02-23 13:00,PL-CARB-0.313-240-19,CARBONO,0.313,7823.07
2026-02-23 13:00,PL-CARB-0.313-240-19,CARBONO,0.313,7300.49
2026-02-23 13:00,PL-CARB-0.313-41-96,CARBONO,0.313,8671.16
2026-02-23 13:00,PL-CARB-0.313-43-48,CARBONO,0.313,2889.89
2026-02-23 13:00,PL-CARB-0.313-40-48,CARBONO,0.313,3309.38
2026-02-23 13:00,PL-CARB-0.313-40-48,CARBONO,0.313,3309.38
2026-02-23 13:00,PL-CARB-0.313-40-48,CARBONO,0.313,3309.38
2026-02-23 13:00,PL-CARB-0.313-40-48,CARBONO,0.313,3309.38
2026-02-23 13:00,PL-CARB-0.25-240-19,CARBONO,0.25,11331.93
2026-02-23 13:00,PL-CARB-0.25-240-21,CARBONO,0.25,8772.05
2026-02-23 13:00,PL-CARB-0.25-134-96,CARBONO,0.25,18434.74
2026-02-23 13:10,PL-CARB-0.375-240-25,CARBONO,0.375,9396.27
2026-02-23 13:10,PL-CARB-0.375-240-25,CARBONO,0.375,9396.27
2026-02-23 13:10,PL-CARB-0.375-240-25,CARBONO,0.375,9396.27
2026-02-23 13:10,PL-CARB-0.375-24-72,CARBONO,0.375,3636.27
2026-02-23 13:10,PL-CARB-0.313-240-19,CARBONO,0.313,7332.19
2026-02-23 13:10,PL-CARB-0.313-240-19,CARBONO,0.313,7332.19
2026-02-23 13:11,PL-CARB-0.313-240-19,CARBONO,0.313,7577.63
2026-02-23 13:11,PL-CARB-0.313-240-19,CARBONO,0.313,8068.51
2026-02-23 13:11,PL-CARB-0.313-240-19,CARBONO,0.313,8068.51
2026-02-23 13:11,PL-CARB-0.313-240-19,CARBONO,0.313,9411.73
2026-02-23 13:11,PL-CARB-0.313-41-96,CARBONO,0.313,8643.71
2026-02-23 13:11,PL-CARB-0.313-41-96,CARBONO,0.313,8689.46
2026-02-23 13:11,PL-CARB-0.313-43-48,CARBONO,0.313,2889.89
2026-02-23 13:11,PL-CARB-0.313-43-48,CARBONO,0.313,2889.89
2026-02-23 13:11,PL-CARB-0.313-240-15,CARBONO,0.313,10367.42
2026-02-23 13:11,PL-CARB-0.313-40-48,CARBONO,0.313,3309.38
2026-02-23 13:11,PL-CARB-0.313-40-48,CARBONO,0.313,3309.38
2026-02-23 13:11,PL-CARB-0.313-40-48,CARBONO,0.313,3309.38
2026-02-23 13:11,PL-CARB-0.313-40-48,CARBONO,0.313,3309.38
2026-02-23 13:11,PL-CARB-0.25-240-19,CARBONO,0.25,11331.93
2026-02-23 13:11,PL-CARB-0.25-240-19,CARBONO,0.25,11331.93
2026-02-23 13:11,PL-CARB-0.25-52-96,CARBONO,0.25,12931.99
2026-02-23 13:11,PL-CARB-0.25-240-47,CARBONO,0.25,13829.47
2026-02-23 13:11,PL-CARB-0.25-240-47,CARBONO,0.25,16132.1
2026-02-23 13:11,PL-CARB-0.375-24-72,CARBONO,0.375,3636.27
2026-02-23 13:11,PL-CARB-0.313-240-19,CARBONO,0.313,7577.63
2026-02-23 13:11,PL-CARB-0.313-240-19,CARBONO,0.313,9420.88
2026-02-23 13:11,PL-CARB-0.313-43-48,CARBONO,0.313,2889.89
2026-02-23 13:11,PL-CARB-0.313-40-48,CARBONO,0.313,3309.38
2026-02-23 13:11,PL-CARB-0.313-40-48,CARBONO,0.313,3309.38
2026-02-23 13:11,PL-CARB-0.25-240-9,CARBONO,0.25,4291.99
2026-02-23 13:11,PL-CARB-0.25-191-96,CARBONO,0.25,20737.37
2026-02-23 13:11,PL-CARB-0.375-240-25,CARBONO,0.375,9396.27
2026-02-23 13:11,PL-CARB-0.375-20-72,CARBONO,0.375,1818.13
2026-02-23 13:11,PL-CARB-0.313-240-19,CARBONO,0.313,7332.19
2026-02-23 13:11,PL-CARB-0.313-240-19,CARBONO,0.313,8068.51
2026-02-23 13:11,PL-CARB-0.313-41-96,CARBONO,0.313,8662.01
2026-02-23 13:11,PL-CARB-0.313-43-48,CARBONO,0.313,2889.89
2026-02-23 13:11,PL-CARB-0.313-40-48,CARBONO,0.313,3309.38
2026-02-23 13:11,PL-CARB-0.313-40-48,CARBONO,0.313,3309.38
2026-02-23 13:11,PL-CARB-0.313-40-48,CARBONO,0.313,3309.38
2026-02-23 13:11,PL-CARB-0.25-240-19,CARBONO,0.25,11331.93
2026-02-23 13:11,PL-CARB-0.25-240-47,CARBONO,0.25,16132.1
2026-02-23 13:11,PL-CARB-0.375-240-25,CARBONO,0.375,9396.27
2026-02-23 13:11,PL-CARB-0.375-24-72,CARBONO,0.375,3636.27
2026-02-23 13:11,PL-CARB-0.313-240-19,CARBONO,0.313,7332.19
2026-02-23 13:11,PL-CARB-0.313-240-19,CARBONO,0.313,7823.07
2026-02-23 13:11,PL-CARB-0.313-240-19,CARBONO,0.313,7300.49
2026-02-23 13:11,PL-CARB-0.313-41-96,CARBONO,0.313,8671.16
2026-02-23 13:11,PL-CARB-0.313-43-48,CARBONO,0.313,2889.89
2026-02-23 13:11,PL-CARB-0.313-40-48,CARBONO,0.313,3309.38
2026-02-23 13:11,PL-CARB-0.313-40-48,CARBONO,0.313,3309.38
2026-02-23 13:11,PL-CARB-0.313-40-48,CARBONO,0.313,3309.38
2026-02-23 13:11,PL-CARB-0.313-40-48,CARBONO,0.313,3309.38
2026-02-23 13:11,PL-CARB-0.25-240-19,CARBONO,0.25,11331.93
2026-02-23 13:11,PL-CARB-0.25-240-21,CARBONO,0.25,8772.05
2026-02-23 13:11,PL-CARB-0.25-134-96,CARBONO,0.25,18434.74
2026-02-23 13:24,PL-CARB-0.375-240-25,CARBONO,0.375,9396.27
2026-02-23 13:24,PL-CARB-0.375-240-25,CARBONO,0.375,9396.27
2026-02-23 13:24,PL-CARB-0.375-240-25,CARBONO,0.375,9396.27
2026-02-23 13:24,PL-CARB-0.375-24-72,CARBONO,0.375,3636.27
2026-02-23 13:24,PL-CARB-0.313-240-19,CARBONO,0.313,7332.19
2026-02-23 13:24,PL-CARB-0.313-240-19,CARBONO,0.313,7332.19
2026-02-23 13:24,PL-CARB-0.313-240-19,CARBONO,0.313,7577.63
2026-02-23 13:24,PL-CARB-0.313-240-19,CARBONO,0.313,8068.51
2026-02-23 13:24,PL-CARB-0.313-240-19,CARBONO,0.313,8068.51
2026-02-23 13:24,PL-CARB-0.313-240-19,CARBONO,0.313,9411.73
2026-02-23 13:24,PL-CARB-0.313-41-96,CARBONO,0.313,8643.71
2026-02-23 13:24,PL-CARB-0.313-41-96,CARBONO,0.313,8689.46
2026-02-23 13:24,PL-CARB-0.313-43-48,CARBONO,0.313,2889.89
2026-02-23 13:24,PL-CARB-0.313-43-48,CARBONO,0.313,2889.89
2026-02-23 13:24,PL-CARB-0.313-240-15,CARBONO,0.313,10367.42
2026-02-23 13:24,PL-CARB-0.313-40-48,CARBONO,0.313,3309.38
2026-02-23 13:24,PL-CARB-0.313-40-48,CARBONO,0.313,3309.38
2026-02-23 13:24,PL-CARB-0.313-40-48,CARBONO,0.313,3309.38
2026-02-23 13:24,PL-CARB-0.313-40-48,CARBONO,0.313,3309.38
2026-02-23 13:24,PL-CARB-0.25-240-19,CARBONO,0.25,11331.93
2026-02-23 13:24,PL-CARB-0.25-240-19,CARBONO,0.25,11331.93
2026-02-23 13:24,PL-CARB-0.25-52-96,CARBONO,0.25,12931.99
2026-02-23 13:24,PL-CARB-0.25-240-47,CARBONO,0.25,13829.47
2026-02-23 13:24,PL-CARB-0.25-240-47,CARBONO,0.25,16132.1
2026-02-23 13:24,PL-CARB-0.375-24-72,CARBONO,0.375,3636.27
2026-02-23 13:24,PL-CARB-0.313-240-19,CARBONO,0.313,7577.63
2026-02-23 13:24,PL-CARB-0.313-240-19,CARBONO,0.313,9420.88
2026-02-23 13:24,PL-CARB-0.313-43-48,CARBONO,0.313,2889.89
2026-02-23 13:24,PL-CARB-0.313-40-48,CARBONO,0.313,3309.38
2026-02-23 13:24,PL-CARB-0.313-40-48,CARBONO,0.313,3309.38
2026-02-23 13:24,PL-CARB-0.25-240-9,CARBONO,0.25,4291.99
2026-02-23 13:24,PL-CARB-0.25-191-96,CARBONO,0.25,20737.37
2026-02-23 13:24,PL-CARB-0.375-240-25,CARBONO,0.375,9396.27
2026-02-23 13:24,PL-CARB-0.375-20-72,CARBONO,0.375,1818.13
2026-02-23 13:24,PL-CARB-0.313-240-19,CARBONO,0.313,7332.19
2026-02-23 13:24,PL-CARB-0.313-240-19,CARBONO,0.313,8068.51
2026-02-23 13:24,PL-CARB-0.313-41-96,CARBONO,0.313,8662.01
2026-02-23 13:24,PL-CARB-0.313-43-48,CARBONO,0.313,2889.89
2026-02-23 13:24,PL-CARB-0.313-40-48,CARBONO,0.313,3309.38
2026-02-23 13:24,PL-CARB-0.313-40-48,CARBONO,0.313,3309.38
2026-02-23 13:24,PL-CARB-0.313-40-48,CARBONO,0.313,3309.38
2026-02-23 13:24,PL-CARB-0.25-240-19,CARBONO,0.25,11331.93
2026-02-23 13:24,PL-CARB-0.25-240-47,CARBONO,0.25,16132.1
2026-02-23 13:24,PL-CARB-0.375-240-25,CARBONO,0.375,9396.27
2026-02-23 13:24,PL-CARB-0.375-24-72,CARBONO,0.375,3636.27
2026-02-23 13:24,PL-CARB-0.313-240-19,CARBONO,0.313,7332.19
2026-02-23 13:24,PL-CARB-0.313-240-19,CARBONO,0.313,7823.07
2026-02-23 13:25,PL-CARB-0.313-240-19,CARBONO,0.313,7300.49
2026-02-23 13:25,PL-CARB-0.313-41-96,CARBONO,0.313,8671.16
2026-02-23 13:25,PL-CARB-0.313-43-48,CARBONO,0.313,2889.89
2026-02-23 13:25,PL-CARB-0.313-40-48,CARBONO,0.313,3309.38
2026-02-23 13:25,PL-CARB-0.313-40-48,CARBONO,0.313,3309.38
2026-02-23 13:25,PL-CARB-0.313-40-48,CARBONO,0.313,3309.38
2026-02-23 13:25,PL-CARB-0.313-40-48,CARBONO,0.313,3309.38
2026-02-23 13:25,PL-CARB-0.25-240-19,CARBONO,0.25,11331.93
2026-02-23 13:25,PL-CARB-0.25-240-21,CARBONO,0.25,8772.05
2026-02-23 13:25,PL-CARB-0.25-134-96,CARBONO,0.25,18434.74
2026-02-23 14:36,PL-CARB-0.375-240-25,CARBONO,0.375,9396.27
2026-02-23 14:36,PL-CARB-0.375-240-25,CARBONO,0.375,9396.27
2026-02-23 14:36,PL-CARB-0.375-240-25,CARBONO,0.375,9396.27
2026-02-23 14:36,PL-CARB-0.375-24-72,CARBONO,0.375,3636.27
2026-02-23 14:36,PL-CARB-0.313-240-19,CARBONO,0.313,7332.19
2026-02-23 14:36,PL-CARB-0.313-240-19,CARBONO,0.313,7332.19
2026-02-23 14:36,PL-CARB-0.313-240-19,CARBONO,0.313,7577.63
2026-02-23 14:36,PL-CARB-0.313-240-19,CARBONO,0.313,8068.51
2026-02-23 14:36,PL-CARB-0.313-240-19,CARBONO,0.313,8068.51
2026-02-23 14:36,PL-CARB-0.313-240-19,CARBONO,0.313,9411.73
2026-02-23 14:36,PL-CARB-0.313-41-96,CARBONO,0.313,8643.71
2026-02-23 14:36,PL-CARB-0.313-41-96,CARBONO,0.313,8689.46
2026-02-23 14:36,PL-CARB-0.313-43-48,CARBONO,0.313,2889.89
2026-02-23 14:36,PL-CARB-0.313-43-48,CARBONO,0.313,2889.89
2026-02-23 14:36,PL-CARB-0.313-240-15,CARBONO,0.313,10367.42
2026-02-23 14:36,PL-CARB-0.313-40-48,CARBONO,0.313,3309.38
2026-02-23 14:36,PL-CARB-0.313-40-48,CARBONO,0.313,3309.38
2026-02-23 14:36,PL-CARB-0.313-40-48,CARBONO,0.313,3309.38
2026-02-23 14:36,PL-CARB-0.313-40-48,CARBONO,0.313,3309.38
2026-02-23 14:36,PL-CARB-0.25-240-19,CARBONO,0.25,11331.93
2026-02-23 14:36,PL-CARB-0.25-240-19,CARBONO,0.25,11331.93
2026-02-23 14:36,PL-CARB-0.25-52-96,CARBONO,0.25,12931.99
2026-02-23 14:36,PL-CARB-0.25-240-47,CARBONO,0.25,13829.47
2026-02-23 14:36,PL-CARB-0.25-240-47,CARBONO,0.25,16132.1
2026-02-23 14:36,PL-CARB-0.375-24-72,CARBONO,0.375,3636.27
2026-02-23 14:36,PL-CARB-0.313-240-19,CARBONO,0.313,7577.63
2026-02-23 14:36,PL-CARB-0.313-240-19,CARBONO,0.313,9420.88
2026-02-23 14:36,PL-CARB-0.313-43-48,CARBONO,0.313,2889.89
2026-02-23 14:36,PL-CARB-0.313-40-48,CARBONO,0.313,3309.38
2026-02-23 14:36,PL-CARB-0.313-40-48,CARBONO,0.313,3309.38
2026-02-23 14:36,PL-CARB-0.25-240-9,CARBONO,0.25,4291.99
2026-02-23 14:36,PL-CARB-0.25-191-96,CARBONO,0.25,20737.37
2026-02-23 14:36,PL-CARB-0.375-240-25,CARBONO,0.375,9396.27
2026-02-23 14:36,PL-CARB-0.375-20-72,CARBONO,0.375,1818.13
2026-02-23 14:36,PL-CARB-0.313-240-19,CARBONO,0.313,7332.19
2026-02-23 14:36,PL-CARB-0.313-240-19,CARBONO,0.313,8068.51
2026-02-23 14:36,PL-CARB-0.313-41-96,CARBONO,0.313,8662.01
2026-02-23 14:36,PL-CARB-0.313-43-48,CARBONO,0.313,2889.89
2026-02-23 14:36,PL-CARB-0.313-40-48,CARBONO,0.313,3309.38
2026-02-23 14:36,PL-CARB-0.313-40-48,CARBONO,0.313,3309.38
2026-02-23 14:36,PL-CARB-0.313-40-48,CARBONO,0.313,3309.38
2026-02-23 14:36,PL-CARB-0.25-240-19,CARBONO,0.25,11331.93
2026-02-23 14:36,PL-CARB-0.25-240-47,CARBONO,0.25,16132.1
2026-02-23 14:36,PL-CARB-0.375-240-25,CARBONO,0.375,9396.27
2026-02-23 14:36,PL-CARB-0.375-24-72,CARBONO,0.375,3636.27
2026-02-23 14:36,PL-CARB-0.313-240-19,CARBONO,0.313,7332.19
2026-02-23 14:36,PL-CARB-0.313-240-19,CARBONO,0.313,7823.07
2026-02-23 14:36,PL-CARB-0.313-240-19,CARBONO,0.313,7300.49
2026-02-23 14:36,PL-CARB-0.313-41-96,CARBONO,0.313,8671.16
2026-02-23 14:36,PL-CARB-0.313-43-48,CARBONO,0.313,2889.89
2026-02-23 14:36,PL-CARB-0.313-40-48,CARBONO,0.313,3309.38
2026-02-23 14:36,PL-CARB-0.313-40-48,CARBONO,0.313,3309.38
2026-02-23 14:36,PL-CARB-0.313-40-48,CARBONO,0.313,3309.38
2026-02-23 14:36,PL-CARB-0.313-40-48,CARBONO,0.313,3309.38
2026-02-23 14:36,PL-CARB-0.25-240-19,CARBONO,0.25,11331.93
2026-02-23 14:36,PL-CARB-0.25-240-21,CARBONO,0.25,8772.05
2026-02-23 14:36,PL-CARB-0.25-134-96,CARBONO,0.25,18434.74
2026-02-23 14:38,PL-CARB-0.375-24-72,CARBONO,0.375,3636.27
2026-02-23 14:38,PL-CARB-0.375-24-72,CARBONO,0.375,3636.27
2026-02-23 15:42,PL-CARB-0.375-240-25,CARBONO,0.375,9396.27
2026-02-23 15:42,PL-CARB-0.375-240-25,CARBONO,0.375,9396.27
2026-02-23 15:42,PL-CARB-0.375-240-25,CARBONO,0.375,9396.27
2026-02-23 15:42,PL-CARB-0.375-24-72,CARBONO,0.375,3636.27
2026-02-23 15:42,PL-CARB-0.313-240-19,CARBONO,0.313,7332.19
2026-02-23 15:42,PL-CARB-0.313-240-19,CARBONO,0.313,7332.19
2026-02-23 15:42,PL-CARB-0.313-240-19,CARBONO,0.313,7577.63
2026-02-23 15:42,PL-CARB-0.313-240-19,CARBONO,0.313,8068.51
2026-02-23 15:42,PL-CARB-0.313-240-19,CARBONO,0.313,8068.51
2026-02-23 15:42,PL-CARB-0.313-240-19,CARBONO,0.313,9411.73
2026-02-23 15:42,PL-CARB-0.313-41-96,CARBONO,0.313,8643.71
2026-02-23 15:42,PL-CARB-0.313-41-96,CARBONO,0.313,8689.46
2026-02-23 15:42,PL-CARB-0.313-43-48,CARBONO,0.313,2889.89
2026-02-23 15:42,PL-CARB-0.313-43-48,CARBONO,0.313,2889.89
2026-02-23 15:42,PL-CARB-0.313-240-15,CARBONO,0.313,10367.42
2026-02-23 15:42,PL-CARB-0.313-40-48,CARBONO,0.313,3309.38
2026-02-23 15:42,PL-CARB-0.313-40-48,CARBONO,0.313,3309.38
2026-02-23 15:42,PL-CARB-0.313-40-48,CARBONO,0.313,3309.38
2026-02-23 15:42,PL-CARB-0.313-40-48,CARBONO,0.313,3309.38
2026-02-23 15:42,PL-CARB-0.25-240-19,CARBONO,0.25,11331.93
2026-02-23 15:42,PL-CARB-0.25-240-19,CARBONO,0.25,11331.93
2026-02-23 15:42,PL-CARB-0.25-52-96,CARBONO,0.25,12931.99
2026-02-23 15:42,PL-CARB-0.25-240-47,CARBONO,0.25,13829.47
2026-02-23 15:42,PL-CARB-0.25-240-47,CARBONO,0.25,16132.1
2026-02-23 15:42,PL-CARB-0.375-24-72,CARBONO,0.375,3636.27
2026-02-23 15:42,PL-CARB-0.313-240-19,CARBONO,0.313,7577.63
2026-02-23 15:42,PL-CARB-0.313-240-19,CARBONO,0.313,9420.88
2026-02-23 15:42,PL-CARB-0.313-43-48,CARBONO,0.313,2889.89
2026-02-23 15:42,PL-CARB-0.313-40-48,CARBONO,0.313,3309.38
2026-02-23 15:42,PL-CARB-0.313-40-48,CARBONO,0.313,3309.38
2026-02-23 15:42,PL-CARB-0.25-240-9,CARBONO,0.25,4291.99
2026-02-23 15:42,PL-CARB-0.25-191-96,CARBONO,0.25,20737.37
2026-02-23 15:42,PL-CARB-0.375-240-25,CARBONO,0.375,9396.27
2026-02-23 15:42,PL-CARB-0.375-20-72,CARBONO,0.375,1818.13
2026-02-23 15:42,PL-CARB-0.313-240-19,CARBONO,0.313,7332.19
2026-02-23 15:42,PL-CARB-0.313-240-19,CARBONO,0.313,8068.51
2026-02-23 15:42,PL-CARB-0.313-41-96,CARBONO,0.313,8662.01
2026-02-23 15:42,PL-CARB-0.313-43-48,CARBONO,0.313,2889.89
2026-02-23 15:42,PL-CARB-0.313-40-48,CARBONO,0.313,3309.38
2026-02-23 15:42,PL-CARB-0.313-40-48,CARBONO,0.313,3309.38
2026-02-23 15:42,PL-CARB-0.313-40-48,CARBONO,0.313,3309.38
2026-02-23 15:42,PL-CARB-0.25-240-19,CARBONO,0.25,11331.93
2026-02-23 15:42,PL-CARB-0.25-240-47,CARBONO,0.25,16132.1
2026-02-23 15:42,PL-CARB-0.375-240-25,CARBONO,0.375,9396.27
2026-02-23 15:42,PL-CARB-0.375-24-72,CARBONO,0.375,3636.27
2026-02-23 15:42,PL-CARB-0.313-240-19,CARBONO,0.313,7332.19
2026-02-23 15:42,PL-CARB-0.313-240-19,CARBONO,0.313,7823.07
2026-02-23 15:42,PL-CARB-0.313-240-19,CARBONO,0.313,7300.49
2026-02-23 15:42,PL-CARB-0.313-41-96,CARBONO,0.313,8671.16
2026-02-23 15:42,PL-CARB-0.313-43-48,CARBONO,0.313,2889.89
2026-02-23 15:42,PL-CARB-0.313-40-48,CARBONO,0.313,3309.38
2026-02-23 15:42,PL-CARB-0.313-40-48,CARBONO,0.313,3309.38
2026-02-23 15:42,PL-CARB-0.313-40-48,CARBONO,0.313,3309.38
2026-02-23 15:42,PL-CARB-0.313-40-48,CARBONO,0.313,3309.38
2026-02-23 15:42,PL-CARB-0.25-240-19,CARBONO,0.25,11331.93
2026-02-23 15:42,PL-CARB-0.25-240-21,CARBONO,0.25,8772.05
2026-02-23 15:42,PL-CARB-0.25-134-96,CARBONO,0.25,18434.74
2026-02-23 15:44,PL-CARB-0.25-240-47,CARBONO,0.25,16132.1
2026-02-23 15:44,PL-CARB-0.25-109-72,CARBONO,0.25,11074.68
2026-02-23 15:44,PL-CARB-0.25-240-47,CARBONO,0.25,13829.47
2026-02-23 15:44,PL-CARB-0.25-163-72,CARBONO,0.25,13377.31
2026-02-23 15:48,PL-CARB-0.375-240-25,CARBONO,0.375,9396.27
2026-02-23 15:48,PL-CARB-0.375-240-25,CARBONO,0.375,9396.27
2026-02-23 15:48,PL-CARB-0.375-240-25,CARBONO,0.375,9396.27
2026-02-23 15:48,PL-CARB-0.375-24-72,CARBONO,0.375,3636.27
2026-02-23 15:48,PL-CARB-0.313-240-19,CARBONO,0.313,7332.19
2026-02-23 15:48,PL-CARB-0.313-240-19,CARBONO,0.313,7332.19
2026-02-23 15:48,PL-CARB-0.313-240-19,CARBONO,0.313,7577.63
2026-02-23 15:48,PL-CARB-0.313-240-19,CARBONO,0.313,8068.51
2026-02-23 15:48,PL-CARB-0.313-240-19,CARBONO,0.313,8068.51
2026-02-23 15:48,PL-CARB-0.313-240-19,CARBONO,0.313,9411.73
2026-02-23 15:48,PL-CARB-0.313-41-96,CARBONO,0.313,8643.71
2026-02-23 15:48,PL-CARB-0.313-41-96,CARBONO,0.313,8689.46
2026-02-23 15:48,PL-CARB-0.313-43-48,CARBONO,0.313,2889.89
2026-02-23 15:48,PL-CARB-0.313-43-48,CARBONO,0.313,2889.89
2026-02-23 15:48,PL-CARB-0.313-240-15,CARBONO,0.313,10367.42
2026-02-23 15:48,PL-CARB-0.313-40-48,CARBONO,0.313,3309.38
2026-02-23 15:48,PL-CARB-0.313-40-48,CARBONO,0.313,3309.38
2026-02-23 15:48,PL-CARB-0.313-40-48,CARBONO,0.313,3309.38
2026-02-23 15:48,PL-CARB-0.313-40-48,CARBONO,0.313,3309.38
2026-02-23 15:48,PL-CARB-0.25-240-19,CARBONO,0.25,11331.93
2026-02-23 15:48,PL-CARB-0.25-240-19,CARBONO,0.25,11331.93
2026-02-23 15:48,PL-CARB-0.25-52-96,CARBONO,0.25,12931.99
2026-02-23 15:48,PL-CARB-0.25-240-47,CARBONO,0.25,13829.47
2026-02-23 15:48,PL-CARB-0.25-240-47,CARBONO,0.25,16132.1
2026-02-23 15:48,PL-CARB-0.375-24-72,CARBONO,0.375,3636.27
2026-02-23 15:48,PL-CARB-0.313-240-19,CARBONO,0.313,7577.63
2026-02-23 15:48,PL-CARB-0.313-240-19,CARBONO,0.313,9420.88
2026-02-23 15:48,PL-CARB-0.313-43-48,CARBONO,0.313,2889.89
2026-02-23 15:48,PL-CARB-0.313-40-48,CARBONO,0.313,3309.38
2026-02-23 15:48,PL-CARB-0.313-40-48,CARBONO,0.313,3309.38
2026-02-23 15:48,PL-CARB-0.25-240-9,CARBONO,0.25,4291.99
2026-02-23 15:48,PL-CARB-0.25-191-96,CARBONO,0.25,20737.37
2026-02-23 15:48,PL-CARB-0.375-240-25,CARBONO,0.375,9396.27
2026-02-23 15:48,PL-CARB-0.375-20-72,CARBONO,0.375,1818.13
2026-02-23 15:48,PL-CARB-0.313-240-19,CARBONO,0.313,7332.19
2026-02-23 15:49,PL-CARB-0.313-240-19,CARBONO,0.313,8068.51
2026-02-23 15:49,PL-CARB-0.313-41-96,CARBONO,0.313,8662.01
2026-02-23 15:49,PL-CARB-0.313-43-48,CARBONO,0.313,2889.89
2026-02-23 15:49,PL-CARB-0.313-40-48,CARBONO,0.313,3309.38
2026-02-23 15:49,PL-CARB-0.313-40-48,CARBONO,0.313,3309.38
2026-02-23 15:49,PL-CARB-0.313-40-48,CARBONO,0.313,3309.38
2026-02-23 15:49,PL-CARB-0.25-240-19,CARBONO,0.25,11331.93
2026-02-23 15:49,PL-CARB-0.25-240-47,CARBONO,0.25,16132.1
2026-02-23 15:49,PL-CARB-0.375-240-25,CARBONO,0.375,9396.27
2026-02-23 15:49,PL-CARB-0.375-24-72,CARBONO,0.375,3636.27
2026-02-23 15:49,PL-CARB-0.313-240-19,CARBONO,0.313,7332.19
2026-02-23 15:49,PL-CARB-0.313-240-19,CARBONO,0.313,7823.07
2026-02-23 15:49,PL-CARB-0.313-240-19,CARBONO,0.313,7300.49
2026-02-23 15:49,PL-CARB-0.313-41-96,CARBONO,0.313,8671.16
2026-02-23 15:49,PL-CARB-0.313-43-48,CARBONO,0.313,2889.89
2026-02-23 15:49,PL-CARB-0.313-40-48,CARBONO,0.313,3309.38
2026-02-23 15:49,PL-CARB-0.313-40-48,CARBONO,0.313,3309.38
2026-02-23 15:49,PL-CARB-0.313-40-48,CARBONO,0.313,3309.38
2026-02-23 15:49,PL-CARB-0.313-40-48,CARBONO,0.313,3309.38
2026-02-23 15:49,PL-CARB-0.25-240-19,CARBONO,0.25,11331.93
2026-02-23 15:49,PL-CARB-0.25-240-21,CARBONO,0.25,8772.05
2026-02-23 15:49,PL-CARB-0.25-134-96,CARBONO,0.25,18434.74
2026-02-23 15:52,PL-CARB-0.375-240-1,CARBONO,0.375,9396.27
2026-02-23 15:52,PL-CARB-0.375-240-1,CARBONO,0.375,9396.27
2026-02-23 15:52,PL-CARB-0.375-240-1,CARBONO,0.375,9396.27
2026-02-23 15:52,PL-CARB-0.375-240-1,CARBONO,0.375,9396.27
2026-02-23 15:52,PL-CARB-0.313-240-1,CARBONO,0.313,7332.19
2026-02-23 15:52,PL-CARB-0.313-240-1,CARBONO,0.313,7332.19
2026-02-23 15:52,PL-CARB-0.313-240-1,CARBONO,0.313,7577.63
2026-02-23 15:53,PL-CARB-0.313-240-1,CARBONO,0.313,8068.51
2026-02-23 15:53,PL-CARB-0.313-240-1,CARBONO,0.313,8068.51
2026-02-23 15:53,PL-CARB-0.313-240-1,CARBONO,0.313,9411.73
2026-02-23 15:53,PL-CARB-0.313-240-1,CARBONO,0.313,8643.71
2026-02-23 15:53,PL-CARB-0.313-240-1,CARBONO,0.313,8689.46
2026-02-23 15:53,PL-CARB-0.313-120-1,CARBONO,0.313,2889.89
2026-02-23 15:53,PL-CARB-0.313-120-1,CARBONO,0.313,2889.89
2026-02-23 15:53,PL-CARB-0.313-240-1,CARBONO,0.313,10367.42
2026-02-23 15:53,PL-CARB-0.313-120-1,CARBONO,0.313,3309.38
2026-02-23 15:53,PL-CARB-0.313-120-1,CARBONO,0.313,3309.38
2026-02-23 15:53,PL-CARB-0.313-120-1,CARBONO,0.313,3309.38
2026-02-23 15:53,PL-CARB-0.313-120-1,CARBONO,0.313,3309.38
2026-02-23 15:53,PL-CARB-0.25-240-1,CARBONO,0.25,11331.93
2026-02-23 15:53,PL-CARB-0.25-240-1,CARBONO,0.25,11331.93
2026-02-23 15:53,PL-CARB-0.25-240-1,CARBONO,0.25,12931.99
2026-02-23 15:53,PL-CARB-0.25-240-1,CARBONO,0.25,13829.47
2026-02-23 15:53,PL-CARB-0.25-240-1,CARBONO,0.25,16132.1
2026-02-23 15:53,PL-CARB-0.375-240-1,CARBONO,0.375,9396.27
2026-02-23 15:53,PL-CARB-0.313-240-1,CARBONO,0.313,7577.63
2026-02-23 15:53,PL-CARB-0.313-240-1,CARBONO,0.313,9420.88
2026-02-23 15:53,PL-CARB-0.313-120-1,CARBONO,0.313,2889.89
2026-02-23 15:53,PL-CARB-0.313-120-1,CARBONO,0.313,3309.38
2026-02-23 15:53,PL-CARB-0.313-120-1,CARBONO,0.313,3309.38
2026-02-23 15:53,PL-CARB-0.25-240-1,CARBONO,0.25,4291.99
2026-02-23 15:53,PL-CARB-0.25-240-1,CARBONO,0.25,20737.37
2026-02-23 15:53,PL-CARB-0.375-240-1,CARBONO,0.375,9396.27
2026-02-23 15:53,PL-CARB-0.375-240-1,CARBONO,0.375,16218.13
2026-02-23 15:53,PL-CARB-0.313-240-1,CARBONO,0.313,7332.19
2026-02-23 15:53,PL-CARB-0.313-240-1,CARBONO,0.313,8068.51
2026-02-23 15:53,PL-CARB-0.313-240-1,CARBONO,0.313,8662.01
2026-02-23 15:53,PL-CARB-0.313-120-1,CARBONO,0.313,2889.89
2026-02-23 15:53,PL-CARB-0.313-120-1,CARBONO,0.313,3309.38
2026-02-23 15:53,PL-CARB-0.313-120-1,CARBONO,0.313,3309.38
2026-02-23 15:53,PL-CARB-0.313-120-1,CARBONO,0.313,3309.38
2026-02-23 15:53,PL-CARB-0.25-240-1,CARBONO,0.25,11331.93
2026-02-23 15:53,PL-CARB-0.25-240-1,CARBONO,0.25,16132.1
2026-02-23 15:53,PL-CARB-0.375-240-1,CARBONO,0.375,9396.27
2026-02-23 15:53,PL-CARB-0.375-240-1,CARBONO,0.375,9396.27
2026-02-23 15:53,PL-CARB-0.313-240-1,CARBONO,0.313,7332.19
2026-02-23 15:53,PL-CARB-0.313-240-1,CARBONO,0.313,7823.07
2026-02-23 15:53,PL-CARB-0.313-240-1,CARBONO,0.313,7300.49
2026-02-23 15:53,PL-CARB-0.313-240-1,CARBONO,0.313,8671.16
2026-02-23 15:53,PL-CARB-0.313-120-1,CARBONO,0.313,2889.89
2026-02-23 15:53,PL-CARB-0.313-120-1,CARBONO,0.313,3309.38
2026-02-23 15:53,PL-CARB-0.313-120-1,CARBONO,0.313,3309.38
2026-02-23 15:53,PL-CARB-0.313-120-1,CARBONO,0.313,3309.38
2026-02-23 15:53,PL-CARB-0.313-120-1,CARBONO,0.313,3309.38
2026-02-23 15:53,PL-CARB-0.25-240-1,CARBONO,0.25,11331.93
2026-02-23 15:53,PL-CARB-0.25-240-1,CARBONO,0.25,8772.05
2026-02-23 15:53,PL-CARB-0.25-240-1,CARBONO,0.25,18434.74
2026-02-23 15:53,PL-CARB-0.375-240-0,CARBONO,0.375,9396.27
2026-02-23 15:53,PL-CARB-0.375-240-0,CARBONO,0.375,9396.27
2026-02-23 15:53,PL-CARB-0.375-240-0,CARBONO,0.375,9396.27
2026-02-23 15:53,PL-CARB-0.375-240-0,CARBONO,0.375,3636.27
2026-02-23 15:54,PL-CARB-0.313-240-0,CARBONO,0.313,7332.19
2026-02-23 15:54,PL-CARB-0.313-240-0,CARBONO,0.313,7332.19
2026-02-23 15:54,PL-CARB-0.313-240-0,CARBONO,0.313,7577.63
2026-02-23 15:54,PL-CARB-0.375-240-0,CARBONO,0.375,9396.27
2026-02-23 15:54,PL-CARB-0.313-240-0,CARBONO,0.313,8068.51
2026-02-23 15:54,PL-CARB-0.313-240-0,CARBONO,0.313,8068.51
2026-02-23 15:54,PL-CARB-0.313-240-0,CARBONO,0.313,9411.73
2026-02-23 15:54,PL-CARB-0.375-240-0,CARBONO,0.375,9396.27
2026-02-23 15:54,PL-CARB-0.313-240-0,CARBONO,0.313,8643.71
2026-02-23 15:54,PL-CARB-0.313-240-0,CARBONO,0.313,8689.46
2026-02-23 15:54,PL-CARB-0.313-120-0,CARBONO,0.313,2889.89
2026-02-23 15:54,PL-CARB-0.313-120-0,CARBONO,0.313,2889.89
2026-02-23 15:54,PL-CARB-0.313-240-0,CARBONO,0.313,10367.42
2026-02-23 15:54,PL-CARB-0.313-120-0,CARBONO,0.313,3309.38
2026-02-23 15:54,PL-CARB-0.313-120-0,CARBONO,0.313,3309.38
2026-02-23 15:54,PL-CARB-0.313-120-0,CARBONO,0.313,3309.38
2026-02-23 15:54,PL-CARB-0.313-120-0,CARBONO,0.313,3309.38
2026-02-23 15:54,PL-CARB-0.25-240-0,CARBONO,0.25,11331.93
2026-02-23 15:54,PL-CARB-0.25-240-0,CARBONO,0.25,11331.93
2026-02-23 15:54,PL-CARB-0.25-240-0,CARBONO,0.25,12931.99
2026-02-23 15:54,PL-CARB-0.25-240-0,CARBONO,0.25,13829.47
2026-02-23 15:54,PL-CARB-0.25-240-0,CARBONO,0.25,16132.1
2026-02-23 15:54,PL-CARB-0.375-240-0,CARBONO,0.375,3636.27
2026-02-23 15:54,PL-CARB-0.375-240-0,CARBONO,0.375,9396.27
2026-02-23 15:54,PL-CARB-0.313-240-0,CARBONO,0.313,7577.63
2026-02-23 15:54,PL-CARB-0.313-240-0,CARBONO,0.313,9420.88
2026-02-23 15:54,PL-CARB-0.313-120-0,CARBONO,0.313,2889.89
2026-02-23 15:54,PL-CARB-0.313-120-0,CARBONO,0.313,3309.38
2026-02-23 15:54,PL-CARB-0.313-120-0,CARBONO,0.313,3309.38
2026-02-23 15:54,PL-CARB-0.25-240-0,CARBONO,0.25,4291.99
2026-02-23 15:54,PL-CARB-0.25-240-0,CARBONO,0.25,20737.37
2026-02-23 15:54,PL-CARB-0.375-240-0,CARBONO,0.375,9396.27
2026-02-23 15:54,PL-CARB-0.375-120-0,CARBONO,0.375,1818.13
2026-02-23 15:54,PL-CARB-0.313-240-0,CARBONO,0.313,7332.19
2026-02-23 15:54,PL-CARB-0.375-240-0,CARBONO,0.375,9396.27
2026-02-23 15:54,PL-CARB-0.313-240-0,CARBONO,0.313,8068.51
2026-02-23 15:54,PL-CARB-0.313-240-0,CARBONO,0.313,8662.01
2026-02-23 15:54,PL-CARB-0.313-120-0,CARBONO,0.313,2889.89
2026-02-23 15:54,PL-CARB-0.313-120-0,CARBONO,0.313,3309.38
2026-02-23 15:54,PL-CARB-0.313-120-0,CARBONO,0.313,3309.38
2026-02-23 15:54,PL-CARB-0.313-120-0,CARBONO,0.313,3309.38
2026-02-23 15:54,PL-CARB-0.25-240-0,CARBONO,0.25,11331.93
2026-02-23 15:54,PL-CARB-0.25-240-0,CARBONO,0.25,16132.1
2026-02-23 15:54,PL-CARB-0.375-240-0,CARBONO,0.375,9396.27
2026-02-23 15:54,PL-CARB-0.375-240-0,CARBONO,0.375,3636.27
2026-02-23 15:54,PL-CARB-0.313-240-0,CARBONO,0.313,7332.19
2026-02-23 15:54,PL-CARB-0.313-240-0,CARBONO,0.313,7823.07
2026-02-23 16:03,PL-CARB-0.375-240-25,CARBONO,0.375,9396.27
2026-02-23 16:03,PL-CARB-0.375-240-25,CARBONO,0.375,9396.27
2026-02-23 16:03,PL-CARB-0.375-240-25,CARBONO,0.375,9396.27
2026-02-23 16:03,PL-CARB-0.375-28-72,CARBONO,0.375,3636.27
2026-02-23 16:03,PL-CARB-0.313-240-19,CARBONO,0.313,7332.19
2026-02-23 16:03,PL-CARB-0.313-240-19,CARBONO,0.313,7332.19
2026-02-23 16:03,PL-CARB-0.313-240-19,CARBONO,0.313,7577.63
2026-02-23 16:04,PL-CARB-0.313-240-19,CARBONO,0.313,8068.51
2026-02-23 16:04,PL-CARB-0.313-240-19,CARBONO,0.313,8068.51
2026-02-23 16:04,PL-CARB-0.313-240-19,CARBONO,0.313,9411.73
2026-02-23 16:04,PL-CARB-0.313-240-17,CARBONO,0.313,5773.6
2026-02-23 16:04,PL-CARB-0.313-240-17,CARBONO,0.313,5819.36
2026-02-23 16:04,PL-CARB-0.313-240-16,CARBONO,0.313,10367.42
2026-02-23 16:04,PL-CARB-0.313-40-48,CARBONO,0.313,3309.38
2026-02-23 16:04,PL-CARB-0.313-40-48,CARBONO,0.313,3309.38
2026-02-23 16:04,PL-CARB-0.313-40-48,CARBONO,0.313,3309.38
2026-02-23 16:04,PL-CARB-0.313-40-48,CARBONO,0.313,3309.38
2026-02-23 16:04,PL-CARB-0.25-240-19,CARBONO,0.25,11331.93
2026-02-23 16:04,PL-CARB-0.25-240-19,CARBONO,0.25,11331.93
2026-02-23 16:04,PL-CARB-0.25-240-19,CARBONO,0.25,10629.36
2026-02-23 16:04,PL-CARB-0.25-240-23,CARBONO,0.25,8069.47
2026-02-23 16:04,PL-CARB-0.25-136-96,CARBONO,0.25,18434.74
2026-02-23 16:04,PL-CARB-0.375-28-72,CARBONO,0.375,3636.27
2026-02-23 16:04,PL-CARB-0.313-240-19,CARBONO,0.313,7577.63
2026-02-23 16:04,PL-CARB-0.313-240-19,CARBONO,0.313,9420.88
2026-02-23 16:04,PL-CARB-0.313-43-48,CARBONO,0.313,2889.89
2026-02-23 16:04,PL-CARB-0.313-40-48,CARBONO,0.313,3309.38
2026-02-23 16:04,PL-CARB-0.313-40-48,CARBONO,0.313,3309.38
2026-02-23 16:04,PL-CARB-0.25-240-9,CARBONO,0.25,4291.99
2026-02-23 16:04,PL-CARB-0.25-191-96,CARBONO,0.25,20737.37
2026-02-23 16:04,PL-CARB-0.375-240-25,CARBONO,0.375,9396.27
2026-02-23 16:04,PL-CARB-0.375-20-72,CARBONO,0.375,1818.13
2026-02-23 16:04,PL-CARB-0.313-240-19,CARBONO,0.313,7332.19
2026-02-23 16:04,PL-CARB-0.313-240-19,CARBONO,0.313,8068.51
2026-02-23 16:04,PL-CARB-0.313-240-17,CARBONO,0.313,5791.9
2026-02-23 16:04,PL-CARB-0.313-40-48,CARBONO,0.313,3309.38
2026-02-23 16:04,PL-CARB-0.313-40-48,CARBONO,0.313,3309.38
2026-02-23 16:04,PL-CARB-0.313-40-48,CARBONO,0.313,3309.38
2026-02-23 16:04,PL-CARB-0.25-240-19,CARBONO,0.25,11331.93
2026-02-23 16:04,PL-CARB-0.25-240-47,CARBONO,0.25,16132.1
2026-02-23 16:04,PL-CARB-0.375-240-25,CARBONO,0.375,9396.27
2026-02-23 16:04,PL-CARB-0.375-28-72,CARBONO,0.375,3636.27
2026-02-23 16:04,PL-CARB-0.313-240-19,CARBONO,0.313,7332.19
2026-02-23 16:04,PL-CARB-0.313-240-19,CARBONO,0.313,7823.07
2026-02-23 16:04,PL-CARB-0.313-240-19,CARBONO,0.313,7300.49
2026-02-23 16:04,PL-CARB-0.313-240-17,CARBONO,0.313,5801.06
2026-02-23 16:04,PL-CARB-0.313-40-48,CARBONO,0.313,3309.38
2026-02-23 16:04,PL-CARB-0.313-40-48,CARBONO,0.313,3309.38
2026-02-23 16:04,PL-CARB-0.313-40-48,CARBONO,0.313,3309.38
2026-02-23 16:04,PL-CARB-0.313-40-48,CARBONO,0.313,3309.38
2026-02-23 16:04,PL-CARB-0.25-240-19,CARBONO,0.25,11331.93
2026-02-23 16:04,PL-CARB-0.25-240-21,CARBONO,0.25,6469.41
2026-02-23 16:04,PL-CARB-0.25-191-96,CARBONO,0.25,20737.37
2026-02-23 16:05,PL-CARB-0.375-240-25,CARBONO,0.375,9396.27
2026-02-23 16:05,PL-CARB-0.375-240-25,CARBONO,0.375,9396.27
2026-02-23 16:05,PL-CARB-0.375-240-25,CARBONO,0.375,9396.27
2026-02-23 16:19,PL-CARB-0.375-240-25,CARBONO,0.375,9396.27
2026-02-23 16:19,PL-CARB-0.375-240-25,CARBONO,0.375,9396.27
2026-02-23 16:19,PL-CARB-0.375-240-25,CARBONO,0.375,9396.27
2026-02-23 16:19,PL-CARB-0.375-28-72,CARBONO,0.375,3636.27
2026-02-23 16:19,PL-CARB-0.313-240-19,CARBONO,0.313,7332.19
2026-02-23 16:19,PL-CARB-0.313-240-19,CARBONO,0.313,7332.19
2026-02-23 16:19,PL-CARB-0.313-240-19,CARBONO,0.313,7577.63
2026-02-23 16:19,PL-CARB-0.313-240-19,CARBONO,0.313,8068.51
2026-02-23 16:19,PL-CARB-0.313-240-19,CARBONO,0.313,8068.51
2026-02-23 16:19,PL-CARB-0.313-240-19,CARBONO,0.313,9411.73
2026-02-23 16:19,PL-CARB-0.313-240-17,CARBONO,0.313,5773.6
2026-02-23 16:19,PL-CARB-0.313-240-17,CARBONO,0.313,5819.36
2026-02-23 16:19,PL-CARB-0.313-240-16,CARBONO,0.313,10367.42
2026-02-23 16:19,PL-CARB-0.313-40-48,CARBONO,0.313,3309.38
2026-02-23 16:19,PL-CARB-0.313-40-48,CARBONO,0.313,3309.38
2026-02-23 16:19,PL-CARB-0.313-40-48,CARBONO,0.313,3309.38
2026-02-23 16:19,PL-CARB-0.313-40-48,CARBONO,0.313,3309.38
2026-02-23 16:19,PL-CARB-0.25-240-19,CARBONO,0.25,11331.93
2026-02-23 16:19,PL-CARB-0.25-240-19,CARBONO,0.25,11331.93
2026-02-23 16:19,PL-CARB-0.25-240-19,CARBONO,0.25,10629.36
2026-02-23 16:19,PL-CARB-0.25-240-23,CARBONO,0.25,8069.47
2026-02-23 16:19,PL-CARB-0.25-136-96,CARBONO,0.25,18434.74
2026-02-23 16:19,PL-CARB-0.375-28-72,CARBONO,0.375,3636.27
2026-02-23 16:19,PL-CARB-0.313-240-19,CARBONO,0.313,7577.63
2026-02-23 16:19,PL-CARB-0.313-240-19,CARBONO,0.313,9420.88
2026-02-23 16:19,PL-CARB-0.313-43-48,CARBONO,0.313,2889.89
2026-02-23 16:19,PL-CARB-0.313-40-48,CARBONO,0.313,3309.38
2026-02-23 16:19,PL-CARB-0.313-40-48,CARBONO,0.313,3309.38
2026-02-23 16:19,PL-CARB-0.25-240-9,CARBONO,0.25,4291.99
2026-02-23 16:19,PL-CARB-0.25-191-96,CARBONO,0.25,20737.37
2026-02-23 16:19,PL-CARB-0.375-240-25,CARBONO,0.375,9396.27
2026-02-23 16:19,PL-CARB-0.375-20-72,CARBONO,0.375,1818.13
2026-02-23 16:19,PL-CARB-0.313-240-19,CARBONO,0.313,7332.19
2026-02-23 16:20,PL-CARB-0.313-240-19,CARBONO,0.313,8068.51
2026-02-23 16:20,PL-CARB-0.313-240-17,CARBONO,0.313,5791.9
2026-02-23 16:20,PL-CARB-0.313-40-48,CARBONO,0.313,3309.38
2026-02-23 16:20,PL-CARB-0.313-40-48,CARBONO,0.313,3309.38
2026-02-23 16:20,PL-CARB-0.313-40-48,CARBONO,0.313,3309.38
2026-02-23 16:20,PL-CARB-0.25-240-19,CARBONO,0.25,11331.93
2026-02-23 16:20,PL-CARB-0.25-240-47,CARBONO,0.25,16132.1
2026-02-23 16:20,PL-CARB-0.375-240-25,CARBONO,0.375,9396.27
2026-02-23 16:20,PL-CARB-0.375-28-72,CARBONO,0.375,3636.27
2026-02-23 16:20,PL-CARB-0.313-240-19,CARBONO,0.313,7332.19
2026-02-23 16:20,PL-CARB-0.313-240-19,CARBONO,0.313,7823.07
2026-02-23 16:20,PL-CARB-0.313-240-19,CARBONO,0.313,7300.49
2026-02-23 16:20,PL-CARB-0.313-240-17,CARBONO,0.313,5801.06
2026-02-23 16:20,PL-CARB-0.313-40-48,CARBONO,0.313,3309.38
2026-02-23 16:20,PL-CARB-0.313-40-48,CARBONO,0.313,3309.38
2026-02-23 16:20,PL-CARB-0.313-40-48,CARBONO,0.313,3309.38
2026-02-23 16:20,PL-CARB-0.313-40-48,CARBONO,0.313,3309.38
2026-02-23 16:20,PL-CARB-0.25-240-19,CARBONO,0.25,11331.93
2026-02-23 16:20,PL-CARB-0.25-240-21,CARBONO,0.25,6469.41
2026-02-23 16:20,PL-CARB-0.25-191-96,CARBONO,0.25,20737.37
2026-02-23 16:20,PL-CARB-0.375-240-25,CARBONO,0.375,9396.27
2026-02-23 16:21,PL-CARB-0.375-240-25,CARBONO,0.375,9396.27
2026-02-23 16:21,PL-CARB-0.375-240-25,CARBONO,0.375,9396.27
2026-02-23 16:21,PL-CARB-0.375-240-25,CARBONO,0.375,9396.27
2026-02-23 16:28,PL-CARB-0.375-240-25,CARBONO,0.375,9396.27
2026-02-23 16:28,PL-CARB-0.375-240-25,CARBONO,0.375,9396.27
2026-02-23 16:28,PL-CARB-0.375-240-25,CARBONO,0.375,9396.27
2026-02-23 16:28,PL-CARB-0.375-31-72,CARBONO,0.375,3636.27
2026-02-23 16:28,PL-CARB-0.313-240-19,CARBONO,0.313,7332.19
2026-02-23 16:28,PL-CARB-0.313-240-19,CARBONO,0.313,7332.19
2026-02-23 16:28,PL-CARB-0.313-240-19,CARBONO,0.313,7577.63
2026-02-23 16:28,PL-CARB-0.313-240-19,CARBONO,0.313,8068.51
2026-02-23 16:29,PL-CARB-0.313-240-19,CARBONO,0.313,8068.51
2026-02-23 16:29,PL-CARB-0.313-240-19,CARBONO,0.313,6532.47
2026-02-23 16:29,PL-CARB-0.313-240-18,CARBONO,0.313,5782.75
2026-02-23 16:29,PL-CARB-0.313-240-18,CARBONO,0.313,5819.36
2026-02-23 16:29,PL-CARB-0.313-240-16,CARBONO,0.313,10786.91
2026-02-23 16:29,PL-CARB-0.313-40-48,CARBONO,0.313,3309.38
2026-02-23 16:29,PL-CARB-0.313-40-48,CARBONO,0.313,3309.38
2026-02-23 16:29,PL-CARB-0.313-40-48,CARBONO,0.313,3309.38
2026-02-23 16:29,PL-CARB-0.25-53-96,CARBONO,0.25,11331.93
2026-02-23 16:29,PL-CARB-0.25-53-96,CARBONO,0.25,11331.93
2026-02-23 16:29,PL-CARB-0.25-240-19,CARBONO,0.25,10629.36
2026-02-23 16:29,PL-CARB-0.25-240-23,CARBONO,0.25,8069.47
2026-02-23 16:29,PL-CARB-0.25-137-96,CARBONO,0.25,18434.74
2026-02-23 16:29,PL-CARB-0.375-31-72,CARBONO,0.375,3636.27
2026-02-23 16:29,PL-CARB-0.313-240-19,CARBONO,0.313,7577.63
2026-02-23 16:29,PL-CARB-0.313-240-19,CARBONO,0.313,6550.77
2026-02-23 16:29,PL-CARB-0.313-40-48,CARBONO,0.313,3309.38
2026-02-23 16:29,PL-CARB-0.313-40-48,CARBONO,0.313,3309.38
2026-02-23 16:29,PL-CARB-0.25-240-9,CARBONO,0.25,4291.99
2026-02-23 16:29,PL-CARB-0.25-191-96,CARBONO,0.25,20737.37
2026-02-23 16:29,PL-CARB-0.375-240-25,CARBONO,0.375,9396.27
2026-02-23 16:29,PL-CARB-0.375-20-72,CARBONO,0.375,1818.13
2026-02-23 16:29,PL-CARB-0.313-240-19,CARBONO,0.313,7332.19
2026-02-23 16:29,PL-CARB-0.313-240-19,CARBONO,0.313,8068.51
2026-02-23 16:29,PL-CARB-0.313-240-18,CARBONO,0.313,5791.9
2026-02-23 16:29,PL-CARB-0.313-40-48,CARBONO,0.313,3309.38
2026-02-23 16:29,PL-CARB-0.313-40-48,CARBONO,0.313,3309.38
2026-02-23 16:29,PL-CARB-0.313-40-48,CARBONO,0.313,3309.38
2026-02-23 16:29,PL-CARB-0.25-53-96,CARBONO,0.25,11331.93
2026-02-23 16:29,PL-CARB-0.25-240-47,CARBONO,0.25,16132.1
2026-02-23 16:29,PL-CARB-0.375-240-25,CARBONO,0.375,9396.27
2026-02-23 16:29,PL-CARB-0.375-31-72,CARBONO,0.375,3636.27
2026-02-23 16:29,PL-CARB-0.313-240-19,CARBONO,0.313,7332.19
2026-02-23 16:29,PL-CARB-0.313-240-19,CARBONO,0.313,7823.07
2026-02-23 16:29,PL-CARB-0.313-240-19,CARBONO,0.313,7300.49
2026-02-23 16:29,PL-CARB-0.313-240-18,CARBONO,0.313,5801.06
2026-02-23 16:29,PL-CARB-0.313-40-48,CARBONO,0.313,3309.38
2026-02-23 16:29,PL-CARB-0.313-40-48,CARBONO,0.313,3309.38
2026-02-23 16:29,PL-CARB-0.313-40-48,CARBONO,0.313,3309.38
2026-02-23 16:29,PL-CARB-0.313-40-48,CARBONO,0.313,3309.38
2026-02-23 16:29,PL-CARB-0.25-53-96,CARBONO,0.25,11331.93
2026-02-23 16:29,PL-CARB-0.25-240-21,CARBONO,0.25,6469.41
2026-02-23 16:29,PL-CARB-0.25-191-96,CARBONO,0.25,20737.37
2026-02-23 16:29,PL-CARB-0.375-240-25,CARBONO,0.375,9396.27
2026-02-23 16:30,PL-CARB-0.375-240-25,CARBONO,0.375,9396.27
2026-02-23 16:36,PL-CARB-0.375-240-25,CARBONO,0.375,9396.27
2026-02-23 16:38,PL-CARB-0.375-240-25,CARBONO,0.375,9396.27
2026-02-23 16:38,PL-CARB-0.375-240-25,CARBONO,0.375,9396.27
2026-02-23 16:38,PL-CARB-0.375-41-72,CARBONO,0.375,3636.27
2026-02-23 16:46,PL-CARB-0.375-240-25,CARBONO,0.375,9396.27
2026-02-23 16:46,PL-CARB-0.375-240-25,CARBONO,0.375,9396.27
2026-02-23 16:46,PL-CARB-0.375-240-25,CARBONO,0.375,9396.27
2026-02-23 16:46,PL-CARB-0.375-24-72,CARBONO,0.375,3636.27
2026-02-23 16:46,PL-CARB-0.313-240-19,CARBONO,0.313,7332.19
2026-02-23 16:47,PL-CARB-0.313-240-19,CARBONO,0.313,7332.19
2026-02-23 16:47,PL-CARB-0.313-240-19,CARBONO,0.313,7577.63
2026-02-23 16:47,PL-CARB-0.313-240-19,CARBONO,0.313,8068.51
2026-02-23 16:47,PL-CARB-0.313-240-19,CARBONO,0.313,8068.51
2026-02-23 16:47,PL-CARB-0.313-240-19,CARBONO,0.313,9411.73
2026-02-23 16:47,PL-CARB-0.313-41-96,CARBONO,0.313,8643.71
2026-02-23 16:47,PL-CARB-0.313-41-96,CARBONO,0.313,8689.46
2026-02-23 16:47,PL-CARB-0.313-43-48,CARBONO,0.313,2889.89
2026-02-23 16:47,PL-CARB-0.313-43-48,CARBONO,0.313,2889.89
2026-02-23 16:47,PL-CARB-0.313-240-15,CARBONO,0.313,10367.42
2026-02-23 16:47,PL-CARB-0.313-40-48,CARBONO,0.313,3309.38
2026-02-23 16:47,PL-CARB-0.313-40-48,CARBONO,0.313,3309.38
2026-02-23 16:47,PL-CARB-0.313-40-48,CARBONO,0.313,3309.38
2026-02-23 16:47,PL-CARB-0.313-40-48,CARBONO,0.313,3309.38
2026-02-23 16:47,PL-CARB-0.25-240-19,CARBONO,0.25,11331.93
2026-02-23 16:47,PL-CARB-0.25-240-19,CARBONO,0.25,11331.93
2026-02-23 16:47,PL-CARB-0.25-52-96,CARBONO,0.25,12931.99
2026-02-23 16:47,PL-CARB-0.25-240-47,CARBONO,0.25,13829.47
2026-02-23 16:47,PL-CARB-0.25-240-47,CARBONO,0.25,16132.1
2026-02-23 16:47,PL-CARB-0.375-24-72,CARBONO,0.375,3636.27
2026-02-23 16:47,PL-CARB-0.313-240-19,CARBONO,0.313,7577.63
2026-02-23 16:47,PL-CARB-0.313-240-19,CARBONO,0.313,9420.88
2026-02-23 16:47,PL-CARB-0.313-43-48,CARBONO,0.313,2889.89
2026-02-23 16:47,PL-CARB-0.313-40-48,CARBONO,0.313,3309.38
2026-02-23 16:47,PL-CARB-0.313-40-48,CARBONO,0.313,3309.38
2026-02-23 16:47,PL-CARB-0.25-240-9,CARBONO,0.25,4291.99
2026-02-23 16:47,PL-CARB-0.25-191-96,CARBONO,0.25,20737.37
2026-02-23 16:47,PL-CARB-0.375-240-25,CARBONO,0.375,9396.27
2026-02-23 16:47,PL-CARB-0.375-20-72,CARBONO,0.375,1818.13
2026-02-23 16:47,PL-CARB-0.313-240-19,CARBONO,0.313,7332.19
2026-02-23 16:47,PL-CARB-0.313-240-19,CARBONO,0.313,8068.51
2026-02-23 16:47,PL-CARB-0.313-41-96,CARBONO,0.313,8662.01
2026-02-23 16:47,PL-CARB-0.313-43-48,CARBONO,0.313,2889.89
2026-02-23 16:47,PL-CARB-0.313-40-48,CARBONO,0.313,3309.38
2026-02-23 16:47,PL-CARB-0.313-40-48,CARBONO,0.313,3309.38
2026-02-23 16:47,PL-CARB-0.313-40-48,CARBONO,0.313,3309.38
2026-02-23 16:47,PL-CARB-0.25-240-19,CARBONO,0.25,11331.93
2026-02-23 16:47,PL-CARB-0.25-240-47,CARBONO,0.25,16132.1
2026-02-23 16:47,PL-CARB-0.375-240-25,CARBONO,0.375,9396.27
2026-02-23 16:47,PL-CARB-0.375-24-72,CARBONO,0.375,3636.27
2026-02-23 16:47,PL-CARB-0.313-240-19,CARBONO,0.313,7332.19
2026-02-23 16:47,PL-CARB-0.313-240-19,CARBONO,0.313,7823.07
2026-02-23 16:47,PL-CARB-0.313-240-19,CARBONO,0.313,7300.49
2026-02-23 16:47,PL-CARB-0.313-41-96,CARBONO,0.313,8671.16
2026-02-23 16:47,PL-CARB-0.313-43-48,CARBONO,0.313,2889.89
2026-02-23 16:47,PL-CARB-0.313-40-48,CARBONO,0.313,3309.38
2026-02-23 16:47,PL-CARB-0.313-40-48,CARBONO,0.313,3309.38
2026-02-23 16:47,PL-CARB-0.313-40-48,CARBONO,0.313,3309.38
2026-02-23 16:47,PL-CARB-0.313-40-48,CARBONO,0.313,3309.38
2026-02-23 16:47,PL-CARB-0.25-240-19,CARBONO,0.25,11331.93
2026-02-23 16:47,PL-CARB-0.25-240-21,CARBONO,0.25,8772.05
2026-02-23 16:47,PL-CARB-0.25-134-96,CARBONO,0.25,18434.74
2026-02-23 16:50,PL-CARB-0.375-24-72,CARBONO,0.375,3636.27
2026-02-23 16:50,PL-CARB-0.375-24-72,CARBONO,0.375,3636.27
2026-02-23 16:51,PL-CARB-0.375-24-72,CARBONO,0.375,3636.27
2026-02-23 16:51,PL-CARB-0.313-240-19,CARBONO,0.313,7300.49
2026-02-23 16:54,PL-CARB-0.25-134-96,CARBONO,0.25,18434.74
2026-02-23 16:54,PL-CARB-0.25-134-96,CARBONO,0.25,18434.74
2026-02-23 17:02,PL-CARB-0.375-240-25,CARBONO,0.375,9396.27
2026-02-23 17:02,PL-CARB-0.375-240-25,CARBONO,0.375,9396.27
2026-02-23 17:02,PL-CARB-0.375-240-25,CARBONO,0.375,9396.27
2026-02-23 17:02,PL-CARB-0.375-28-72,CARBONO,0.375,3636.27
2026-02-23 17:02,PL-CARB-0.313-240-19,CARBONO,0.313,7332.19
2026-02-23 17:02,PL-CARB-0.313-240-19,CARBONO,0.313,7332.19
2026-02-23 17:03,PL-CARB-0.313-240-19,CARBONO,0.313,7577.63
2026-02-23 17:03,PL-CARB-0.313-240-19,CARBONO,0.313,8068.51
2026-02-23 17:03,PL-CARB-0.313-240-19,CARBONO,0.313,8068.51
2026-02-23 17:03,PL-CARB-0.313-240-19,CARBONO,0.313,9411.73
2026-02-23 17:03,PL-CARB-0.313-240-17,CARBONO,0.313,5773.6
2026-02-23 17:03,PL-CARB-0.313-240-17,CARBONO,0.313,5819.36
2026-02-23 17:03,PL-CARB-0.313-240-16,CARBONO,0.313,10367.42
2026-02-23 17:03,PL-CARB-0.313-40-48,CARBONO,0.313,3309.38
2026-02-23 17:03,PL-CARB-0.313-40-48,CARBONO,0.313,3309.38
2026-02-23 17:03,PL-CARB-0.313-40-48,CARBONO,0.313,3309.38
2026-02-23 17:03,PL-CARB-0.313-40-48,CARBONO,0.313,3309.38
2026-02-23 17:03,PL-CARB-0.25-240-19,CARBONO,0.25,11331.93
2026-02-23 17:03,PL-CARB-0.25-240-19,CARBONO,0.25,11331.93
2026-02-23 17:03,PL-CARB-0.25-240-19,CARBONO,0.25,10629.36
2026-02-23 17:03,PL-CARB-0.25-240-23,CARBONO,0.25,8069.47
2026-02-23 17:03,PL-CARB-0.25-136-96,CARBONO,0.25,18434.74
2026-02-23 17:03,PL-CARB-0.375-28-72,CARBONO,0.375,3636.27
2026-02-23 17:03,PL-CARB-0.313-240-19,CARBONO,0.313,7577.63
2026-02-23 17:03,PL-CARB-0.313-240-19,CARBONO,0.313,9420.88
2026-02-23 17:03,PL-CARB-0.313-43-48,CARBONO,0.313,2889.89
2026-02-23 17:03,PL-CARB-0.313-40-48,CARBONO,0.313,3309.38
2026-02-23 17:03,PL-CARB-0.313-40-48,CARBONO,0.313,3309.38
2026-02-23 17:03,PL-CARB-0.25-240-9,CARBONO,0.25,4291.99
2026-02-23 17:03,PL-CARB-0.25-191-96,CARBONO,0.25,20737.37
2026-02-23 17:03,PL-CARB-0.375-240-25,CARBONO,0.375,9396.27
2026-02-23 17:03,PL-CARB-0.375-20-72,CARBONO,0.375,1818.13
2026-02-23 17:03,PL-CARB-0.313-240-19,CARBONO,0.313,7332.19
2026-02-23 17:03,PL-CARB-0.313-240-19,CARBONO,0.313,8068.51
2026-02-23 17:03,PL-CARB-0.313-240-17,CARBONO,0.313,5791.9
2026-02-23 17:03,PL-CARB-0.313-40-48,CARBONO,0.313,3309.38
2026-02-23 17:03,PL-CARB-0.313-40-48,CARBONO,0.313,3309.38
2026-02-23 17:03,PL-CARB-0.313-40-48,CARBONO,0.313,3309.38
2026-02-23 17:03,PL-CARB-0.25-240-19,CARBONO,0.25,11331.93
2026-02-23 17:03,PL-CARB-0.25-240-47,CARBONO,0.25,16132.1
2026-02-23 17:03,PL-CARB-0.375-240-25,CARBONO,0.375,9396.27
2026-02-23 17:03,PL-CARB-0.375-28-72,CARBONO,0.375,3636.27
2026-02-23 17:03,PL-CARB-0.313-240-19,CARBONO,0.313,7332.19
2026-02-23 17:03,PL-CARB-0.313-240-19,CARBONO,0.313,7823.07
2026-02-23 17:03,PL-CARB-0.313-240-19,CARBONO,0.313,7300.49
2026-02-23 17:03,PL-CARB-0.313-240-17,CARBONO,0.313,5801.06
2026-02-23 17:03,PL-CARB-0.313-40-48,CARBONO,0.313,3309.38
2026-02-23 17:03,PL-CARB-0.313-40-48,CARBONO,0.313,3309.38
2026-02-23 17:03,PL-CARB-0.313-40-48,CARBONO,0.313,3309.38
2026-02-23 17:03,PL-CARB-0.313-40-48,CARBONO,0.313,3309.38
2026-02-23 17:03,PL-CARB-0.25-240-19,CARBONO,0.25,11331.93
2026-02-23 17:03,PL-CARB-0.25-240-21,CARBONO,0.25,6469.41
2026-02-23 17:03,PL-CARB-0.25-191-96,CARBONO,0.25,20737.37
2026-02-23 17:04,PL-CARB-0.375-240-25,CARBONO,0.375,9396.27
2026-02-23 17:04,PL-CARB-0.375-240-25,CARBONO,0.375,9396.27
2026-02-23 17:05,PL-CARB-0.375-240-25,CARBONO,0.375,9396.27
2026-02-23 17:05,PL-CARB-0.375-240-25,CARBONO,0.375,9396.27
2026-02-23 17:14,PL-CARB-0.375-240-25,CARBONO,0.375,9396.27
2026-02-23 17:14,PL-CARB-0.375-240-25,CARBONO,0.375,9396.27
2026-02-23 17:14,PL-CARB-0.375-240-25,CARBONO,0.375,9396.27
2026-02-23 17:14,PL-CARB-0.375-40-72,CARBONO,0.375,3636.27
2026-02-23 17:16,PL-CARB-0.375-240-25,CARBONO,0.375,9396.27
2026-02-23 17:16,PL-CARB-0.375-240-25,CARBONO,0.375,9396.27
2026-02-23 17:16,PL-CARB-0.375-240-25,CARBONO,0.375,9396.27
2026-02-23 17:16,PL-CARB-0.375-40-72,CARBONO,0.375,3636.27
2026-02-23 17:23,PL-CARB-0.375-240-25,CARBONO,0.375,9396.27
2026-02-23 17:23,PL-CARB-0.375-240-25,CARBONO,0.375,9396.27
2026-02-23 17:23,PL-CARB-0.375-240-25,CARBONO,0.375,9396.27
2026-02-23 17:23,PL-CARB-0.375-40-72,CARBONO,0.375,3636.27
2026-02-23 17:27,PL-CARB-0.375-240-25,CARBONO,0.375,9396.27
2026-02-23 17:27,PL-CARB-0.375-240-25,CARBONO,0.375,9396.27
2026-02-23 17:27,PL-CARB-0.375-240-25,CARBONO,0.375,9396.27
2026-02-23 17:27,PL-CARB-0.375-39-72,CARBONO,0.375,3636.27
2026-02-23 17:27,PL-CARB-0.313-240-27,CARBONO,0.313,7332.19
2026-02-23 17:28,PL-CARB-0.313-240-27,CARBONO,0.313,7332.19
2026-02-23 17:29,PL-CARB-0.313-240-27,CARBONO,0.313,7577.63
2026-02-23 17:30,PL-CARB-0.313-240-27,CARBONO,0.313,8068.51
2026-02-23 17:32,PL-CARB-0.375-240-25,CARBONO,0.375,9396.27
2026-02-23 17:33,PL-CARB-0.375-240-25,CARBONO,0.375,9396.27
2026-02-23 17:33,PL-CARB-0.375-240-25,CARBONO,0.375,9396.27
2026-02-23 17:33,PL-CARB-0.375-40-72,CARBONO,0.375,3636.27
2026-02-23 17:33,PL-CARB-0.313-240-27,CARBONO,0.313,7332.19
2026-02-23 17:33,PL-CARB-0.313-240-27,CARBONO,0.313,7332.19
2026-02-23 17:34,PL-CARB-0.313-240-27,CARBONO,0.313,7577.63
2026-02-23 17:35,PL-CARB-0.313-240-27,CARBONO,0.313,8068.51
2026-02-23 17:35,PL-CARB-0.313-240-27,CARBONO,0.313,8068.51
2026-02-23 17:36,PL-CARB-0.313-240-19,CARBONO,0.313,6532.47
2026-02-23 17:36,PL-CARB-0.313-240-19,CARBONO,0.313,5782.75
2026-02-23 17:36,PL-CARB-0.313-240-19,CARBONO,0.313,5819.36
2026-02-23 17:36,PL-CARB-0.313-240-16,CARBONO,0.313,8336.3
2026-02-23 17:36,PL-CARB-0.313-40-48,CARBONO,0.313,3309.38
2026-02-23 17:36,PL-CARB-0.313-40-48,CARBONO,0.313,3309.38
2026-02-23 17:36,PL-CARB-0.25-240-45,CARBONO,0.25,11331.93
2026-02-23 17:36,PL-CARB-0.25-240-45,CARBONO,0.25,11331.93
2026-02-23 17:36,PL-CARB-0.25-240-45,CARBONO,0.25,12931.99
2026-02-23 17:36,PL-CARB-0.25-240-47,CARBONO,0.25,13829.47
2026-02-23 17:36,PL-CARB-0.25-240-47,CARBONO,0.25,16132.1
2026-02-23 17:36,PL-CARB-0.375-40-72,CARBONO,0.375,3636.27
2026-02-23 17:36,PL-CARB-0.313-240-27,CARBONO,0.313,7577.63
2026-02-23 17:36,PL-CARB-0.313-240-19,CARBONO,0.313,6550.77
2026-02-23 17:36,PL-CARB-0.313-40-48,CARBONO,0.313,3309.38
2026-02-23 17:36,PL-CARB-0.313-40-48,CARBONO,0.313,3309.38
2026-02-23 17:36,PL-CARB-0.25-240-9,CARBONO,0.25,4291.99
2026-02-23 17:36,PL-CARB-0.25-191-96,CARBONO,0.25,20737.37
2026-02-23 17:36,PL-CARB-0.375-240-25,CARBONO,0.375,9396.27
2026-02-23 17:36,PL-CARB-0.375-20-72,CARBONO,0.375,1818.13
2026-02-23 17:36,PL-CARB-0.313-240-27,CARBONO,0.313,7332.19
2026-02-23 17:37,PL-CARB-0.313-240-27,CARBONO,0.313,8068.51
2026-02-23 17:37,PL-CARB-0.313-240-19,CARBONO,0.313,5791.9
2026-02-23 17:37,PL-CARB-0.313-40-48,CARBONO,0.313,3309.38
2026-02-23 17:37,PL-CARB-0.313-40-48,CARBONO,0.313,3309.38
2026-02-23 17:37,PL-CARB-0.313-40-48,CARBONO,0.313,3309.38
2026-02-23 17:37,PL-CARB-0.25-240-45,CARBONO,0.25,11331.93
2026-02-23 17:37,PL-CARB-0.25-240-47,CARBONO,0.25,16132.1
2026-02-23 17:37,PL-CARB-0.375-240-25,CARBONO,0.375,9396.27
2026-02-23 17:37,PL-CARB-0.375-40-72,CARBONO,0.375,3636.27
2026-02-23 17:37,PL-CARB-0.313-240-27,CARBONO,0.313,7332.19
2026-02-23 17:38,PL-CARB-0.375-240-25,CARBONO,0.375,9396.27
2026-02-23 17:38,PL-CARB-0.375-240-25,CARBONO,0.375,9396.27
2026-02-23 17:38,PL-CARB-0.375-240-25,CARBONO,0.375,9396.27
2026-02-23 17:38,PL-CARB-0.375-38-72,CARBONO,0.375,3636.27
2026-02-23 17:38,PL-CARB-0.313-240-27,CARBONO,0.313,7332.19
2026-02-23 17:38,PL-CARB-0.313-240-27,CARBONO,0.313,7332.19
2026-02-23 17:39,PL-CARB-0.313-240-27,CARBONO,0.313,7577.63
2026-02-23 17:40,PL-CARB-0.375-240-25,CARBONO,0.375,9396.27
2026-02-23 17:40,PL-CARB-0.375-240-25,CARBONO,0.375,9396.27
2026-02-23 17:40,PL-CARB-0.375-240-25,CARBONO,0.375,9396.27
2026-02-23 17:40,PL-CARB-0.375-24-72,CARBONO,0.375,3636.27
2026-02-23 17:40,PL-CARB-0.313-240-19,CARBONO,0.313,7332.19
2026-02-23 17:40,PL-CARB-0.313-240-19,CARBONO,0.313,7332.19
2026-02-23 17:40,PL-CARB-0.313-240-19,CARBONO,0.313,7577.63
2026-02-23 17:40,PL-CARB-0.313-240-19,CARBONO,0.313,8068.51
2026-02-23 17:40,PL-CARB-0.313-240-19,CARBONO,0.313,8068.51
2026-02-23 17:40,PL-CARB-0.313-240-19,CARBONO,0.313,9411.73
2026-02-23 17:40,PL-CARB-0.313-41-96,CARBONO,0.313,8643.71
2026-02-23 17:40,PL-CARB-0.313-41-96,CARBONO,0.313,8689.46
2026-02-23 17:40,PL-CARB-0.313-43-48,CARBONO,0.313,2889.89
2026-02-23 17:40,PL-CARB-0.313-43-48,CARBONO,0.313,2889.89
2026-02-23 17:40,PL-CARB-0.313-240-15,CARBONO,0.313,10367.42
2026-02-23 17:40,PL-CARB-0.313-40-48,CARBONO,0.313,3309.38
2026-02-23 17:40,PL-CARB-0.313-40-48,CARBONO,0.313,3309.38
2026-02-23 17:40,PL-CARB-0.313-40-48,CARBONO,0.313,3309.38
2026-02-23 17:40,PL-CARB-0.313-40-48,CARBONO,0.313,3309.38
2026-02-23 17:40,PL-CARB-0.25-240-19,CARBONO,0.25,11331.93
2026-02-23 17:40,PL-CARB-0.25-240-19,CARBONO,0.25,11331.93
2026-02-23 17:40,PL-CARB-0.25-52-96,CARBONO,0.25,12931.99
2026-02-23 17:40,PL-CARB-0.25-240-47,CARBONO,0.25,13829.47
2026-02-23 17:40,PL-CARB-0.25-240-47,CARBONO,0.25,16132.1
2026-02-23 17:40,PL-CARB-0.375-24-72,CARBONO,0.375,3636.27
2026-02-23 17:40,PL-CARB-0.313-240-19,CARBONO,0.313,7577.63
2026-02-23 17:40,PL-CARB-0.313-240-19,CARBONO,0.313,9420.88
2026-02-23 17:40,PL-CARB-0.313-43-48,CARBONO,0.313,2889.89
2026-02-23 17:40,PL-CARB-0.313-40-48,CARBONO,0.313,3309.38
2026-02-23 17:40,PL-CARB-0.313-40-48,CARBONO,0.313,3309.38
2026-02-23 17:40,PL-CARB-0.25-240-9,CARBONO,0.25,4291.99
2026-02-23 17:40,PL-CARB-0.25-191-96,CARBONO,0.25,20737.37
2026-02-23 17:40,PL-CARB-0.375-240-25,CARBONO,0.375,9396.27
2026-02-23 17:40,PL-CARB-0.375-20-72,CARBONO,0.375,1818.13
2026-02-23 17:40,PL-CARB-0.313-240-19,CARBONO,0.313,7332.19
2026-02-23 17:40,PL-CARB-0.313-240-19,CARBONO,0.313,8068.51
2026-02-23 17:40,PL-CARB-0.313-41-96,CARBONO,0.313,8662.01
2026-02-23 17:40,PL-CARB-0.313-43-48,CARBONO,0.313,2889.89
2026-02-23 17:40,PL-CARB-0.313-40-48,CARBONO,0.313,3309.38
2026-02-23 17:40,PL-CARB-0.313-40-48,CARBONO,0.313,3309.38
2026-02-23 17:40,PL-CARB-0.313-40-48,CARBONO,0.313,3309.38
2026-02-23 17:40,PL-CARB-0.25-240-19,CARBONO,0.25,11331.93
2026-02-23 17:40,PL-CARB-0.25-240-47,CARBONO,0.25,16132.1
2026-02-23 17:40,PL-CARB-0.375-240-25,CARBONO,0.375,9396.27
2026-02-23 17:40,PL-CARB-0.375-24-72,CARBONO,0.375,3636.27
2026-02-23 17:40,PL-CARB-0.313-240-19,CARBONO,0.313,7332.19
2026-02-23 17:40,PL-CARB-0.313-240-19,CARBONO,0.313,7823.07
2026-02-23 17:40,PL-CARB-0.313-240-19,CARBONO,0.313,7300.49
2026-02-23 17:40,PL-CARB-0.313-41-96,CARBONO,0.313,8671.16
2026-02-23 17:40,PL-CARB-0.313-43-48,CARBONO,0.313,2889.89
2026-02-23 17:40,PL-CARB-0.313-40-48,CARBONO,0.313,3309.38
2026-02-23 17:40,PL-CARB-0.313-40-48,CARBONO,0.313,3309.38
2026-02-23 17:41,PL-CARB-0.313-40-48,CARBONO,0.313,3309.38
2026-02-23 17:41,PL-CARB-0.313-40-48,CARBONO,0.313,3309.38
2026-02-23 17:41,PL-CARB-0.25-240-19,CARBONO,0.25,11331.93
2026-02-23 17:41,PL-CARB-0.25-240-21,CARBONO,0.25,8772.05
2026-02-23 17:41,PL-CARB-0.25-134-96,CARBONO,0.25,18434.74
2026-02-23 17:41,PL-CARB-0.375-240-25,CARBONO,0.375,9396.27
2026-02-23 17:41,PL-CARB-0.375-240-25,CARBONO,0.375,9396.27
2026-02-23 17:41,PL-CARB-0.375-240-25,CARBONO,0.375,9396.27
2026-02-23 17:41,PL-CARB-0.375-24-72,CARBONO,0.375,3636.27
2026-02-23 17:41,PL-CARB-0.313-240-19,CARBONO,0.313,7332.19
2026-02-23 17:41,PL-CARB-0.313-240-19,CARBONO,0.313,7332.19
2026-02-23 17:41,PL-CARB-0.313-240-19,CARBONO,0.313,7577.63
2026-02-23 17:41,PL-CARB-0.313-240-19,CARBONO,0.313,8068.51
2026-02-23 17:41,PL-CARB-0.313-240-19,CARBONO,0.313,8068.51
2026-02-23 17:41,PL-CARB-0.313-240-19,CARBONO,0.313,9411.73
2026-02-23 17:41,PL-CARB-0.313-41-96,CARBONO,0.313,8643.71
2026-02-23 17:41,PL-CARB-0.313-41-96,CARBONO,0.313,8689.46
2026-02-23 17:41,PL-CARB-0.313-43-48,CARBONO,0.313,2889.89
2026-02-23 17:41,PL-CARB-0.313-43-48,CARBONO,0.313,2889.89
2026-02-23 17:41,PL-CARB-0.313-240-15,CARBONO,0.313,10367.42
2026-02-23 17:41,PL-CARB-0.313-40-48,CARBONO,0.313,3309.38
2026-02-23 17:41,PL-CARB-0.313-40-48,CARBONO,0.313,3309.38
2026-02-23 17:41,PL-CARB-0.313-40-48,CARBONO,0.313,3309.38
2026-02-23 17:41,PL-CARB-0.313-40-48,CARBONO,0.313,3309.38
2026-02-23 17:41,PL-CARB-0.25-240-19,CARBONO,0.25,11331.93
2026-02-23 17:41,PL-CARB-0.25-240-19,CARBONO,0.25,11331.93
2026-02-23 17:41,PL-CARB-0.25-52-96,CARBONO,0.25,12931.99
2026-02-23 17:41,PL-CARB-0.25-240-47,CARBONO,0.25,13829.47
2026-02-23 17:41,PL-CARB-0.25-240-47,CARBONO,0.25,16132.1
2026-02-23 17:41,PL-CARB-0.375-24-72,CARBONO,0.375,3636.27
2026-02-23 17:41,PL-CARB-0.313-240-19,CARBONO,0.313,7577.63
2026-02-23 17:41,PL-CARB-0.313-240-19,CARBONO,0.313,9420.88
2026-02-23 17:41,PL-CARB-0.313-43-48,CARBONO,0.313,2889.89
2026-02-23 17:41,PL-CARB-0.313-40-48,CARBONO,0.313,3309.38
2026-02-23 17:41,PL-CARB-0.313-40-48,CARBONO,0.313,3309.38
2026-02-23 17:41,PL-CARB-0.25-240-9,CARBONO,0.25,4291.99
2026-02-23 17:41,PL-CARB-0.25-191-96,CARBONO,0.25,20737.37
2026-02-23 17:41,PL-CARB-0.375-240-25,CARBONO,0.375,9396.27
2026-02-23 17:41,PL-CARB-0.375-20-72,CARBONO,0.375,1818.13
2026-02-23 17:41,PL-CARB-0.313-240-19,CARBONO,0.313,7332.19
2026-02-23 17:41,PL-CARB-0.313-240-19,CARBONO,0.313,8068.51
2026-02-23 17:42,PL-CARB-0.313-41-96,CARBONO,0.313,8662.01
2026-02-23 17:42,PL-CARB-0.313-43-48,CARBONO,0.313,2889.89
2026-02-23 17:42,PL-CARB-0.313-40-48,CARBONO,0.313,3309.38
2026-02-23 17:42,PL-CARB-0.313-40-48,CARBONO,0.313,3309.38
2026-02-23 17:42,PL-CARB-0.313-40-48,CARBONO,0.313,3309.38
2026-02-23 17:42,PL-CARB-0.25-240-19,CARBONO,0.25,11331.93
2026-02-23 17:42,PL-CARB-0.25-240-47,CARBONO,0.25,16132.1
2026-02-23 17:42,PL-CARB-0.375-240-25,CARBONO,0.375,9396.27
2026-02-23 17:42,PL-CARB-0.375-24-72,CARBONO,0.375,3636.27
2026-02-23 17:42,PL-CARB-0.313-240-19,CARBONO,0.313,7332.19
2026-02-23 17:42,PL-CARB-0.313-240-19,CARBONO,0.313,7823.07
2026-02-23 17:42,PL-CARB-0.313-240-19,CARBONO,0.313,7300.49
2026-02-23 17:42,PL-CARB-0.313-41-96,CARBONO,0.313,8671.16
2026-02-23 17:42,PL-CARB-0.313-43-48,CARBONO,0.313,2889.89
2026-02-23 17:42,PL-CARB-0.313-40-48,CARBONO,0.313,3309.38
2026-02-23 17:42,PL-CARB-0.313-40-48,CARBONO,0.313,3309.38
2026-02-23 17:42,PL-CARB-0.313-40-48,CARBONO,0.313,3309.38
2026-02-23 17:42,PL-CARB-0.313-40-48,CARBONO,0.313,3309.38
2026-02-23 17:42,PL-CARB-0.25-240-19,CARBONO,0.25,11331.93
2026-02-23 17:42,PL-CARB-0.25-240-21,CARBONO,0.25,8772.05
2026-02-23 17:42,PL-CARB-0.25-134-96,CARBONO,0.25,18434.74
2026-02-23 17:44,PL-CARB-0.375-24-72,CARBONO,0.375,3636.27
2026-02-23 17:44,PL-CARB-0.375-24-72,CARBONO,0.375,3636.27
2026-02-23 17:48,PL-CARB-0.375-240-25,CARBONO,0.375,9396.27
2026-02-23 17:48,PL-CARB-0.375-240-25,CARBONO,0.375,9396.27
2026-02-23 17:48,PL-CARB-0.375-240-25,CARBONO,0.375,9396.27
2026-02-23 17:48,PL-CARB-0.375-24-72,CARBONO,0.375,3636.27
2026-02-23 17:48,PL-CARB-0.313-240-19,CARBONO,0.313,7332.19
2026-02-23 17:48,PL-CARB-0.313-240-19,CARBONO,0.313,7332.19
2026-02-23 17:48,PL-CARB-0.313-240-19,CARBONO,0.313,7577.63
2026-02-23 17:48,PL-CARB-0.313-240-19,CARBONO,0.313,8068.51
2026-02-23 17:48,PL-CARB-0.313-240-19,CARBONO,0.313,8068.51
2026-02-23 17:48,PL-CARB-0.313-240-19,CARBONO,0.313,9411.73
2026-02-23 17:48,PL-CARB-0.313-41-96,CARBONO,0.313,8643.71
2026-02-23 17:48,PL-CARB-0.313-41-96,CARBONO,0.313,8689.46
2026-02-23 17:48,PL-CARB-0.313-43-48,CARBONO,0.313,2889.89
2026-02-23 17:48,PL-CARB-0.313-43-48,CARBONO,0.313,2889.89
2026-02-23 17:48,PL-CARB-0.313-240-15,CARBONO,0.313,10367.42
2026-02-23 17:48,PL-CARB-0.313-40-48,CARBONO,0.313,3309.38
2026-02-23 17:48,PL-CARB-0.313-40-48,CARBONO,0.313,3309.38
2026-02-23 17:48,PL-CARB-0.313-40-48,CARBONO,0.313,3309.38
2026-02-23 17:48,PL-CARB-0.313-40-48,CARBONO,0.313,3309.38
2026-02-23 17:48,PL-CARB-0.25-240-19,CARBONO,0.25,11331.93
2026-02-23 17:48,PL-CARB-0.25-240-19,CARBONO,0.25,11331.93
2026-02-23 17:48,PL-CARB-0.25-52-96,CARBONO,0.25,12931.99
2026-02-23 17:48,PL-CARB-0.25-240-47,CARBONO,0.25,13829.47
2026-02-23 17:48,PL-CARB-0.25-240-47,CARBONO,0.25,16132.1
2026-02-23 17:48,PL-CARB-0.375-24-72,CARBONO,0.375,3636.27
2026-02-23 17:48,PL-CARB-0.313-240-19,CARBONO,0.313,7577.63
2026-02-23 17:48,PL-CARB-0.313-240-19,CARBONO,0.313,9420.88
2026-02-23 17:48,PL-CARB-0.313-43-48,CARBONO,0.313,2889.89
2026-02-23 17:48,PL-CARB-0.313-40-48,CARBONO,0.313,3309.38
2026-02-23 17:48,PL-CARB-0.313-40-48,CARBONO,0.313,3309.38
2026-02-23 17:48,PL-CARB-0.25-240-9,CARBONO,0.25,4291.99
2026-02-23 17:48,PL-CARB-0.25-191-96,CARBONO,0.25,20737.37
2026-02-23 17:48,PL-CARB-0.375-240-25,CARBONO,0.375,9396.27
2026-02-23 17:48,PL-CARB-0.375-20-72,CARBONO,0.375,1818.13
2026-02-23 17:48,PL-CARB-0.313-240-19,CARBONO,0.313,7332.19
2026-02-23 17:48,PL-CARB-0.313-240-19,CARBONO,0.313,8068.51
2026-02-23 17:48,PL-CARB-0.313-41-96,CARBONO,0.313,8662.01
2026-02-23 17:48,PL-CARB-0.313-43-48,CARBONO,0.313,2889.89
2026-02-23 17:48,PL-CARB-0.313-40-48,CARBONO,0.313,3309.38
2026-02-23 17:48,PL-CARB-0.313-40-48,CARBONO,0.313,3309.38
2026-02-23 17:48,PL-CARB-0.313-40-48,CARBONO,0.313,3309.38
2026-02-23 17:48,PL-CARB-0.25-240-19,CARBONO,0.25,11331.93
2026-02-23 17:48,PL-CARB-0.25-240-47,CARBONO,0.25,16132.1
2026-02-23 17:48,PL-CARB-0.375-240-25,CARBONO,0.375,9396.27
2026-02-23 17:48,PL-CARB-0.375-24-72,CARBONO,0.375,3636.27
2026-02-23 17:48,PL-CARB-0.313-240-19,CARBONO,0.313,7332.19
2026-02-23 17:49,PL-CARB-0.313-240-19,CARBONO,0.313,7823.07
2026-02-23 17:49,PL-CARB-0.313-240-19,CARBONO,0.313,7300.49
2026-02-23 17:49,PL-CARB-0.313-41-96,CARBONO,0.313,8671.16
2026-02-23 17:49,PL-CARB-0.313-43-48,CARBONO,0.313,2889.89
2026-02-23 17:49,PL-CARB-0.313-40-48,CARBONO,0.313,3309.38
2026-02-23 17:49,PL-CARB-0.313-40-48,CARBONO,0.313,3309.38
2026-02-23 17:49,PL-CARB-0.313-40-48,CARBONO,0.313,3309.38
2026-02-23 17:49,PL-CARB-0.313-40-48,CARBONO,0.313,3309.38
2026-02-23 17:49,PL-CARB-0.25-240-19,CARBONO,0.25,11331.93
2026-02-23 17:49,PL-CARB-0.25-240-21,CARBONO,0.25,8772.05
2026-02-23 17:49,PL-CARB-0.25-134-96,CARBONO,0.25,18434.74
2026-02-23 17:54,PL-CARB-0.375-240-25,CARBONO,0.375,9396.27
2026-02-23 17:54,PL-CARB-0.375-240-25,CARBONO,0.375,9396.27
2026-02-23 17:54,PL-CARB-0.375-240-25,CARBONO,0.375,9396.27
2026-02-23 17:54,PL-CARB-0.375-24-72,CARBONO,0.375,3636.27
2026-02-23 17:54,PL-CARB-0.313-240-19,CARBONO,0.313,7332.19
2026-02-23 17:54,PL-CARB-0.313-240-19,CARBONO,0.313,7332.19
2026-02-23 17:54,PL-CARB-0.313-240-19,CARBONO,0.313,7577.63
2026-02-23 17:54,PL-CARB-0.313-240-19,CARBONO,0.313,8068.51
2026-02-23 17:54,PL-CARB-0.313-240-19,CARBONO,0.313,8068.51
2026-02-23 17:54,PL-CARB-0.313-240-19,CARBONO,0.313,9411.73
2026-02-23 17:54,PL-CARB-0.313-41-96,CARBONO,0.313,8643.71
2026-02-23 17:54,PL-CARB-0.313-41-96,CARBONO,0.313,8689.46
2026-02-23 17:54,PL-CARB-0.313-43-48,CARBONO,0.313,2889.89
2026-02-23 17:54,PL-CARB-0.313-43-48,CARBONO,0.313,2889.89
2026-02-23 17:54,PL-CARB-0.313-240-15,CARBONO,0.313,10367.42
2026-02-23 17:54,PL-CARB-0.313-40-48,CARBONO,0.313,3309.38
2026-02-23 17:54,PL-CARB-0.313-40-48,CARBONO,0.313,3309.38
2026-02-23 17:54,PL-CARB-0.313-40-48,CARBONO,0.313,3309.38
2026-02-23 17:54,PL-CARB-0.313-40-48,CARBONO,0.313,3309.38
2026-02-23 17:54,PL-CARB-0.25-240-19,CARBONO,0.25,11331.93
2026-02-23 17:54,PL-CARB-0.25-240-19,CARBONO,0.25,11331.93
2026-02-23 17:54,PL-CARB-0.25-52-96,CARBONO,0.25,12931.99
2026-02-23 17:54,PL-CARB-0.25-240-47,CARBONO,0.25,13829.47
2026-02-23 17:54,PL-CARB-0.25-240-47,CARBONO,0.25,16132.1
2026-02-23 17:54,PL-CARB-0.375-24-72,CARBONO,0.375,3636.27
2026-02-23 17:54,PL-CARB-0.313-240-19,CARBONO,0.313,7577.63
2026-02-23 17:54,PL-CARB-0.313-240-19,CARBONO,0.313,9420.88
2026-02-23 17:54,PL-CARB-0.313-43-48,CARBONO,0.313,2889.89
2026-02-23 17:54,PL-CARB-0.313-40-48,CARBONO,0.313,3309.38
2026-02-23 17:54,PL-CARB-0.313-40-48,CARBONO,0.313,3309.38
2026-02-23 17:54,PL-CARB-0.25-240-9,CARBONO,0.25,4291.99
2026-02-23 17:54,PL-CARB-0.25-191-96,CARBONO,0.25,20737.37
2026-02-23 17:54,PL-CARB-0.375-240-25,CARBONO,0.375,9396.27
2026-02-23 17:54,PL-CARB-0.375-20-72,CARBONO,0.375,1818.13
2026-02-23 17:54,PL-CARB-0.313-240-19,CARBONO,0.313,7332.19
2026-02-23 17:55,PL-CARB-0.313-240-19,CARBONO,0.313,8068.51
2026-02-23 17:55,PL-CARB-0.313-41-96,CARBONO,0.313,8662.01
2026-02-23 17:55,PL-CARB-0.313-43-48,CARBONO,0.313,2889.89
2026-02-23 17:55,PL-CARB-0.313-40-48,CARBONO,0.313,3309.38
2026-02-23 17:55,PL-CARB-0.313-40-48,CARBONO,0.313,3309.38
2026-02-23 17:55,PL-CARB-0.313-40-48,CARBONO,0.313,3309.38
2026-02-23 17:55,PL-CARB-0.25-240-19,CARBONO,0.25,11331.93
2026-02-23 17:55,PL-CARB-0.25-240-47,CARBONO,0.25,16132.1
2026-02-23 17:55,PL-CARB-0.375-240-25,CARBONO,0.375,9396.27
2026-02-23 17:55,PL-CARB-0.375-24-72,CARBONO,0.375,3636.27
2026-02-23 17:55,PL-CARB-0.313-240-19,CARBONO,0.313,7332.19
2026-02-23 17:55,PL-CARB-0.313-240-19,CARBONO,0.313,7823.07
2026-02-23 17:55,PL-CARB-0.313-240-19,CARBONO,0.313,7300.49
2026-02-23 17:55,PL-CARB-0.313-41-96,CARBONO,0.313,8671.16
2026-02-23 17:55,PL-CARB-0.313-43-48,CARBONO,0.313,2889.89
2026-02-23 17:55,PL-CARB-0.313-40-48,CARBONO,0.313,3309.38
2026-02-23 17:55,PL-CARB-0.313-40-48,CARBONO,0.313,3309.38
2026-02-23 17:55,PL-CARB-0.313-40-48,CARBONO,0.313,3309.38
2026-02-23 17:55,PL-CARB-0.313-40-48,CARBONO,0.313,3309.38
2026-02-23 17:55,PL-CARB-0.25-240-19,CARBONO,0.25,11331.93
2026-02-23 17:55,PL-CARB-0.25-240-21,CARBONO,0.25,8772.05
2026-02-23 17:55,PL-CARB-0.25-134-96,CARBONO,0.25,18434.74
2026-02-23 18:00,PL-CARB-0.375-240-25,CARBONO,0.375,9396.27
2026-02-23 18:00,PL-CARB-0.375-240-25,CARBONO,0.375,9396.27
2026-02-23 18:00,PL-CARB-0.375-240-25,CARBONO,0.375,9396.27
2026-02-23 18:00,PL-CARB-0.375-24-72,CARBONO,0.375,3636.27
2026-02-23 18:00,PL-CARB-0.313-240-19,CARBONO,0.313,7332.19
2026-02-23 18:00,PL-CARB-0.313-240-19,CARBONO,0.313,7332.19
2026-02-23 18:00,PL-CARB-0.313-240-19,CARBONO,0.313,7577.63
2026-02-23 18:00,PL-CARB-0.313-240-19,CARBONO,0.313,8068.51
2026-02-23 18:00,PL-CARB-0.313-240-19,CARBONO,0.313,8068.51
2026-02-23 18:00,PL-CARB-0.313-240-19,CARBONO,0.313,9411.73
2026-02-23 18:00,PL-CARB-0.313-41-96,CARBONO,0.313,8643.71
2026-02-23 18:00,PL-CARB-0.313-41-96,CARBONO,0.313,8689.46
2026-02-23 18:00,PL-CARB-0.313-43-48,CARBONO,0.313,2889.89
2026-02-23 18:00,PL-CARB-0.313-43-48,CARBONO,0.313,2889.89
2026-02-23 18:00,PL-CARB-0.313-240-15,CARBONO,0.313,10367.42
2026-02-23 18:00,PL-CARB-0.313-40-48,CARBONO,0.313,3309.38
2026-02-23 18:00,PL-CARB-0.313-40-48,CARBONO,0.313,3309.38
2026-02-23 18:00,PL-CARB-0.313-40-48,CARBONO,0.313,3309.38
2026-02-23 18:00,PL-CARB-0.313-40-48,CARBONO,0.313,3309.38
2026-02-23 18:00,PL-CARB-0.25-240-19,CARBONO,0.25,11331.93
2026-02-23 18:00,PL-CARB-0.25-240-19,CARBONO,0.25,11331.93
2026-02-23 18:00,PL-CARB-0.25-52-96,CARBONO,0.25,12931.99
2026-02-23 18:00,PL-CARB-0.25-240-47,CARBONO,0.25,13829.47
2026-02-23 18:00,PL-CARB-0.25-240-47,CARBONO,0.25,16132.1
2026-02-23 18:00,PL-CARB-0.375-24-72,CARBONO,0.375,3636.27
2026-02-23 18:00,PL-CARB-0.313-240-19,CARBONO,0.313,7577.63
2026-02-23 18:00,PL-CARB-0.313-240-19,CARBONO,0.313,9420.88
2026-02-23 18:00,PL-CARB-0.313-43-48,CARBONO,0.313,2889.89
2026-02-23 18:00,PL-CARB-0.313-40-48,CARBONO,0.313,3309.38
2026-02-23 18:00,PL-CARB-0.313-40-48,CARBONO,0.313,3309.38
2026-02-23 18:00,PL-CARB-0.25-240-9,CARBONO,0.25,4291.99
2026-02-23 18:00,PL-CARB-0.25-191-96,CARBONO,0.25,20737.37
2026-02-23 18:00,PL-CARB-0.375-240-25,CARBONO,0.375,9396.27
2026-02-23 18:00,PL-CARB-0.375-20-72,CARBONO,0.375,1818.13
2026-02-23 18:00,PL-CARB-0.313-240-19,CARBONO,0.313,7332.19
2026-02-23 18:00,PL-CARB-0.313-240-19,CARBONO,0.313,8068.51
2026-02-23 18:00,PL-CARB-0.313-41-96,CARBONO,0.313,8662.01
2026-02-23 18:00,PL-CARB-0.313-43-48,CARBONO,0.313,2889.89
2026-02-23 18:00,PL-CARB-0.313-40-48,CARBONO,0.313,3309.38
2026-02-23 18:00,PL-CARB-0.313-40-48,CARBONO,0.313,3309.38
2026-02-23 18:00,PL-CARB-0.313-40-48,CARBONO,0.313,3309.38
2026-02-23 18:00,PL-CARB-0.25-240-19,CARBONO,0.25,11331.93
2026-02-23 18:00,PL-CARB-0.25-240-47,CARBONO,0.25,16132.1
2026-02-23 18:00,PL-CARB-0.375-240-25,CARBONO,0.375,9396.27
2026-02-23 18:00,PL-CARB-0.375-24-72,CARBONO,0.375,3636.27
2026-02-23 18:00,PL-CARB-0.313-240-19,CARBONO,0.313,7332.19
2026-02-23 18:00,PL-CARB-0.313-240-19,CARBONO,0.313,7823.07
2026-02-23 18:00,PL-CARB-0.313-240-19,CARBONO,0.313,7300.49
2026-02-23 18:00,PL-CARB-0.313-41-96,CARBONO,0.313,8671.16
2026-02-23 18:00,PL-CARB-0.313-43-48,CARBONO,0.313,2889.89
2026-02-23 18:00,PL-CARB-0.313-40-48,CARBONO,0.313,3309.38
2026-02-23 18:00,PL-CARB-0.313-40-48,CARBONO,0.313,3309.38
2026-02-23 18:00,PL-CARB-0.313-40-48,CARBONO,0.313,3309.38
2026-02-23 18:00,PL-CARB-0.313-40-48,CARBONO,0.313,3309.38
2026-02-23 18:00,PL-CARB-0.25-240-19,CARBONO,0.25,11331.93
2026-02-23 18:00,PL-CARB-0.25-240-21,CARBONO,0.25,8772.05
2026-02-23 18:00,PL-CARB-0.25-134-96,CARBONO,0.25,18434.74
2026-02-23 18:01,PL-CARB-0.375-24-72,CARBONO,0.375,3636.27
2026-02-23 18:03,PL-CARB-0.375-240-25,CARBONO,0.375,9396.27
2026-02-23 18:03,PL-CARB-0.375-240-25,CARBONO,0.375,9396.27
2026-02-23 18:03,PL-CARB-0.375-240-25,CARBONO,0.375,9396.27
2026-02-23 18:03,PL-CARB-0.375-24-72,CARBONO,0.375,3636.27
2026-02-23 18:03,PL-CARB-0.313-240-19,CARBONO,0.313,7332.19
2026-02-23 18:03,PL-CARB-0.313-240-19,CARBONO,0.313,7332.19
2026-02-23 18:03,PL-CARB-0.313-240-19,CARBONO,0.313,7577.63
2026-02-23 18:03,PL-CARB-0.313-240-19,CARBONO,0.313,8068.51
2026-02-23 18:03,PL-CARB-0.313-240-19,CARBONO,0.313,8068.51
2026-02-23 18:03,PL-CARB-0.313-240-19,CARBONO,0.313,9411.73
2026-02-23 18:03,PL-CARB-0.313-41-96,CARBONO,0.313,8643.71
2026-02-23 18:03,PL-CARB-0.313-41-96,CARBONO,0.313,8689.46
2026-02-23 18:03,PL-CARB-0.313-43-48,CARBONO,0.313,2889.89
2026-02-23 18:03,PL-CARB-0.313-43-48,CARBONO,0.313,2889.89
2026-02-23 18:03,PL-CARB-0.313-240-15,CARBONO,0.313,10367.42
2026-02-23 18:03,PL-CARB-0.313-40-48,CARBONO,0.313,3309.38
2026-02-23 18:03,PL-CARB-0.313-40-48,CARBONO,0.313,3309.38
2026-02-23 18:03,PL-CARB-0.313-40-48,CARBONO,0.313,3309.38
2026-02-23 18:03,PL-CARB-0.313-40-48,CARBONO,0.313,3309.38
2026-02-23 18:03,PL-CARB-0.25-240-19,CARBONO,0.25,11331.93
2026-02-23 18:03,PL-CARB-0.25-240-19,CARBONO,0.25,11331.93
2026-02-23 18:03,PL-CARB-0.25-52-96,CARBONO,0.25,12931.99
2026-02-23 18:03,PL-CARB-0.25-240-47,CARBONO,0.25,13829.47
2026-02-23 18:03,PL-CARB-0.25-240-47,CARBONO,0.25,16132.1
2026-02-23 18:03,PL-CARB-0.375-24-72,CARBONO,0.375,3636.27
2026-02-23 18:03,PL-CARB-0.313-240-19,CARBONO,0.313,7577.63
2026-02-23 18:03,PL-CARB-0.313-240-19,CARBONO,0.313,9420.88
2026-02-23 18:03,PL-CARB-0.313-43-48,CARBONO,0.313,2889.89
2026-02-23 18:03,PL-CARB-0.313-40-48,CARBONO,0.313,3309.38
2026-02-23 18:03,PL-CARB-0.313-40-48,CARBONO,0.313,3309.38
2026-02-23 18:03,PL-CARB-0.25-240-9,CARBONO,0.25,4291.99
2026-02-23 18:03,PL-CARB-0.25-191-96,CARBONO,0.25,20737.37
2026-02-23 18:03,PL-CARB-0.375-240-25,CARBONO,0.375,9396.27
2026-02-23 18:04,PL-CARB-0.375-20-72,CARBONO,0.375,1818.13
2026-02-23 18:04,PL-CARB-0.313-240-19,CARBONO,0.313,7332.19
2026-02-23 18:04,PL-CARB-0.313-240-19,CARBONO,0.313,8068.51
2026-02-23 18:04,PL-CARB-0.313-41-96,CARBONO,0.313,8662.01
2026-02-23 18:04,PL-CARB-0.313-43-48,CARBONO,0.313,2889.89
2026-02-23 18:04,PL-CARB-0.313-40-48,CARBONO,0.313,3309.38
2026-02-23 18:04,PL-CARB-0.313-40-48,CARBONO,0.313,3309.38
2026-02-23 18:04,PL-CARB-0.313-40-48,CARBONO,0.313,3309.38
2026-02-23 18:04,PL-CARB-0.25-240-19,CARBONO,0.25,11331.93
2026-02-23 18:04,PL-CARB-0.25-240-47,CARBONO,0.25,16132.1
2026-02-23 18:04,PL-CARB-0.375-240-25,CARBONO,0.375,9396.27
2026-02-23 18:04,PL-CARB-0.375-24-72,CARBONO,0.375,3636.27
2026-02-23 18:04,PL-CARB-0.313-240-19,CARBONO,0.313,7332.19
2026-02-23 18:04,PL-CARB-0.313-240-19,CARBONO,0.313,7823.07
2026-02-23 18:04,PL-CARB-0.313-240-19,CARBONO,0.313,7300.49
2026-02-23 18:04,PL-CARB-0.313-41-96,CARBONO,0.313,8671.16
2026-02-23 18:04,PL-CARB-0.313-43-48,CARBONO,0.313,2889.89
2026-02-23 18:04,PL-CARB-0.313-40-48,CARBONO,0.313,3309.38
2026-02-23 18:04,PL-CARB-0.313-40-48,CARBONO,0.313,3309.38
2026-02-23 18:04,PL-CARB-0.313-40-48,CARBONO,0.313,3309.38
2026-02-23 18:04,PL-CARB-0.313-40-48,CARBONO,0.313,3309.38
2026-02-23 18:04,PL-CARB-0.25-240-19,CARBONO,0.25,11331.93
2026-02-23 18:04,PL-CARB-0.25-240-21,CARBONO,0.25,8772.05
2026-02-23 18:04,PL-CARB-0.25-134-96,CARBONO,0.25,18434.74
2026-02-23 18:07,PL-CARB-0.375-240-25,CARBONO,0.375,9396.27
2026-02-23 18:07,PL-CARB-0.375-240-25,CARBONO,0.375,9396.27
2026-02-23 18:07,PL-CARB-0.375-240-25,CARBONO,0.375,9396.27
2026-02-23 18:07,PL-CARB-0.375-24-72,CARBONO,0.375,3636.27
2026-02-23 18:07,PL-CARB-0.313-240-19,CARBONO,0.313,7332.19
2026-02-23 18:07,PL-CARB-0.313-240-19,CARBONO,0.313,7332.19
2026-02-23 18:08,PL-CARB-0.313-240-19,CARBONO,0.313,7577.63
2026-02-23 18:08,PL-CARB-0.313-240-19,CARBONO,0.313,8068.51
2026-02-23 18:08,PL-CARB-0.313-240-19,CARBONO,0.313,8068.51
2026-02-23 18:08,PL-CARB-0.313-240-19,CARBONO,0.313,9411.73
2026-02-23 18:08,PL-CARB-0.313-41-96,CARBONO,0.313,8643.71
2026-02-23 18:08,PL-CARB-0.313-41-96,CARBONO,0.313,8689.46
2026-02-23 18:08,PL-CARB-0.313-43-48,CARBONO,0.313,2889.89
2026-02-23 18:08,PL-CARB-0.313-43-48,CARBONO,0.313,2889.89
2026-02-23 18:08,PL-CARB-0.313-240-15,CARBONO,0.313,10367.42
2026-02-23 18:08,PL-CARB-0.313-40-48,CARBONO,0.313,3309.38
2026-02-23 18:08,PL-CARB-0.313-40-48,CARBONO,0.313,3309.38
2026-02-23 18:08,PL-CARB-0.313-40-48,CARBONO,0.313,3309.38
2026-02-23 18:08,PL-CARB-0.313-40-48,CARBONO,0.313,3309.38
2026-02-23 18:08,PL-CARB-0.25-240-19,CARBONO,0.25,11331.93
2026-02-23 18:08,PL-CARB-0.25-240-19,CARBONO,0.25,11331.93
2026-02-23 18:08,PL-CARB-0.25-52-96,CARBONO,0.25,12931.99
2026-02-23 18:08,PL-CARB-0.25-240-47,CARBONO,0.25,13829.47
2026-02-23 18:08,PL-CARB-0.25-240-47,CARBONO,0.25,16132.1
2026-02-23 18:08,PL-CARB-0.375-24-72,CARBONO,0.375,3636.27
2026-02-23 18:08,PL-CARB-0.313-240-19,CARBONO,0.313,7577.63
2026-02-23 18:08,PL-CARB-0.313-240-19,CARBONO,0.313,9420.88
2026-02-23 18:08,PL-CARB-0.313-43-48,CARBONO,0.313,2889.89
2026-02-23 18:08,PL-CARB-0.313-40-48,CARBONO,0.313,3309.38
2026-02-23 18:08,PL-CARB-0.313-40-48,CARBONO,0.313,3309.38
2026-02-23 18:08,PL-CARB-0.25-240-9,CARBONO,0.25,4291.99
2026-02-23 18:08,PL-CARB-0.25-191-96,CARBONO,0.25,20737.37
2026-02-23 18:08,PL-CARB-0.375-240-25,CARBONO,0.375,9396.27
2026-02-23 18:08,PL-CARB-0.375-20-72,CARBONO,0.375,1818.13
2026-02-23 18:08,PL-CARB-0.313-240-19,CARBONO,0.313,7332.19
2026-02-23 18:08,PL-CARB-0.313-240-19,CARBONO,0.313,8068.51
2026-02-23 18:08,PL-CARB-0.313-41-96,CARBONO,0.313,8662.01
2026-02-23 18:08,PL-CARB-0.313-43-48,CARBONO,0.313,2889.89
2026-02-23 18:08,PL-CARB-0.313-40-48,CARBONO,0.313,3309.38
2026-02-23 18:08,PL-CARB-0.313-40-48,CARBONO,0.313,3309.38
2026-02-23 18:08,PL-CARB-0.313-40-48,CARBONO,0.313,3309.38
2026-02-23 18:08,PL-CARB-0.25-240-19,CARBONO,0.25,11331.93
2026-02-23 18:08,PL-CARB-0.25-240-47,CARBONO,0.25,16132.1
2026-02-23 18:08,PL-CARB-0.375-240-25,CARBONO,0.375,9396.27
2026-02-23 18:08,PL-CARB-0.375-24-72,CARBONO,0.375,3636.27
2026-02-23 18:08,PL-CARB-0.313-240-19,CARBONO,0.313,7332.19
2026-02-23 18:08,PL-CARB-0.313-240-19,CARBONO,0.313,7823.07
2026-02-23 18:08,PL-CARB-0.313-240-19,CARBONO,0.313,7300.49
2026-02-23 18:08,PL-CARB-0.313-41-96,CARBONO,0.313,8671.16
2026-02-23 18:08,PL-CARB-0.313-43-48,CARBONO,0.313,2889.89
2026-02-23 18:08,PL-CARB-0.313-40-48,CARBONO,0.313,3309.38
2026-02-23 18:08,PL-CARB-0.313-40-48,CARBONO,0.313,3309.38
2026-02-23 18:08,PL-CARB-0.313-40-48,CARBONO,0.313,3309.38
2026-02-23 18:08,PL-CARB-0.313-40-48,CARBONO,0.313,3309.38
2026-02-23 18:08,PL-CARB-0.25-240-19,CARBONO,0.25,11331.93
2026-02-23 18:08,PL-CARB-0.25-240-21,CARBONO,0.25,8772.05
2026-02-23 18:08,PL-CARB-0.25-134-96,CARBONO,0.25,18434.74
2026-02-23 18:15,PL-CARB-0.375-240-25,CARBONO,0.375,9396.27
2026-02-23 18:15,PL-CARB-0.375-240-25,CARBONO,0.375,9396.27
2026-02-23 18:15,PL-CARB-0.375-240-25,CARBONO,0.375,9396.27
2026-02-23 18:15,PL-CARB-0.375-24-72,CARBONO,0.375,3636.27
2026-02-23 18:15,PL-CARB-0.313-240-19,CARBONO,0.313,7332.19
2026-02-23 18:15,PL-CARB-0.313-240-19,CARBONO,0.313,7332.19
2026-02-23 18:16,PL-CARB-0.313-240-19,CARBONO,0.313,7577.63
2026-02-23 18:16,PL-CARB-0.313-240-19,CARBONO,0.313,8068.51
2026-02-23 18:16,PL-CARB-0.313-240-19,CARBONO,0.313,8068.51
2026-02-23 18:16,PL-CARB-0.313-240-19,CARBONO,0.313,9411.73
2026-02-23 18:16,PL-CARB-0.313-41-96,CARBONO,0.313,8643.71
2026-02-23 18:16,PL-CARB-0.313-41-96,CARBONO,0.313,8689.46
2026-02-23 18:16,PL-CARB-0.313-43-48,CARBONO,0.313,2889.89
2026-02-23 18:16,PL-CARB-0.313-43-48,CARBONO,0.313,2889.89
2026-02-23 18:16,PL-CARB-0.313-240-15,CARBONO,0.313,10367.42
2026-02-23 18:16,PL-CARB-0.313-40-48,CARBONO,0.313,3309.38
2026-02-23 18:16,PL-CARB-0.313-40-48,CARBONO,0.313,3309.38
2026-02-23 18:16,PL-CARB-0.313-40-48,CARBONO,0.313,3309.38
2026-02-23 18:16,PL-CARB-0.313-40-48,CARBONO,0.313,3309.38
2026-02-23 18:16,PL-CARB-0.25-240-19,CARBONO,0.25,11331.93
2026-02-23 18:16,PL-CARB-0.25-240-19,CARBONO,0.25,11331.93
2026-02-23 18:16,PL-CARB-0.25-52-96,CARBONO,0.25,12931.99
2026-02-23 18:16,PL-CARB-0.25-240-47,CARBONO,0.25,13829.47
2026-02-23 18:16,PL-CARB-0.25-240-47,CARBONO,0.25,16132.1
2026-02-23 18:16,PL-CARB-0.375-24-72,CARBONO,0.375,3636.27
2026-02-23 18:16,PL-CARB-0.313-240-19,CARBONO,0.313,7577.63
2026-02-23 18:16,PL-CARB-0.313-240-19,CARBONO,0.313,9420.88
2026-02-23 18:16,PL-CARB-0.313-43-48,CARBONO,0.313,2889.89
2026-02-23 18:16,PL-CARB-0.313-40-48,CARBONO,0.313,3309.38
2026-02-23 18:16,PL-CARB-0.313-40-48,CARBONO,0.313,3309.38
2026-02-23 18:16,PL-CARB-0.25-240-9,CARBONO,0.25,4291.99
2026-02-23 18:16,PL-CARB-0.25-191-96,CARBONO,0.25,20737.37
2026-02-23 18:16,PL-CARB-0.375-240-25,CARBONO,0.375,9396.27
2026-02-23 18:16,PL-CARB-0.375-20-72,CARBONO,0.375,1818.13
2026-02-23 18:16,PL-CARB-0.313-240-19,CARBONO,0.313,7332.19
2026-02-23 18:16,PL-CARB-0.313-240-19,CARBONO,0.313,8068.51
2026-02-23 18:16,PL-CARB-0.313-41-96,CARBONO,0.313,8662.01
2026-02-23 18:16,PL-CARB-0.313-43-48,CARBONO,0.313,2889.89
2026-02-23 18:16,PL-CARB-0.313-40-48,CARBONO,0.313,3309.38
2026-02-23 18:16,PL-CARB-0.313-40-48,CARBONO,0.313,3309.38
2026-02-23 18:16,PL-CARB-0.313-40-48,CARBONO,0.313,3309.38
2026-02-23 18:16,PL-CARB-0.25-240-19,CARBONO,0.25,11331.93
2026-02-23 18:16,PL-CARB-0.25-240-47,CARBONO,0.25,16132.1
2026-02-23 18:16,PL-CARB-0.375-240-25,CARBONO,0.375,9396.27
2026-02-23 18:16,PL-CARB-0.375-24-72,CARBONO,0.375,3636.27
2026-02-23 18:16,PL-CARB-0.313-240-19,CARBONO,0.313,7332.19
2026-02-23 18:16,PL-CARB-0.313-240-19,CARBONO,0.313,7823.07
2026-02-23 18:16,PL-CARB-0.313-240-19,CARBONO,0.313,7300.49
2026-02-23 18:16,PL-CARB-0.313-41-96,CARBONO,0.313,8671.16
2026-02-23 18:16,PL-CARB-0.313-43-48,CARBONO,0.313,2889.89
2026-02-23 18:16,PL-CARB-0.313-40-48,CARBONO,0.313,3309.38
2026-02-23 18:16,PL-CARB-0.313-40-48,CARBONO,0.313,3309.38
2026-02-23 18:16,PL-CARB-0.313-40-48,CARBONO,0.313,3309.38
2026-02-23 18:16,PL-CARB-0.313-40-48,CARBONO,0.313,3309.38
2026-02-23 18:16,PL-CARB-0.25-240-19,CARBONO,0.25,11331.93
2026-02-23 18:16,PL-CARB-0.25-240-21,CARBONO,0.25,8772.05
2026-02-23 18:16,PL-CARB-0.25-134-96,CARBONO,0.25,18434.74
2026-02-23 18:17,PL-CARB-0.375-240-25,CARBONO,0.375,9396.27
2026-02-23 18:17,PL-CARB-0.375-240-25,CARBONO,0.375,9396.27
2026-02-23 18:17,PL-CARB-0.375-240-25,CARBONO,0.375,9396.27
2026-02-23 18:17,PL-CARB-0.375-24-72,CARBONO,0.375,3636.27
2026-02-23 18:17,PL-CARB-0.313-240-19,CARBONO,0.313,7332.19
2026-02-23 18:17,PL-CARB-0.313-240-19,CARBONO,0.313,7332.19
2026-02-23 18:17,PL-CARB-0.313-240-19,CARBONO,0.313,7577.63
2026-02-23 18:18,PL-CARB-0.313-240-19,CARBONO,0.313,8068.51
2026-02-23 18:18,PL-CARB-0.313-240-19,CARBONO,0.313,8068.51
2026-02-23 18:18,PL-CARB-0.313-240-19,CARBONO,0.313,9411.73
2026-02-23 18:18,PL-CARB-0.313-41-96,CARBONO,0.313,8643.71
2026-02-23 18:18,PL-CARB-0.313-41-96,CARBONO,0.313,8689.46
2026-02-23 18:18,PL-CARB-0.313-43-48,CARBONO,0.313,2889.89
2026-02-23 18:18,PL-CARB-0.313-43-48,CARBONO,0.313,2889.89
2026-02-23 18:18,PL-CARB-0.313-240-15,CARBONO,0.313,10367.42
2026-02-23 18:18,PL-CARB-0.313-40-48,CARBONO,0.313,3309.38
2026-02-23 18:18,PL-CARB-0.313-40-48,CARBONO,0.313,3309.38
2026-02-23 18:18,PL-CARB-0.313-40-48,CARBONO,0.313,3309.38
2026-02-23 18:18,PL-CARB-0.313-40-48,CARBONO,0.313,3309.38
2026-02-23 18:18,PL-CARB-0.25-240-19,CARBONO,0.25,11331.93
2026-02-23 18:18,PL-CARB-0.25-240-19,CARBONO,0.25,11331.93
2026-02-23 18:18,PL-CARB-0.25-52-96,CARBONO,0.25,12931.99
2026-02-23 18:18,PL-CARB-0.25-240-47,CARBONO,0.25,13829.47
2026-02-23 18:18,PL-CARB-0.25-240-47,CARBONO,0.25,16132.1
2026-02-23 18:18,PL-CARB-0.375-24-72,CARBONO,0.375,3636.27
2026-02-23 18:18,PL-CARB-0.313-240-19,CARBONO,0.313,7577.63
2026-02-23 18:18,PL-CARB-0.313-240-19,CARBONO,0.313,9420.88
2026-02-23 18:18,PL-CARB-0.313-43-48,CARBONO,0.313,2889.89
2026-02-23 18:18,PL-CARB-0.313-40-48,CARBONO,0.313,3309.38
2026-02-23 18:18,PL-CARB-0.313-40-48,CARBONO,0.313,3309.38
2026-02-23 18:18,PL-CARB-0.25-240-9,CARBONO,0.25,4291.99
2026-02-23 18:18,PL-CARB-0.25-191-96,CARBONO,0.25,20737.37
2026-02-23 18:18,PL-CARB-0.375-240-25,CARBONO,0.375,9396.27
2026-02-23 18:18,PL-CARB-0.375-20-72,CARBONO,0.375,1818.13
2026-02-23 18:18,PL-CARB-0.313-240-19,CARBONO,0.313,7332.19
2026-02-23 18:18,PL-CARB-0.313-240-19,CARBONO,0.313,8068.51
2026-02-23 18:18,PL-CARB-0.313-41-96,CARBONO,0.313,8662.01
2026-02-23 18:18,PL-CARB-0.313-43-48,CARBONO,0.313,2889.89
2026-02-23 18:18,PL-CARB-0.313-40-48,CARBONO,0.313,3309.38
2026-02-23 18:18,PL-CARB-0.313-40-48,CARBONO,0.313,3309.38
2026-02-23 18:18,PL-CARB-0.313-40-48,CARBONO,0.313,3309.38
2026-02-23 18:18,PL-CARB-0.25-240-19,CARBONO,0.25,11331.93
2026-02-23 18:18,PL-CARB-0.25-240-47,CARBONO,0.25,16132.1
2026-02-23 18:18,PL-CARB-0.375-240-25,CARBONO,0.375,9396.27
2026-02-23 18:18,PL-CARB-0.375-24-72,CARBONO,0.375,3636.27
2026-02-23 18:18,PL-CARB-0.313-240-19,CARBONO,0.313,7332.19
2026-02-23 18:18,PL-CARB-0.313-240-19,CARBONO,0.313,7823.07
2026-02-23 18:18,PL-CARB-0.313-240-19,CARBONO,0.313,7300.49
2026-02-23 18:18,PL-CARB-0.313-41-96,CARBONO,0.313,8671.16
2026-02-23 18:18,PL-CARB-0.313-43-48,CARBONO,0.313,2889.89
2026-02-23 18:18,PL-CARB-0.313-40-48,CARBONO,0.313,3309.38
2026-02-23 18:18,PL-CARB-0.313-40-48,CARBONO,0.313,3309.38
2026-02-23 18:18,PL-CARB-0.313-40-48,CARBONO,0.313,3309.38
2026-02-23 18:18,PL-CARB-0.313-40-48,CARBONO,0.313,3309.38
2026-02-23 18:18,PL-CARB-0.25-240-19,CARBONO,0.25,11331.93
2026-02-23 18:18,PL-CARB-0.25-240-21,CARBONO,0.25,8772.05
2026-02-23 18:18,PL-CARB-0.25-134-96,CARBONO,0.25,18434.74
2026-02-23 18:19,PL-CARB-0.375-240-25,CARBONO,0.375,9396.27
2026-02-23 18:19,PL-CARB-0.375-240-25,CARBONO,0.375,9396.27
2026-02-23 18:19,PL-CARB-0.375-240-25,CARBONO,0.375,9396.27
2026-02-23 18:19,PL-CARB-0.375-24-72,CARBONO,0.375,3636.27
2026-02-23 18:19,PL-CARB-0.313-240-19,CARBONO,0.313,7332.19
2026-02-23 18:19,PL-CARB-0.313-240-19,CARBONO,0.313,7332.19
2026-02-23 18:19,PL-CARB-0.313-240-19,CARBONO,0.313,7577.63
2026-02-23 18:20,PL-CARB-0.313-240-19,CARBONO,0.313,8068.51
2026-02-23 18:20,PL-CARB-0.313-240-19,CARBONO,0.313,8068.51
2026-02-23 18:20,PL-CARB-0.313-240-19,CARBONO,0.313,9411.73
2026-02-23 18:20,PL-CARB-0.313-41-96,CARBONO,0.313,8643.71
2026-02-23 18:20,PL-CARB-0.313-41-96,CARBONO,0.313,8689.46
2026-02-23 18:20,PL-CARB-0.313-43-48,CARBONO,0.313,2889.89
2026-02-23 18:20,PL-CARB-0.313-43-48,CARBONO,0.313,2889.89
2026-02-23 18:20,PL-CARB-0.313-240-15,CARBONO,0.313,10367.42
2026-02-23 18:20,PL-CARB-0.313-40-48,CARBONO,0.313,3309.38
2026-02-23 18:20,PL-CARB-0.313-40-48,CARBONO,0.313,3309.38
2026-02-23 18:20,PL-CARB-0.313-40-48,CARBONO,0.313,3309.38
2026-02-23 18:20,PL-CARB-0.313-40-48,CARBONO,0.313,3309.38
2026-02-23 18:20,PL-CARB-0.25-240-19,CARBONO,0.25,11331.93
2026-02-23 18:20,PL-CARB-0.25-240-19,CARBONO,0.25,11331.93
2026-02-23 18:20,PL-CARB-0.25-52-96,CARBONO,0.25,12931.99
2026-02-23 18:20,PL-CARB-0.25-240-47,CARBONO,0.25,13829.47
2026-02-23 18:20,PL-CARB-0.25-240-47,CARBONO,0.25,16132.1
2026-02-23 18:20,PL-CARB-0.375-24-72,CARBONO,0.375,3636.27
2026-02-23 18:20,PL-CARB-0.313-240-19,CARBONO,0.313,7577.63
2026-02-23 18:20,PL-CARB-0.313-240-19,CARBONO,0.313,9420.88
2026-02-23 18:20,PL-CARB-0.313-43-48,CARBONO,0.313,2889.89
2026-02-23 18:20,PL-CARB-0.313-40-48,CARBONO,0.313,3309.38
2026-02-23 18:20,PL-CARB-0.313-40-48,CARBONO,0.313,3309.38
2026-02-23 18:20,PL-CARB-0.25-240-9,CARBONO,0.25,4291.99
2026-02-23 18:20,PL-CARB-0.25-191-96,CARBONO,0.25,20737.37
2026-02-23 18:20,PL-CARB-0.375-240-25,CARBONO,0.375,9396.27
2026-02-23 18:20,PL-CARB-0.375-20-72,CARBONO,0.375,1818.13
2026-02-23 18:20,PL-CARB-0.313-240-19,CARBONO,0.313,7332.19
2026-02-23 18:20,PL-CARB-0.313-240-19,CARBONO,0.313,8068.51
2026-02-23 18:20,PL-CARB-0.313-41-96,CARBONO,0.313,8662.01
2026-02-23 18:20,PL-CARB-0.313-43-48,CARBONO,0.313,2889.89
2026-02-23 18:20,PL-CARB-0.313-40-48,CARBONO,0.313,3309.38
2026-02-23 18:20,PL-CARB-0.313-40-48,CARBONO,0.313,3309.38
2026-02-23 18:20,PL-CARB-0.313-40-48,CARBONO,0.313,3309.38
2026-02-23 18:20,PL-CARB-0.25-240-19,CARBONO,0.25,11331.93
2026-02-23 18:20,PL-CARB-0.25-240-47,CARBONO,0.25,16132.1
2026-02-23 18:20,PL-CARB-0.375-240-25,CARBONO,0.375,9396.27
2026-02-23 18:20,PL-CARB-0.375-24-72,CARBONO,0.375,3636.27
2026-02-23 18:20,PL-CARB-0.313-240-19,CARBONO,0.313,7332.19
2026-02-23 18:20,PL-CARB-0.313-240-19,CARBONO,0.313,7823.07
2026-02-23 18:20,PL-CARB-0.313-240-19,CARBONO,0.313,7300.49
2026-02-23 18:20,PL-CARB-0.313-41-96,CARBONO,0.313,8671.16
2026-02-23 18:20,PL-CARB-0.313-43-48,CARBONO,0.313,2889.89
2026-02-23 18:20,PL-CARB-0.313-40-48,CARBONO,0.313,3309.38
2026-02-23 18:20,PL-CARB-0.313-40-48,CARBONO,0.313,3309.38
2026-02-23 18:20,PL-CARB-0.313-40-48,CARBONO,0.313,3309.38
2026-02-23 18:20,PL-CARB-0.313-40-48,CARBONO,0.313,3309.38
2026-02-23 18:20,PL-CARB-0.25-240-19,CARBONO,0.25,11331.93
2026-02-23 18:20,PL-CARB-0.25-240-21,CARBONO,0.25,8772.05
2026-02-23 18:20,PL-CARB-0.25-134-96,CARBONO,0.25,18434.74
2026-02-23 18:26,PL-CARB-0.375-240-25,CARBONO,0.375,9396.27
2026-02-23 18:26,PL-CARB-0.375-240-25,CARBONO,0.375,9396.27
2026-02-23 18:26,PL-CARB-0.375-240-25,CARBONO,0.375,9396.27
2026-02-23 18:26,PL-CARB-0.375-24-72,CARBONO,0.375,3636.27
2026-02-23 18:26,PL-CARB-0.313-240-19,CARBONO,0.313,7332.19
2026-02-23 18:26,PL-CARB-0.313-240-19,CARBONO,0.313,7332.19
2026-02-23 18:26,PL-CARB-0.313-240-19,CARBONO,0.313,7577.63
2026-02-23 18:26,PL-CARB-0.313-240-19,CARBONO,0.313,8068.51
2026-02-23 18:26,PL-CARB-0.313-240-19,CARBONO,0.313,8068.51
2026-02-23 18:26,PL-CARB-0.313-240-19,CARBONO,0.313,9411.73
2026-02-23 18:26,PL-CARB-0.313-41-96,CARBONO,0.313,8643.71
2026-02-23 18:26,PL-CARB-0.313-41-96,CARBONO,0.313,8689.46
2026-02-23 18:26,PL-CARB-0.313-43-48,CARBONO,0.313,2889.89
2026-02-23 18:26,PL-CARB-0.313-43-48,CARBONO,0.313,2889.89
2026-02-23 18:26,PL-CARB-0.313-240-15,CARBONO,0.313,10367.42
2026-02-23 18:26,PL-CARB-0.313-40-48,CARBONO,0.313,3309.38
2026-02-23 18:26,PL-CARB-0.313-40-48,CARBONO,0.313,3309.38
2026-02-23 18:26,PL-CARB-0.313-40-48,CARBONO,0.313,3309.38
2026-02-23 18:26,PL-CARB-0.313-40-48,CARBONO,0.313,3309.38
2026-02-23 18:26,PL-CARB-0.25-240-19,CARBONO,0.25,11331.93
2026-02-23 18:26,PL-CARB-0.25-240-19,CARBONO,0.25,11331.93
2026-02-23 18:26,PL-CARB-0.25-52-96,CARBONO,0.25,12931.99
2026-02-23 18:26,PL-CARB-0.25-240-47,CARBONO,0.25,13829.47
2026-02-23 18:26,PL-CARB-0.25-240-47,CARBONO,0.25,16132.1
2026-02-23 18:26,PL-CARB-0.375-24-72,CARBONO,0.375,3636.27
2026-02-23 18:27,PL-CARB-0.313-240-19,CARBONO,0.313,7577.63
2026-02-23 18:27,PL-CARB-0.313-240-19,CARBONO,0.313,9420.88
2026-02-23 18:27,PL-CARB-0.313-43-48,CARBONO,0.313,2889.89
2026-02-23 18:27,PL-CARB-0.313-40-48,CARBONO,0.313,3309.38
2026-02-23 18:27,PL-CARB-0.313-40-48,CARBONO,0.313,3309.38
2026-02-23 18:27,PL-CARB-0.25-240-9,CARBONO,0.25,4291.99
2026-02-23 18:27,PL-CARB-0.25-191-96,CARBONO,0.25,20737.37
2026-02-23 18:27,PL-CARB-0.375-240-25,CARBONO,0.375,9396.27
2026-02-23 18:27,PL-CARB-0.375-20-72,CARBONO,0.375,1818.13
2026-02-23 18:27,PL-CARB-0.313-240-19,CARBONO,0.313,7332.19
2026-02-23 18:27,PL-CARB-0.313-240-19,CARBONO,0.313,8068.51
2026-02-23 18:27,PL-CARB-0.313-41-96,CARBONO,0.313,8662.01
2026-02-23 18:27,PL-CARB-0.313-43-48,CARBONO,0.313,2889.89
2026-02-23 18:27,PL-CARB-0.313-40-48,CARBONO,0.313,3309.38
2026-02-23 18:27,PL-CARB-0.313-40-48,CARBONO,0.313,3309.38
2026-02-23 18:27,PL-CARB-0.313-40-48,CARBONO,0.313,3309.38
2026-02-23 18:27,PL-CARB-0.25-240-19,CARBONO,0.25,11331.93
2026-02-23 18:27,PL-CARB-0.25-240-47,CARBONO,0.25,16132.1
2026-02-23 18:27,PL-CARB-0.375-240-25,CARBONO,0.375,9396.27
2026-02-23 18:27,PL-CARB-0.375-24-72,CARBONO,0.375,3636.27
2026-02-23 18:27,PL-CARB-0.313-240-19,CARBONO,0.313,7332.19
2026-02-23 18:27,PL-CARB-0.313-240-19,CARBONO,0.313,7823.07
2026-02-23 18:27,PL-CARB-0.313-240-19,CARBONO,0.313,7300.49
2026-02-23 18:27,PL-CARB-0.313-41-96,CARBONO,0.313,8671.16
2026-02-23 18:27,PL-CARB-0.313-43-48,CARBONO,0.313,2889.89
2026-02-23 18:27,PL-CARB-0.313-40-48,CARBONO,0.313,3309.38
2026-02-23 18:27,PL-CARB-0.313-40-48,CARBONO,0.313,3309.38
2026-02-23 18:27,PL-CARB-0.313-40-48,CARBONO,0.313,3309.38
2026-02-23 18:27,PL-CARB-0.313-40-48,CARBONO,0.313,3309.38
2026-02-23 18:27,PL-CARB-0.25-240-19,CARBONO,0.25,11331.93
2026-02-23 18:27,PL-CARB-0.25-240-21,CARBONO,0.25,8772.05
2026-02-23 18:27,PL-CARB-0.25-134-96,CARBONO,0.25,18434.74
2026-02-23 18:31,PL-CARB-0.375-240-25,CARBONO,0.375,9396.27
2026-02-23 18:31,PL-CARB-0.375-240-25,CARBONO,0.375,9396.27
2026-02-23 18:31,PL-CARB-0.375-240-25,CARBONO,0.375,9396.27
2026-02-23 18:31,PL-CARB-0.375-24-72,CARBONO,0.375,3636.27
2026-02-23 18:31,PL-CARB-0.313-240-19,CARBONO,0.313,7332.19
2026-02-23 18:31,PL-CARB-0.313-240-19,CARBONO,0.313,7332.19
2026-02-23 18:31,PL-CARB-0.313-240-19,CARBONO,0.313,7577.63
2026-02-23 18:31,PL-CARB-0.313-240-19,CARBONO,0.313,8068.51
2026-02-23 18:31,PL-CARB-0.313-240-19,CARBONO,0.313,8068.51
2026-02-23 18:31,PL-CARB-0.313-240-19,CARBONO,0.313,9411.73
2026-02-23 18:31,PL-CARB-0.313-41-96,CARBONO,0.313,8643.71
2026-02-23 18:31,PL-CARB-0.313-41-96,CARBONO,0.313,8689.46
2026-02-23 18:31,PL-CARB-0.313-43-48,CARBONO,0.313,2889.89
2026-02-23 18:31,PL-CARB-0.313-43-48,CARBONO,0.313,2889.89
2026-02-23 18:31,PL-CARB-0.313-240-15,CARBONO,0.313,10367.42
2026-02-23 18:31,PL-CARB-0.313-40-48,CARBONO,0.313,3309.38
2026-02-23 18:31,PL-CARB-0.313-40-48,CARBONO,0.313,3309.38
2026-02-23 18:31,PL-CARB-0.313-40-48,CARBONO,0.313,3309.38
2026-02-23 18:31,PL-CARB-0.313-40-48,CARBONO,0.313,3309.38
2026-02-23 18:31,PL-CARB-0.25-240-19,CARBONO,0.25,11331.93
2026-02-23 18:31,PL-CARB-0.25-240-19,CARBONO,0.25,11331.93
2026-02-23 18:31,PL-CARB-0.25-52-96,CARBONO,0.25,12931.99
2026-02-23 18:31,PL-CARB-0.25-240-47,CARBONO,0.25,13829.47
2026-02-23 18:31,PL-CARB-0.25-240-47,CARBONO,0.25,16132.1
2026-02-23 18:31,PL-CARB-0.375-24-72,CARBONO,0.375,3636.27
2026-02-23 18:31,PL-CARB-0.313-240-19,CARBONO,0.313,7577.63
2026-02-23 18:31,PL-CARB-0.313-240-19,CARBONO,0.313,9420.88
2026-02-23 18:31,PL-CARB-0.313-43-48,CARBONO,0.313,2889.89
2026-02-23 18:31,PL-CARB-0.313-40-48,CARBONO,0.313,3309.38
2026-02-23 18:31,PL-CARB-0.313-40-48,CARBONO,0.313,3309.38
2026-02-23 18:31,PL-CARB-0.25-240-9,CARBONO,0.25,4291.99
2026-02-23 18:31,PL-CARB-0.25-191-96,CARBONO,0.25,20737.37
2026-02-23 18:31,PL-CARB-0.375-240-25,CARBONO,0.375,9396.27
2026-02-23 18:31,PL-CARB-0.375-20-72,CARBONO,0.375,1818.13
2026-02-23 18:31,PL-CARB-0.313-240-19,CARBONO,0.313,7332.19
2026-02-23 18:31,PL-CARB-0.313-240-19,CARBONO,0.313,8068.51
2026-02-23 18:32,PL-CARB-0.313-41-96,CARBONO,0.313,8662.01
2026-02-23 18:32,PL-CARB-0.313-43-48,CARBONO,0.313,2889.89
2026-02-23 18:32,PL-CARB-0.313-40-48,CARBONO,0.313,3309.38
2026-02-23 18:32,PL-CARB-0.313-40-48,CARBONO,0.313,3309.38
2026-02-23 18:32,PL-CARB-0.313-40-48,CARBONO,0.313,3309.38
2026-02-23 18:32,PL-CARB-0.25-240-19,CARBONO,0.25,11331.93
2026-02-23 18:32,PL-CARB-0.25-240-47,CARBONO,0.25,16132.1
2026-02-23 18:32,PL-CARB-0.375-240-25,CARBONO,0.375,9396.27
2026-02-23 18:32,PL-CARB-0.375-24-72,CARBONO,0.375,3636.27
2026-02-23 18:32,PL-CARB-0.313-240-19,CARBONO,0.313,7332.19
2026-02-23 18:32,PL-CARB-0.313-240-19,CARBONO,0.313,7823.07
2026-02-23 18:32,PL-CARB-0.313-240-19,CARBONO,0.313,7300.49
2026-02-23 18:32,PL-CARB-0.313-41-96,CARBONO,0.313,8671.16
2026-02-23 18:32,PL-CARB-0.313-43-48,CARBONO,0.313,2889.89
2026-02-23 18:32,PL-CARB-0.313-40-48,CARBONO,0.313,3309.38
2026-02-23 18:32,PL-CARB-0.313-40-48,CARBONO,0.313,3309.38
2026-02-23 18:32,PL-CARB-0.313-40-48,CARBONO,0.313,3309.38
2026-02-23 18:32,PL-CARB-0.313-40-48,CARBONO,0.313,3309.38
2026-02-23 18:32,PL-CARB-0.25-240-19,CARBONO,0.25,11331.93
2026-02-23 18:32,PL-CARB-0.25-240-21,CARBONO,0.25,8772.05
2026-02-23 18:32,PL-CARB-0.25-134-96,CARBONO,0.25,18434.74
2026-02-23 18:34,PL-CARB-0.375-240-25,CARBONO,0.375,9396.27
2026-02-23 18:34,PL-CARB-0.375-240-25,CARBONO,0.375,9396.27
2026-02-23 18:34,PL-CARB-0.375-240-25,CARBONO,0.375,9396.27
2026-02-23 18:34,PL-CARB-0.375-24-72,CARBONO,0.375,3636.27
2026-02-23 18:36,PL-CARB-0.375-240-25,CARBONO,0.375,9396.27
2026-02-23 18:36,PL-CARB-0.375-240-25,CARBONO,0.375,9396.27
2026-02-23 18:36,PL-CARB-0.375-240-25,CARBONO,0.375,9396.27
2026-02-23 18:36,PL-CARB-0.375-24-72,CARBONO,0.375,3636.27
2026-02-23 18:36,PL-CARB-0.313-240-19,CARBONO,0.313,7332.19
2026-02-23 18:36,PL-CARB-0.313-240-19,CARBONO,0.313,7332.19
2026-02-23 18:36,PL-CARB-0.313-240-19,CARBONO,0.313,7577.63
2026-02-23 18:36,PL-CARB-0.313-240-19,CARBONO,0.313,8068.51
2026-02-23 18:36,PL-CARB-0.313-240-19,CARBONO,0.313,8068.51
2026-02-23 18:36,PL-CARB-0.313-240-19,CARBONO,0.313,9411.73
2026-02-23 18:36,PL-CARB-0.313-41-96,CARBONO,0.313,8643.71
2026-02-23 18:36,PL-CARB-0.313-41-96,CARBONO,0.313,8689.46
2026-02-23 18:36,PL-CARB-0.313-43-48,CARBONO,0.313,2889.89
2026-02-23 18:36,PL-CARB-0.313-43-48,CARBONO,0.313,2889.89
2026-02-23 18:36,PL-CARB-0.313-240-15,CARBONO,0.313,10367.42
2026-02-23 18:37,PL-CARB-0.313-40-48,CARBONO,0.313,3309.38
2026-02-23 18:37,PL-CARB-0.313-40-48,CARBONO,0.313,3309.38
2026-02-23 18:37,PL-CARB-0.313-40-48,CARBONO,0.313,3309.38
2026-02-23 18:37,PL-CARB-0.313-40-48,CARBONO,0.313,3309.38
2026-02-23 18:37,PL-CARB-0.25-240-19,CARBONO,0.25,11331.93
2026-02-23 18:37,PL-CARB-0.25-240-19,CARBONO,0.25,11331.93
2026-02-23 18:37,PL-CARB-0.25-52-96,CARBONO,0.25,12931.99
2026-02-23 18:37,PL-CARB-0.25-240-47,CARBONO,0.25,13829.47
2026-02-23 18:37,PL-CARB-0.25-240-47,CARBONO,0.25,16132.1
2026-02-23 18:37,PL-CARB-0.375-24-72,CARBONO,0.375,3636.27
2026-02-23 18:37,PL-CARB-0.313-240-19,CARBONO,0.313,7577.63
2026-02-23 18:37,PL-CARB-0.313-240-19,CARBONO,0.313,9420.88
2026-02-23 18:37,PL-CARB-0.313-43-48,CARBONO,0.313,2889.89
2026-02-23 18:37,PL-CARB-0.313-40-48,CARBONO,0.313,3309.38
2026-02-23 18:37,PL-CARB-0.313-40-48,CARBONO,0.313,3309.38
2026-02-23 18:37,PL-CARB-0.25-240-9,CARBONO,0.25,4291.99
2026-02-23 18:37,PL-CARB-0.25-191-96,CARBONO,0.25,20737.37
2026-02-23 18:37,PL-CARB-0.375-240-25,CARBONO,0.375,9396.27
2026-02-23 18:37,PL-CARB-0.375-20-72,CARBONO,0.375,1818.13
2026-02-23 18:37,PL-CARB-0.313-240-19,CARBONO,0.313,7332.19
2026-02-23 18:37,PL-CARB-0.313-240-19,CARBONO,0.313,8068.51
2026-02-23 18:37,PL-CARB-0.313-41-96,CARBONO,0.313,8662.01
2026-02-23 18:37,PL-CARB-0.313-43-48,CARBONO,0.313,2889.89
2026-02-23 18:37,PL-CARB-0.313-40-48,CARBONO,0.313,3309.38
2026-02-23 18:37,PL-CARB-0.313-40-48,CARBONO,0.313,3309.38
2026-02-23 18:37,PL-CARB-0.313-40-48,CARBONO,0.313,3309.38
2026-02-23 18:37,PL-CARB-0.25-240-19,CARBONO,0.25,11331.93
2026-02-23 18:37,PL-CARB-0.25-240-47,CARBONO,0.25,16132.1
2026-02-23 18:37,PL-CARB-0.375-240-25,CARBONO,0.375,9396.27
2026-02-23 18:37,PL-CARB-0.375-24-72,CARBONO,0.375,3636.27
2026-02-23 18:37,PL-CARB-0.313-240-19,CARBONO,0.313,7332.19
2026-02-23 18:37,PL-CARB-0.313-240-19,CARBONO,0.313,7823.07
2026-02-23 18:37,PL-CARB-0.313-240-19,CARBONO,0.313,7300.49
2026-02-23 18:37,PL-CARB-0.313-41-96,CARBONO,0.313,8671.16
2026-02-23 18:37,PL-CARB-0.313-43-48,CARBONO,0.313,2889.89
2026-02-23 18:37,PL-CARB-0.313-40-48,CARBONO,0.313,3309.38
2026-02-23 18:37,PL-CARB-0.313-40-48,CARBONO,0.313,3309.38
2026-02-23 18:37,PL-CARB-0.313-40-48,CARBONO,0.313,3309.38
2026-02-23 18:37,PL-CARB-0.313-40-48,CARBONO,0.313,3309.38
2026-02-23 18:37,PL-CARB-0.25-240-19,CARBONO,0.25,11331.93
2026-02-23 18:37,PL-CARB-0.25-240-21,CARBONO,0.25,8772.05
2026-02-23 18:37,PL-CARB-0.25-134-96,CARBONO,0.25,18434.74
2026-02-23 18:42,PL-CARB-0.375-240-25,CARBONO,0.375,9396.27
2026-02-23 18:42,PL-CARB-0.375-240-25,CARBONO,0.375,9396.27
2026-02-23 18:42,PL-CARB-0.375-240-25,CARBONO,0.375,9396.27
2026-02-23 18:42,PL-CARB-0.375-24-72,CARBONO,0.375,3636.27
2026-02-23 18:42,PL-CARB-0.313-240-19,CARBONO,0.313,7332.19
2026-02-23 18:43,PL-CARB-0.313-240-19,CARBONO,0.313,7332.19
2026-02-23 18:43,PL-CARB-0.313-240-19,CARBONO,0.313,7577.63
2026-02-23 18:43,PL-CARB-0.313-240-19,CARBONO,0.313,8068.51
2026-02-23 18:43,PL-CARB-0.313-240-19,CARBONO,0.313,8068.51
2026-02-23 18:43,PL-CARB-0.313-240-19,CARBONO,0.313,9411.73
2026-02-23 18:43,PL-CARB-0.313-41-96,CARBONO,0.313,8643.71
2026-02-23 18:43,PL-CARB-0.313-41-96,CARBONO,0.313,8689.46
2026-02-23 18:43,PL-CARB-0.313-43-48,CARBONO,0.313,2889.89
2026-02-23 18:43,PL-CARB-0.313-43-48,CARBONO,0.313,2889.89
2026-02-23 18:43,PL-CARB-0.313-240-15,CARBONO,0.313,10367.42
2026-02-23 18:43,PL-CARB-0.313-40-48,CARBONO,0.313,3309.38
2026-02-23 18:43,PL-CARB-0.313-40-48,CARBONO,0.313,3309.38
2026-02-23 18:43,PL-CARB-0.313-40-48,CARBONO,0.313,3309.38
2026-02-23 18:43,PL-CARB-0.313-40-48,CARBONO,0.313,3309.38
2026-02-23 18:43,PL-CARB-0.25-240-19,CARBONO,0.25,11331.93
2026-02-23 18:43,PL-CARB-0.25-240-19,CARBONO,0.25,11331.93
2026-02-23 18:43,PL-CARB-0.25-52-96,CARBONO,0.25,12931.99
2026-02-23 18:43,PL-CARB-0.25-240-47,CARBONO,0.25,13829.47
2026-02-23 18:43,PL-CARB-0.25-240-47,CARBONO,0.25,16132.1
2026-02-23 18:43,PL-CARB-0.375-24-72,CARBONO,0.375,3636.27
2026-02-23 18:43,PL-CARB-0.313-240-19,CARBONO,0.313,7577.63
2026-02-23 18:43,PL-CARB-0.313-240-19,CARBONO,0.313,9420.88
2026-02-23 18:43,PL-CARB-0.313-43-48,CARBONO,0.313,2889.89
2026-02-23 18:43,PL-CARB-0.313-40-48,CARBONO,0.313,3309.38
2026-02-23 18:43,PL-CARB-0.313-40-48,CARBONO,0.313,3309.38
2026-02-23 18:43,PL-CARB-0.25-240-9,CARBONO,0.25,4291.99
2026-02-23 18:43,PL-CARB-0.25-191-96,CARBONO,0.25,20737.37
2026-02-23 18:43,PL-CARB-0.375-240-25,CARBONO,0.375,9396.27
2026-02-23 18:43,PL-CARB-0.375-20-72,CARBONO,0.375,1818.13
2026-02-23 18:43,PL-CARB-0.313-240-19,CARBONO,0.313,7332.19
2026-02-23 18:43,PL-CARB-0.313-240-19,CARBONO,0.313,8068.51
2026-02-23 18:43,PL-CARB-0.313-41-96,CARBONO,0.313,8662.01
2026-02-23 18:43,PL-CARB-0.313-43-48,CARBONO,0.313,2889.89
2026-02-23 18:43,PL-CARB-0.313-40-48,CARBONO,0.313,3309.38
2026-02-23 18:43,PL-CARB-0.313-40-48,CARBONO,0.313,3309.38
2026-02-23 18:43,PL-CARB-0.313-40-48,CARBONO,0.313,3309.38
2026-02-23 18:43,PL-CARB-0.25-240-19,CARBONO,0.25,11331.93
2026-02-23 18:43,PL-CARB-0.25-240-47,CARBONO,0.25,16132.1
2026-02-23 18:43,PL-CARB-0.375-240-25,CARBONO,0.375,9396.27
2026-02-23 18:43,PL-CARB-0.375-24-72,CARBONO,0.375,3636.27
2026-02-23 18:43,PL-CARB-0.313-240-19,CARBONO,0.313,7332.19
2026-02-23 18:43,PL-CARB-0.313-240-19,CARBONO,0.313,7823.07
2026-02-23 18:43,PL-CARB-0.313-240-19,CARBONO,0.313,7300.49
2026-02-23 18:43,PL-CARB-0.313-41-96,CARBONO,0.313,8671.16
2026-02-23 18:43,PL-CARB-0.313-43-48,CARBONO,0.313,2889.89
2026-02-23 18:43,PL-CARB-0.313-40-48,CARBONO,0.313,3309.38
2026-02-23 18:43,PL-CARB-0.313-40-48,CARBONO,0.313,3309.38
2026-02-23 18:43,PL-CARB-0.313-40-48,CARBONO,0.313,3309.38
2026-02-23 18:43,PL-CARB-0.313-40-48,CARBONO,0.313,3309.38
2026-02-23 18:43,PL-CARB-0.25-240-19,CARBONO,0.25,11331.93
2026-02-23 18:43,PL-CARB-0.25-240-21,CARBONO,0.25,8772.05
2026-02-23 18:43,PL-CARB-0.25-134-96,CARBONO,0.25,18434.74
2026-02-23 18:51,PL-CARB-0.375-240-25,CARBONO,0.375,9396.27
2026-02-23 18:51,PL-CARB-0.375-240-25,CARBONO,0.375,9396.27
2026-02-23 18:51,PL-CARB-0.375-240-25,CARBONO,0.375,9396.27
2026-02-23 18:51,PL-CARB-0.375-24-72,CARBONO,0.375,3636.27
2026-02-23 18:51,PL-CARB-0.313-240-19,CARBONO,0.313,7332.19
2026-02-23 18:51,PL-CARB-0.313-240-19,CARBONO,0.313,7332.19
2026-02-23 18:51,PL-CARB-0.313-240-19,CARBONO,0.313,7577.63
2026-02-23 18:51,PL-CARB-0.313-240-19,CARBONO,0.313,8068.51
2026-02-23 18:51,PL-CARB-0.313-240-19,CARBONO,0.313,8068.51
2026-02-23 18:51,PL-CARB-0.313-240-19,CARBONO,0.313,9411.73
2026-02-23 18:51,PL-CARB-0.313-41-96,CARBONO,0.313,8643.71
2026-02-23 18:51,PL-CARB-0.313-41-96,CARBONO,0.313,8689.46
2026-02-23 18:51,PL-CARB-0.313-43-48,CARBONO,0.313,2889.89
2026-02-23 18:51,PL-CARB-0.313-43-48,CARBONO,0.313,2889.89
2026-02-23 18:51,PL-CARB-0.313-240-15,CARBONO,0.313,10367.42
2026-02-23 18:51,PL-CARB-0.313-40-48,CARBONO,0.313,3309.38
2026-02-23 18:51,PL-CARB-0.313-40-48,CARBONO,0.313,3309.38
2026-02-23 18:51,PL-CARB-0.313-40-48,CARBONO,0.313,3309.38
2026-02-23 18:51,PL-CARB-0.313-40-48,CARBONO,0.313,3309.38
2026-02-23 18:51,PL-CARB-0.25-240-19,CARBONO,0.25,11331.93
2026-02-23 18:51,PL-CARB-0.25-240-19,CARBONO,0.25,11331.93
2026-02-23 18:51,PL-CARB-0.25-52-96,CARBONO,0.25,12931.99
2026-02-23 18:51,PL-CARB-0.25-240-47,CARBONO,0.25,13829.47
2026-02-23 18:51,PL-CARB-0.25-240-47,CARBONO,0.25,16132.1
2026-02-23 18:51,PL-CARB-0.375-24-72,CARBONO,0.375,3636.27
2026-02-23 18:51,PL-CARB-0.313-240-19,CARBONO,0.313,7577.63
2026-02-23 18:51,PL-CARB-0.313-240-19,CARBONO,0.313,9420.88
2026-02-23 18:51,PL-CARB-0.313-43-48,CARBONO,0.313,2889.89
2026-02-23 18:51,PL-CARB-0.313-40-48,CARBONO,0.313,3309.38
2026-02-23 18:51,PL-CARB-0.313-40-48,CARBONO,0.313,3309.38
2026-02-23 18:51,PL-CARB-0.25-240-9,CARBONO,0.25,4291.99
2026-02-23 18:51,PL-CARB-0.25-191-96,CARBONO,0.25,20737.37
2026-02-23 18:51,PL-CARB-0.375-240-25,CARBONO,0.375,9396.27
2026-02-23 18:51,PL-CARB-0.375-20-72,CARBONO,0.375,1818.13
2026-02-23 18:51,PL-CARB-0.313-240-19,CARBONO,0.313,7332.19
2026-02-23 18:51,PL-CARB-0.313-240-19,CARBONO,0.313,8068.51
2026-02-23 18:51,PL-CARB-0.313-41-96,CARBONO,0.313,8662.01
2026-02-23 18:51,PL-CARB-0.313-43-48,CARBONO,0.313,2889.89
2026-02-23 18:51,PL-CARB-0.313-40-48,CARBONO,0.313,3309.38
2026-02-23 18:51,PL-CARB-0.313-40-48,CARBONO,0.313,3309.38
2026-02-23 18:51,PL-CARB-0.313-40-48,CARBONO,0.313,3309.38
2026-02-23 18:51,PL-CARB-0.25-240-19,CARBONO,0.25,11331.93
2026-02-23 18:51,PL-CARB-0.25-240-47,CARBONO,0.25,16132.1
2026-02-23 18:51,PL-CARB-0.375-240-25,CARBONO,0.375,9396.27
2026-02-23 18:51,PL-CARB-0.375-24-72,CARBONO,0.375,3636.27
2026-02-23 18:51,PL-CARB-0.313-240-19,CARBONO,0.313,7332.19
2026-02-23 18:51,PL-CARB-0.313-240-19,CARBONO,0.313,7823.07
2026-02-23 18:51,PL-CARB-0.313-240-19,CARBONO,0.313,7300.49
2026-02-23 18:51,PL-CARB-0.313-41-96,CARBONO,0.313,8671.16
2026-02-23 18:51,PL-CARB-0.313-43-48,CARBONO,0.313,2889.89
2026-02-23 18:51,PL-CARB-0.313-40-48,CARBONO,0.313,3309.38
2026-02-23 18:51,PL-CARB-0.313-40-48,CARBONO,0.313,3309.38
2026-02-23 18:51,PL-CARB-0.313-40-48,CARBONO,0.313,3309.38
2026-02-23 18:51,PL-CARB-0.313-40-48,CARBONO,0.313,3309.38
2026-02-23 18:51,PL-CARB-0.25-240-19,CARBONO,0.25,11331.93
2026-02-23 18:51,PL-CARB-0.25-240-21,CARBONO,0.25,8772.05
2026-02-23 18:51,PL-CARB-0.25-134-96,CARBONO,0.25,18434.74
2026-02-23 18:52,PL-CARB-0.375-240-25,CARBONO,0.375,9396.27
2026-02-23 18:52,PL-CARB-0.375-240-25,CARBONO,0.375,9396.27
2026-02-23 18:52,PL-CARB-0.375-240-25,CARBONO,0.375,9396.27
2026-02-23 18:52,PL-CARB-0.375-24-72,CARBONO,0.375,3636.27
2026-02-23 18:52,PL-CARB-0.313-240-19,CARBONO,0.313,7332.19
2026-02-23 18:52,PL-CARB-0.313-240-19,CARBONO,0.313,7332.19
2026-02-23 18:52,PL-CARB-0.313-240-19,CARBONO,0.313,7577.63
2026-02-23 18:52,PL-CARB-0.313-240-19,CARBONO,0.313,8068.51
2026-02-23 18:52,PL-CARB-0.313-240-19,CARBONO,0.313,8068.51
2026-02-23 18:52,PL-CARB-0.313-240-19,CARBONO,0.313,9411.73
2026-02-23 18:52,PL-CARB-0.313-41-96,CARBONO,0.313,8643.71
2026-02-23 18:52,PL-CARB-0.313-41-96,CARBONO,0.313,8689.46
2026-02-23 18:52,PL-CARB-0.313-43-48,CARBONO,0.313,2889.89
2026-02-23 18:52,PL-CARB-0.313-43-48,CARBONO,0.313,2889.89
2026-02-23 18:52,PL-CARB-0.313-240-15,CARBONO,0.313,10367.42
2026-02-23 18:52,PL-CARB-0.313-40-48,CARBONO,0.313,3309.38
2026-02-23 18:52,PL-CARB-0.313-40-48,CARBONO,0.313,3309.38
2026-02-23 18:52,PL-CARB-0.313-40-48,CARBONO,0.313,3309.38
2026-02-23 18:52,PL-CARB-0.313-40-48,CARBONO,0.313,3309.38
2026-02-23 18:52,PL-CARB-0.25-240-19,CARBONO,0.25,11331.93
2026-02-23 18:52,PL-CARB-0.25-240-19,CARBONO,0.25,11331.93
2026-02-23 18:52,PL-CARB-0.25-52-96,CARBONO,0.25,12931.99
2026-02-23 18:52,PL-CARB-0.25-240-47,CARBONO,0.25,13829.47
2026-02-23 18:52,PL-CARB-0.25-240-47,CARBONO,0.25,16132.1
2026-02-23 18:52,PL-CARB-0.375-24-72,CARBONO,0.375,3636.27
2026-02-23 18:52,PL-CARB-0.313-240-19,CARBONO,0.313,7577.63
2026-02-23 18:52,PL-CARB-0.313-240-19,CARBONO,0.313,9420.88
2026-02-23 18:52,PL-CARB-0.313-43-48,CARBONO,0.313,2889.89
2026-02-23 18:52,PL-CARB-0.313-40-48,CARBONO,0.313,3309.38
2026-02-23 18:52,PL-CARB-0.313-40-48,CARBONO,0.313,3309.38
2026-02-23 18:52,PL-CARB-0.25-240-9,CARBONO,0.25,4291.99
2026-02-23 18:52,PL-CARB-0.25-191-96,CARBONO,0.25,20737.37
2026-02-23 18:52,PL-CARB-0.375-240-25,CARBONO,0.375,9396.27
2026-02-23 18:52,PL-CARB-0.375-20-72,CARBONO,0.375,1818.13
2026-02-23 18:52,PL-CARB-0.313-240-19,CARBONO,0.313,7332.19
2026-02-23 18:52,PL-CARB-0.313-240-19,CARBONO,0.313,8068.51
2026-02-23 18:52,PL-CARB-0.313-41-96,CARBONO,0.313,8662.01
2026-02-23 18:52,PL-CARB-0.313-43-48,CARBONO,0.313,2889.89
2026-02-23 18:52,PL-CARB-0.313-40-48,CARBONO,0.313,3309.38
2026-02-23 18:52,PL-CARB-0.313-40-48,CARBONO,0.313,3309.38
2026-02-23 18:52,PL-CARB-0.313-40-48,CARBONO,0.313,3309.38
2026-02-23 18:52,PL-CARB-0.25-240-19,CARBONO,0.25,11331.93
2026-02-23 18:52,PL-CARB-0.25-240-47,CARBONO,0.25,16132.1
2026-02-23 18:52,PL-CARB-0.375-240-25,CARBONO,0.375,9396.27
2026-02-23 18:52,PL-CARB-0.375-24-72,CARBONO,0.375,3636.27
2026-02-23 18:53,PL-CARB-0.313-240-19,CARBONO,0.313,7332.19
2026-02-23 18:53,PL-CARB-0.313-240-19,CARBONO,0.313,7823.07
2026-02-23 18:53,PL-CARB-0.313-240-19,CARBONO,0.313,7300.49
2026-02-23 18:53,PL-CARB-0.313-41-96,CARBONO,0.313,8671.16
2026-02-23 18:53,PL-CARB-0.313-43-48,CARBONO,0.313,2889.89
2026-02-23 18:53,PL-CARB-0.313-40-48,CARBONO,0.313,3309.38
2026-02-23 18:53,PL-CARB-0.313-40-48,CARBONO,0.313,3309.38
2026-02-23 18:53,PL-CARB-0.313-40-48,CARBONO,0.313,3309.38
2026-02-23 18:53,PL-CARB-0.313-40-48,CARBONO,0.313,3309.38
2026-02-23 18:53,PL-CARB-0.25-240-19,CARBONO,0.25,11331.93
2026-02-23 18:53,PL-CARB-0.25-240-21,CARBONO,0.25,8772.05
2026-02-23 18:53,PL-CARB-0.25-134-96,CARBONO,0.25,18434.74
2026-02-23 18:54,PL-CARB-0.375-240-25,CARBONO,0.375,9396.27
2026-02-23 18:54,PL-CARB-0.375-240-25,CARBONO,0.375,9396.27
2026-02-23 18:54,PL-CARB-0.375-240-25,CARBONO,0.375,9396.27
2026-02-23 18:54,PL-CARB-0.375-24-72,CARBONO,0.375,3636.27
2026-02-23 18:54,PL-CARB-0.313-240-19,CARBONO,0.313,7332.19
2026-02-23 18:54,PL-CARB-0.313-240-19,CARBONO,0.313,7332.19
2026-02-23 18:54,PL-CARB-0.313-240-19,CARBONO,0.313,7577.63
2026-02-23 18:54,PL-CARB-0.313-240-19,CARBONO,0.313,8068.51
2026-02-23 18:54,PL-CARB-0.313-240-19,CARBONO,0.313,8068.51
2026-02-23 18:54,PL-CARB-0.313-240-19,CARBONO,0.313,9411.73
2026-02-23 18:55,PL-CARB-0.313-41-96,CARBONO,0.313,8643.71
2026-02-23 18:55,PL-CARB-0.313-41-96,CARBONO,0.313,8689.46
2026-02-23 18:55,PL-CARB-0.313-43-48,CARBONO,0.313,2889.89
2026-02-23 18:55,PL-CARB-0.313-43-48,CARBONO,0.313,2889.89
2026-02-23 18:55,PL-CARB-0.313-240-15,CARBONO,0.313,10367.42
2026-02-23 18:55,PL-CARB-0.313-40-48,CARBONO,0.313,3309.38
2026-02-23 18:55,PL-CARB-0.313-40-48,CARBONO,0.313,3309.38
2026-02-23 18:55,PL-CARB-0.313-40-48,CARBONO,0.313,3309.38
2026-02-23 18:55,PL-CARB-0.313-40-48,CARBONO,0.313,3309.38
2026-02-23 18:55,PL-CARB-0.25-240-19,CARBONO,0.25,11331.93
2026-02-23 18:55,PL-CARB-0.25-240-19,CARBONO,0.25,11331.93
2026-02-23 18:55,PL-CARB-0.25-52-96,CARBONO,0.25,12931.99
2026-02-23 18:55,PL-CARB-0.25-240-47,CARBONO,0.25,13829.47
2026-02-23 18:55,PL-CARB-0.25-240-47,CARBONO,0.25,16132.1
2026-02-23 18:55,PL-CARB-0.375-24-72,CARBONO,0.375,3636.27
2026-02-23 18:55,PL-CARB-0.313-240-19,CARBONO,0.313,7577.63
2026-02-23 18:55,PL-CARB-0.313-240-19,CARBONO,0.313,9420.88
2026-02-23 18:55,PL-CARB-0.313-43-48,CARBONO,0.313,2889.89
2026-02-23 18:55,PL-CARB-0.313-40-48,CARBONO,0.313,3309.38
2026-02-23 18:55,PL-CARB-0.313-40-48,CARBONO,0.313,3309.38
2026-02-23 18:55,PL-CARB-0.25-240-9,CARBONO,0.25,4291.99
2026-02-23 18:55,PL-CARB-0.25-191-96,CARBONO,0.25,20737.37
2026-02-23 18:55,PL-CARB-0.375-240-25,CARBONO,0.375,9396.27
2026-02-23 18:55,PL-CARB-0.375-20-72,CARBONO,0.375,1818.13
2026-02-23 18:55,PL-CARB-0.313-240-19,CARBONO,0.313,7332.19
2026-02-23 18:55,PL-CARB-0.313-240-19,CARBONO,0.313,8068.51
2026-02-23 18:55,PL-CARB-0.313-41-96,CARBONO,0.313,8662.01
2026-02-23 18:55,PL-CARB-0.313-43-48,CARBONO,0.313,2889.89
2026-02-23 18:55,PL-CARB-0.313-40-48,CARBONO,0.313,3309.38
2026-02-23 18:55,PL-CARB-0.313-40-48,CARBONO,0.313,3309.38
2026-02-23 18:55,PL-CARB-0.313-40-48,CARBONO,0.313,3309.38
2026-02-23 18:55,PL-CARB-0.25-240-19,CARBONO,0.25,11331.93
2026-02-23 18:55,PL-CARB-0.25-240-47,CARBONO,0.25,16132.1
2026-02-23 18:55,PL-CARB-0.375-240-25,CARBONO,0.375,9396.27
2026-02-23 18:55,PL-CARB-0.375-24-72,CARBONO,0.375,3636.27
2026-02-23 18:55,PL-CARB-0.313-240-19,CARBONO,0.313,7332.19
2026-02-23 18:55,PL-CARB-0.313-240-19,CARBONO,0.313,7823.07
2026-02-23 18:55,PL-CARB-0.313-240-19,CARBONO,0.313,7300.49
2026-02-23 18:55,PL-CARB-0.313-41-96,CARBONO,0.313,8671.16
2026-02-23 18:55,PL-CARB-0.313-43-48,CARBONO,0.313,2889.89
2026-02-23 18:55,PL-CARB-0.313-40-48,CARBONO,0.313,3309.38
2026-02-23 18:55,PL-CARB-0.313-40-48,CARBONO,0.313,3309.38
2026-02-23 18:55,PL-CARB-0.313-40-48,CARBONO,0.313,3309.38
2026-02-23 18:55,PL-CARB-0.313-40-48,CARBONO,0.313,3309.38
2026-02-23 18:55,PL-CARB-0.25-240-19,CARBONO,0.25,11331.93
2026-02-23 18:55,PL-CARB-0.25-240-21,CARBONO,0.25,8772.05
2026-02-23 18:55,PL-CARB-0.25-134-96,CARBONO,0.25,18434.74
2026-02-23 18:57,PL-CARB-0.375-240-25,CARBONO,0.375,9396.27
2026-02-23 18:57,PL-CARB-0.375-240-25,CARBONO,0.375,9396.27
2026-02-23 18:57,PL-CARB-0.375-240-25,CARBONO,0.375,9396.27
2026-02-23 18:57,PL-CARB-0.375-24-72,CARBONO,0.375,3636.27
2026-02-23 18:58,PL-CARB-0.313-240-19,CARBONO,0.313,7332.19
2026-02-23 18:58,PL-CARB-0.313-240-19,CARBONO,0.313,7332.19
2026-02-23 18:58,PL-CARB-0.313-240-19,CARBONO,0.313,7577.63
2026-02-23 18:58,PL-CARB-0.313-240-19,CARBONO,0.313,8068.51
2026-02-23 18:58,PL-CARB-0.313-240-19,CARBONO,0.313,8068.51
2026-02-23 18:58,PL-CARB-0.313-240-19,CARBONO,0.313,9411.73
2026-02-23 18:58,PL-CARB-0.313-41-96,CARBONO,0.313,8643.71
2026-02-23 18:58,PL-CARB-0.313-41-96,CARBONO,0.313,8689.46
2026-02-23 18:58,PL-CARB-0.313-43-48,CARBONO,0.313,2889.89
2026-02-23 18:58,PL-CARB-0.313-43-48,CARBONO,0.313,2889.89
2026-02-23 18:58,PL-CARB-0.313-240-15,CARBONO,0.313,10367.42
2026-02-23 18:58,PL-CARB-0.313-40-48,CARBONO,0.313,3309.38
2026-02-23 18:58,PL-CARB-0.313-40-48,CARBONO,0.313,3309.38
2026-02-23 18:58,PL-CARB-0.313-40-48,CARBONO,0.313,3309.38
2026-02-23 18:58,PL-CARB-0.313-40-48,CARBONO,0.313,3309.38
2026-02-23 18:58,PL-CARB-0.25-240-19,CARBONO,0.25,11331.93
2026-02-23 18:58,PL-CARB-0.25-240-19,CARBONO,0.25,11331.93
2026-02-23 18:58,PL-CARB-0.25-52-96,CARBONO,0.25,12931.99
2026-02-23 18:58,PL-CARB-0.25-240-47,CARBONO,0.25,13829.47
2026-02-23 18:58,PL-CARB-0.25-240-47,CARBONO,0.25,16132.1
2026-02-23 18:58,PL-CARB-0.375-24-72,CARBONO,0.375,3636.27
2026-02-23 18:58,PL-CARB-0.313-240-19,CARBONO,0.313,7577.63
2026-02-23 18:58,PL-CARB-0.313-240-19,CARBONO,0.313,9420.88
2026-02-23 18:58,PL-CARB-0.313-43-48,CARBONO,0.313,2889.89
2026-02-23 18:58,PL-CARB-0.313-40-48,CARBONO,0.313,3309.38
2026-02-23 18:58,PL-CARB-0.313-40-48,CARBONO,0.313,3309.38
2026-02-23 18:58,PL-CARB-0.25-240-9,CARBONO,0.25,4291.99
2026-02-23 18:58,PL-CARB-0.25-191-96,CARBONO,0.25,20737.37
2026-02-23 18:58,PL-CARB-0.375-240-25,CARBONO,0.375,9396.27
2026-02-23 18:58,PL-CARB-0.375-20-72,CARBONO,0.375,1818.13
2026-02-23 18:58,PL-CARB-0.313-240-19,CARBONO,0.313,7332.19
2026-02-23 18:58,PL-CARB-0.313-240-19,CARBONO,0.313,8068.51
2026-02-23 18:58,PL-CARB-0.313-41-96,CARBONO,0.313,8662.01
2026-02-23 18:58,PL-CARB-0.313-43-48,CARBONO,0.313,2889.89
2026-02-23 18:58,PL-CARB-0.313-40-48,CARBONO,0.313,3309.38
2026-02-23 18:58,PL-CARB-0.313-40-48,CARBONO,0.313,3309.38
2026-02-23 18:58,PL-CARB-0.313-40-48,CARBONO,0.313,3309.38
2026-02-23 18:58,PL-CARB-0.25-240-19,CARBONO,0.25,11331.93
2026-02-23 18:58,PL-CARB-0.25-240-47,CARBONO,0.25,16132.1
2026-02-23 18:58,PL-CARB-0.375-240-25,CARBONO,0.375,9396.27
2026-02-23 18:58,PL-CARB-0.375-24-72,CARBONO,0.375,3636.27
2026-02-23 18:58,PL-CARB-0.313-240-19,CARBONO,0.313,7332.19
2026-02-23 18:58,PL-CARB-0.313-240-19,CARBONO,0.313,7823.07
2026-02-23 18:58,PL-CARB-0.313-240-19,CARBONO,0.313,7300.49
2026-02-23 18:58,PL-CARB-0.313-41-96,CARBONO,0.313,8671.16
2026-02-23 18:58,PL-CARB-0.313-43-48,CARBONO,0.313,2889.89
2026-02-23 18:58,PL-CARB-0.313-40-48,CARBONO,0.313,3309.38
2026-02-23 18:58,PL-CARB-0.313-40-48,CARBONO,0.313,3309.38
2026-02-23 18:58,PL-CARB-0.313-40-48,CARBONO,0.313,3309.38
2026-02-23 18:58,PL-CARB-0.313-40-48,CARBONO,0.313,3309.38
2026-02-23 18:58,PL-CARB-0.25-240-19,CARBONO,0.25,11331.93
2026-02-23 18:58,PL-CARB-0.25-240-21,CARBONO,0.25,8772.05
2026-02-23 18:58,PL-CARB-0.25-134-96,CARBONO,0.25,18434.74
2026-02-23 19:14,PL-CARB-0.375-240-25,CARBONO,0.375,9396.27
2026-02-23 19:14,PL-CARB-0.375-240-25,CARBONO,0.375,9396.27
2026-02-23 19:14,PL-CARB-0.375-240-25,CARBONO,0.375,9396.27
2026-02-23 19:14,PL-CARB-0.375-24-72,CARBONO,0.375,3636.27
2026-02-23 19:14,PL-CARB-0.313-240-19,CARBONO,0.313,7332.19
2026-02-23 19:14,PL-CARB-0.313-240-19,CARBONO,0.313,7332.19
2026-02-23 19:14,PL-CARB-0.313-240-19,CARBONO,0.313,7577.63
2026-02-23 19:14,PL-CARB-0.313-240-19,CARBONO,0.313,8068.51
2026-02-23 19:14,PL-CARB-0.313-240-19,CARBONO,0.313,8068.51
2026-02-23 19:14,PL-CARB-0.313-240-19,CARBONO,0.313,9411.73
2026-02-23 19:14,PL-CARB-0.313-41-96,CARBONO,0.313,8643.71
2026-02-23 19:14,PL-CARB-0.313-41-96,CARBONO,0.313,8689.46
2026-02-23 19:14,PL-CARB-0.313-43-48,CARBONO,0.313,2889.89
2026-02-23 19:14,PL-CARB-0.313-43-48,CARBONO,0.313,2889.89
2026-02-23 19:14,PL-CARB-0.313-240-15,CARBONO,0.313,10367.42
2026-02-23 19:14,PL-CARB-0.313-40-48,CARBONO,0.313,3309.38
2026-02-23 19:14,PL-CARB-0.313-40-48,CARBONO,0.313,3309.38
2026-02-23 19:14,PL-CARB-0.313-40-48,CARBONO,0.313,3309.38
2026-02-23 19:14,PL-CARB-0.313-40-48,CARBONO,0.313,3309.38
2026-02-23 19:14,PL-CARB-0.25-240-19,CARBONO,0.25,11331.93
2026-02-23 19:14,PL-CARB-0.25-240-19,CARBONO,0.25,11331.93
2026-02-23 19:14,PL-CARB-0.25-52-96,CARBONO,0.25,12931.99
2026-02-23 19:14,PL-CARB-0.25-240-47,CARBONO,0.25,13829.47
2026-02-23 19:14,PL-CARB-0.25-240-47,CARBONO,0.25,16132.1
2026-02-23 19:14,PL-CARB-0.375-24-72,CARBONO,0.375,3636.27
2026-02-23 19:14,PL-CARB-0.313-240-19,CARBONO,0.313,7577.63
2026-02-23 19:14,PL-CARB-0.313-240-19,CARBONO,0.313,9420.88
2026-02-23 19:14,PL-CARB-0.313-43-48,CARBONO,0.313,2889.89
2026-02-23 19:14,PL-CARB-0.313-40-48,CARBONO,0.313,3309.38
2026-02-23 19:14,PL-CARB-0.313-40-48,CARBONO,0.313,3309.38
2026-02-23 19:14,PL-CARB-0.25-240-9,CARBONO,0.25,4291.99
2026-02-23 19:14,PL-CARB-0.25-191-96,CARBONO,0.25,20737.37
2026-02-23 19:15,PL-CARB-0.375-240-25,CARBONO,0.375,9396.27
2026-02-23 19:15,PL-CARB-0.375-20-72,CARBONO,0.375,1818.13
2026-02-23 19:15,PL-CARB-0.313-240-19,CARBONO,0.313,7332.19
2026-02-23 19:15,PL-CARB-0.313-240-19,CARBONO,0.313,8068.51
2026-02-23 19:15,PL-CARB-0.313-41-96,CARBONO,0.313,8662.01
2026-02-23 19:15,PL-CARB-0.313-43-48,CARBONO,0.313,2889.89
2026-02-23 19:15,PL-CARB-0.313-40-48,CARBONO,0.313,3309.38
2026-02-23 19:15,PL-CARB-0.313-40-48,CARBONO,0.313,3309.38
2026-02-23 19:15,PL-CARB-0.313-40-48,CARBONO,0.313,3309.38
2026-02-23 19:15,PL-CARB-0.25-240-19,CARBONO,0.25,11331.93
2026-02-23 19:15,PL-CARB-0.25-240-47,CARBONO,0.25,16132.1
2026-02-23 19:15,PL-CARB-0.375-240-25,CARBONO,0.375,9396.27
2026-02-23 19:15,PL-CARB-0.375-24-72,CARBONO,0.375,3636.27
2026-02-23 19:15,PL-CARB-0.313-240-19,CARBONO,0.313,7332.19
2026-02-23 19:15,PL-CARB-0.313-240-19,CARBONO,0.313,7823.07
2026-02-23 19:15,PL-CARB-0.313-240-19,CARBONO,0.313,7300.49
2026-02-23 19:15,PL-CARB-0.313-41-96,CARBONO,0.313,8671.16
2026-02-23 19:15,PL-CARB-0.313-43-48,CARBONO,0.313,2889.89
2026-02-23 19:15,PL-CARB-0.313-40-48,CARBONO,0.313,3309.38
2026-02-23 19:15,PL-CARB-0.313-40-48,CARBONO,0.313,3309.38
2026-02-23 19:15,PL-CARB-0.313-40-48,CARBONO,0.313,3309.38
2026-02-23 19:15,PL-CARB-0.313-40-48,CARBONO,0.313,3309.38
2026-02-23 19:15,PL-CARB-0.25-240-19,CARBONO,0.25,11331.93
2026-02-23 19:15,PL-CARB-0.25-240-21,CARBONO,0.25,8772.05
2026-02-23 19:15,PL-CARB-0.25-134-96,CARBONO,0.25,18434.74
2026-02-23 19:16,PL-CARB-0.375-240-25,CARBONO,0.375,9396.27
2026-02-23 19:16,PL-CARB-0.375-240-25,CARBONO,0.375,9396.27
2026-02-23 19:16,PL-CARB-0.375-240-25,CARBONO,0.375,9396.27
2026-02-23 19:16,PL-CARB-0.375-24-72,CARBONO,0.375,3636.27
2026-02-23 19:16,PL-CARB-0.313-240-19,CARBONO,0.313,7332.19
2026-02-23 19:16,PL-CARB-0.313-240-19,CARBONO,0.313,7332.19
2026-02-23 19:16,PL-CARB-0.313-240-19,CARBONO,0.313,7577.63
2026-02-23 19:16,PL-CARB-0.313-240-19,CARBONO,0.313,8068.51
2026-02-23 19:16,PL-CARB-0.313-240-19,CARBONO,0.313,8068.51
2026-02-23 19:17,PL-CARB-0.313-240-19,CARBONO,0.313,9411.73
2026-02-23 19:17,PL-CARB-0.313-41-96,CARBONO,0.313,8643.71
2026-02-23 19:17,PL-CARB-0.313-41-96,CARBONO,0.313,8689.46
2026-02-23 19:17,PL-CARB-0.313-43-48,CARBONO,0.313,2889.89
2026-02-23 19:17,PL-CARB-0.313-43-48,CARBONO,0.313,2889.89
2026-02-23 19:17,PL-CARB-0.313-240-15,CARBONO,0.313,10367.42
2026-02-23 19:17,PL-CARB-0.313-40-48,CARBONO,0.313,3309.38
2026-02-23 19:17,PL-CARB-0.313-40-48,CARBONO,0.313,3309.38
2026-02-23 19:17,PL-CARB-0.313-40-48,CARBONO,0.313,3309.38
2026-02-23 19:17,PL-CARB-0.313-40-48,CARBONO,0.313,3309.38
2026-02-23 19:17,PL-CARB-0.25-240-19,CARBONO,0.25,11331.93
2026-02-23 19:17,PL-CARB-0.25-240-19,CARBONO,0.25,11331.93
2026-02-23 19:17,PL-CARB-0.25-52-96,CARBONO,0.25,12931.99
2026-02-23 19:17,PL-CARB-0.25-240-47,CARBONO,0.25,13829.47
2026-02-23 19:17,PL-CARB-0.25-240-47,CARBONO,0.25,16132.1
2026-02-23 19:17,PL-CARB-0.375-24-72,CARBONO,0.375,3636.27
2026-02-23 19:17,PL-CARB-0.313-240-19,CARBONO,0.313,7577.63
2026-02-23 19:17,PL-CARB-0.313-240-19,CARBONO,0.313,9420.88
2026-02-23 19:17,PL-CARB-0.313-43-48,CARBONO,0.313,2889.89
2026-02-23 19:17,PL-CARB-0.313-40-48,CARBONO,0.313,3309.38
2026-02-23 19:17,PL-CARB-0.313-40-48,CARBONO,0.313,3309.38
2026-02-23 19:17,PL-CARB-0.25-240-9,CARBONO,0.25,4291.99
2026-02-23 19:17,PL-CARB-0.25-191-96,CARBONO,0.25,20737.37
2026-02-23 19:17,PL-CARB-0.375-240-25,CARBONO,0.375,9396.27
2026-02-23 19:17,PL-CARB-0.375-20-72,CARBONO,0.375,1818.13
2026-02-23 19:17,PL-CARB-0.313-240-19,CARBONO,0.313,7332.19
2026-02-23 19:17,PL-CARB-0.313-240-19,CARBONO,0.313,8068.51
2026-02-23 19:17,PL-CARB-0.313-41-96,CARBONO,0.313,8662.01
2026-02-23 19:17,PL-CARB-0.313-43-48,CARBONO,0.313,2889.89
2026-02-23 19:17,PL-CARB-0.313-40-48,CARBONO,0.313,3309.38
2026-02-23 19:17,PL-CARB-0.313-40-48,CARBONO,0.313,3309.38
2026-02-23 19:17,PL-CARB-0.313-40-48,CARBONO,0.313,3309.38
2026-02-23 19:17,PL-CARB-0.25-240-19,CARBONO,0.25,11331.93
2026-02-23 19:17,PL-CARB-0.25-240-47,CARBONO,0.25,16132.1
2026-02-23 19:17,PL-CARB-0.375-240-25,CARBONO,0.375,9396.27
2026-02-23 19:17,PL-CARB-0.375-24-72,CARBONO,0.375,3636.27
2026-02-23 19:17,PL-CARB-0.313-240-19,CARBONO,0.313,7332.19
2026-02-23 19:17,PL-CARB-0.313-240-19,CARBONO,0.313,7823.07
2026-02-23 19:17,PL-CARB-0.313-240-19,CARBONO,0.313,7300.49
2026-02-23 19:17,PL-CARB-0.313-41-96,CARBONO,0.313,8671.16
2026-02-23 19:17,PL-CARB-0.313-43-48,CARBONO,0.313,2889.89
2026-02-23 19:17,PL-CARB-0.313-40-48,CARBONO,0.313,3309.38
2026-02-23 19:17,PL-CARB-0.313-40-48,CARBONO,0.313,3309.38
2026-02-23 19:17,PL-CARB-0.313-40-48,CARBONO,0.313,3309.38
2026-02-23 19:17,PL-CARB-0.313-40-48,CARBONO,0.313,3309.38
2026-02-23 19:17,PL-CARB-0.25-240-19,CARBONO,0.25,11331.93
2026-02-23 19:17,PL-CARB-0.25-240-21,CARBONO,0.25,8772.05
2026-02-23 19:17,PL-CARB-0.25-134-96,CARBONO,0.25,18434.74
2026-02-23 19:24,PL-CARB-0.375-240-25,CARBONO,0.375,9396.27
2026-02-23 19:24,PL-CARB-0.375-240-25,CARBONO,0.375,9396.27
2026-02-23 19:24,PL-CARB-0.375-240-25,CARBONO,0.375,9396.27
2026-02-23 19:24,PL-CARB-0.375-24-72,CARBONO,0.375,3636.27
2026-02-23 19:24,PL-CARB-0.313-240-19,CARBONO,0.313,7332.19
2026-02-23 19:24,PL-CARB-0.313-240-19,CARBONO,0.313,7332.19
2026-02-23 19:24,PL-CARB-0.313-240-19,CARBONO,0.313,7577.63
2026-02-23 19:24,PL-CARB-0.313-240-19,CARBONO,0.313,8068.51
2026-02-23 19:24,PL-CARB-0.313-240-19,CARBONO,0.313,8068.51
2026-02-23 19:24,PL-CARB-0.313-240-19,CARBONO,0.313,9411.73
2026-02-23 19:24,PL-CARB-0.313-41-96,CARBONO,0.313,8643.71
2026-02-23 19:24,PL-CARB-0.313-41-96,CARBONO,0.313,8689.46
2026-02-23 19:24,PL-CARB-0.313-43-48,CARBONO,0.313,2889.89
2026-02-23 19:24,PL-CARB-0.313-43-48,CARBONO,0.313,2889.89
2026-02-23 19:24,PL-CARB-0.313-240-15,CARBONO,0.313,10367.42
2026-02-23 19:24,PL-CARB-0.313-40-48,CARBONO,0.313,3309.38
2026-02-23 19:24,PL-CARB-0.313-40-48,CARBONO,0.313,3309.38
2026-02-23 19:24,PL-CARB-0.313-40-48,CARBONO,0.313,3309.38
2026-02-23 19:24,PL-CARB-0.313-40-48,CARBONO,0.313,3309.38
2026-02-23 19:24,PL-CARB-0.25-240-19,CARBONO,0.25,11331.93
2026-02-23 19:24,PL-CARB-0.25-240-19,CARBONO,0.25,11331.93
2026-02-23 19:24,PL-CARB-0.25-52-96,CARBONO,0.25,12931.99
2026-02-23 19:24,PL-CARB-0.25-240-47,CARBONO,0.25,13829.47
2026-02-23 19:24,PL-CARB-0.25-240-47,CARBONO,0.25,16132.1
2026-02-23 19:24,PL-CARB-0.375-24-72,CARBONO,0.375,3636.27
2026-02-23 19:24,PL-CARB-0.313-240-19,CARBONO,0.313,7577.63
2026-02-23 19:24,PL-CARB-0.313-240-19,CARBONO,0.313,9420.88
2026-02-23 19:24,PL-CARB-0.313-43-48,CARBONO,0.313,2889.89
2026-02-23 19:24,PL-CARB-0.313-40-48,CARBONO,0.313,3309.38
2026-02-23 19:24,PL-CARB-0.313-40-48,CARBONO,0.313,3309.38
2026-02-23 19:24,PL-CARB-0.25-240-9,CARBONO,0.25,4291.99
2026-02-23 19:24,PL-CARB-0.25-191-96,CARBONO,0.25,20737.37
2026-02-23 19:25,PL-CARB-0.375-240-25,CARBONO,0.375,9396.27
2026-02-23 19:25,PL-CARB-0.375-20-72,CARBONO,0.375,1818.13
2026-02-23 19:25,PL-CARB-0.313-240-19,CARBONO,0.313,7332.19
2026-02-23 19:25,PL-CARB-0.313-240-19,CARBONO,0.313,8068.51
2026-02-23 19:25,PL-CARB-0.313-41-96,CARBONO,0.313,8662.01
2026-02-23 19:25,PL-CARB-0.313-43-48,CARBONO,0.313,2889.89
2026-02-23 19:25,PL-CARB-0.313-40-48,CARBONO,0.313,3309.38
2026-02-23 19:25,PL-CARB-0.313-40-48,CARBONO,0.313,3309.38
2026-02-23 19:25,PL-CARB-0.313-40-48,CARBONO,0.313,3309.38
2026-02-23 19:25,PL-CARB-0.25-240-19,CARBONO,0.25,11331.93
2026-02-23 19:25,PL-CARB-0.25-240-47,CARBONO,0.25,16132.1
2026-02-23 19:25,PL-CARB-0.375-240-25,CARBONO,0.375,9396.27
2026-02-23 19:25,PL-CARB-0.375-24-72,CARBONO,0.375,3636.27
2026-02-23 19:25,PL-CARB-0.313-240-19,CARBONO,0.313,7332.19
2026-02-23 19:25,PL-CARB-0.313-240-19,CARBONO,0.313,7823.07
2026-02-23 19:25,PL-CARB-0.313-240-19,CARBONO,0.313,7300.49
2026-02-23 19:25,PL-CARB-0.313-41-96,CARBONO,0.313,8671.16
2026-02-23 19:25,PL-CARB-0.313-43-48,CARBONO,0.313,2889.89
2026-02-23 19:25,PL-CARB-0.313-40-48,CARBONO,0.313,3309.38
2026-02-23 19:25,PL-CARB-0.313-40-48,CARBONO,0.313,3309.38
2026-02-23 19:25,PL-CARB-0.313-40-48,CARBONO,0.313,3309.38
2026-02-23 19:25,PL-CARB-0.313-40-48,CARBONO,0.313,3309.38
2026-02-23 19:25,PL-CARB-0.25-240-19,CARBONO,0.25,11331.93
2026-02-23 19:25,PL-CARB-0.25-240-21,CARBONO,0.25,8772.05
2026-02-23 19:25,PL-CARB-0.25-134-96,CARBONO,0.25,18434.74
2026-02-23 20:06,PL-CARB-0.375-240-25,CARBONO,0.375,9396.27
2026-02-23 20:06,PL-CARB-0.375-240-25,CARBONO,0.375,9396.27
2026-02-23 20:06,PL-CARB-0.375-240-25,CARBONO,0.375,9396.27
2026-02-23 20:06,PL-CARB-0.375-24-72,CARBONO,0.375,3636.27
2026-02-23 20:06,PL-CARB-0.313-240-19,CARBONO,0.313,7332.19
2026-02-23 20:06,PL-CARB-0.313-240-19,CARBONO,0.313,7332.19
2026-02-23 20:06,PL-CARB-0.313-240-19,CARBONO,0.313,7577.63
2026-02-23 20:06,PL-CARB-0.313-240-19,CARBONO,0.313,8068.51
2026-02-23 20:07,PL-CARB-0.313-240-19,CARBONO,0.313,8068.51
2026-02-23 20:07,PL-CARB-0.313-240-19,CARBONO,0.313,9411.73
2026-02-23 20:07,PL-CARB-0.313-41-96,CARBONO,0.313,8643.71
2026-02-23 20:07,PL-CARB-0.313-41-96,CARBONO,0.313,8689.46
2026-02-23 20:07,PL-CARB-0.313-43-48,CARBONO,0.313,2889.89
2026-02-23 20:07,PL-CARB-0.313-43-48,CARBONO,0.313,2889.89
2026-02-23 20:07,PL-CARB-0.313-240-15,CARBONO,0.313,10367.42
2026-02-23 20:07,PL-CARB-0.313-40-48,CARBONO,0.313,3309.38
2026-02-23 20:07,PL-CARB-0.313-40-48,CARBONO,0.313,3309.38
2026-02-23 20:07,PL-CARB-0.313-40-48,CARBONO,0.313,3309.38
2026-02-23 20:07,PL-CARB-0.313-40-48,CARBONO,0.313,3309.38
2026-02-23 20:07,PL-CARB-0.25-240-19,CARBONO,0.25,11331.93
2026-02-23 20:07,PL-CARB-0.25-240-19,CARBONO,0.25,11331.93
2026-02-23 20:07,PL-CARB-0.25-52-96,CARBONO,0.25,12931.99
2026-02-23 20:07,PL-CARB-0.25-240-47,CARBONO,0.25,13829.47
2026-02-23 20:07,PL-CARB-0.25-240-47,CARBONO,0.25,16132.1
2026-02-23 20:07,PL-CARB-0.375-24-72,CARBONO,0.375,3636.27
2026-02-23 20:07,PL-CARB-0.313-240-19,CARBONO,0.313,7577.63
2026-02-23 20:07,PL-CARB-0.313-240-19,CARBONO,0.313,9420.88
2026-02-23 20:07,PL-CARB-0.313-43-48,CARBONO,0.313,2889.89
2026-02-23 20:07,PL-CARB-0.313-40-48,CARBONO,0.313,3309.38
2026-02-23 20:07,PL-CARB-0.313-40-48,CARBONO,0.313,3309.38
2026-02-23 20:07,PL-CARB-0.25-240-9,CARBONO,0.25,4291.99
2026-02-23 20:07,PL-CARB-0.25-191-96,CARBONO,0.25,20737.37
2026-02-23 20:07,PL-CARB-0.375-240-25,CARBONO,0.375,9396.27
2026-02-23 20:07,PL-CARB-0.375-20-72,CARBONO,0.375,1818.13
2026-02-23 20:07,PL-CARB-0.313-240-19,CARBONO,0.313,7332.19
2026-02-23 20:07,PL-CARB-0.313-240-19,CARBONO,0.313,8068.51
2026-02-23 20:07,PL-CARB-0.313-41-96,CARBONO,0.313,8662.01
2026-02-23 20:07,PL-CARB-0.313-43-48,CARBONO,0.313,2889.89
2026-02-23 20:07,PL-CARB-0.313-40-48,CARBONO,0.313,3309.38
2026-02-23 20:07,PL-CARB-0.313-40-48,CARBONO,0.313,3309.38
2026-02-23 20:07,PL-CARB-0.313-40-48,CARBONO,0.313,3309.38
2026-02-23 20:07,PL-CARB-0.25-240-19,CARBONO,0.25,11331.93
2026-02-23 20:07,PL-CARB-0.25-240-47,CARBONO,0.25,16132.1
2026-02-23 20:07,PL-CARB-0.375-240-25,CARBONO,0.375,9396.27
2026-02-23 20:07,PL-CARB-0.375-24-72,CARBONO,0.375,3636.27
2026-02-23 20:07,PL-CARB-0.313-240-19,CARBONO,0.313,7332.19
2026-02-23 20:07,PL-CARB-0.313-240-19,CARBONO,0.313,7823.07
2026-02-23 20:07,PL-CARB-0.313-240-19,CARBONO,0.313,7300.49
2026-02-23 20:07,PL-CARB-0.313-41-96,CARBONO,0.313,8671.16
2026-02-23 20:07,PL-CARB-0.313-43-48,CARBONO,0.313,2889.89
2026-02-23 20:07,PL-CARB-0.313-40-48,CARBONO,0.313,3309.38
2026-02-23 20:07,PL-CARB-0.313-40-48,CARBONO,0.313,3309.38
2026-02-23 20:07,PL-CARB-0.313-40-48,CARBONO,0.313,3309.38
2026-02-23 20:07,PL-CARB-0.313-40-48,CARBONO,0.313,3309.38
2026-02-23 20:07,PL-CARB-0.25-240-19,CARBONO,0.25,11331.93
2026-02-23 20:07,PL-CARB-0.25-240-21,CARBONO,0.25,8772.05
2026-02-23 20:07,PL-CARB-0.25-134-96,CARBONO,0.25,18434.74
2026-02-24 09:31,PL-SSTL-0.313-120-34,ACERO INOXIDABLE,0.313,5138.35
2026-02-24 09:31,PL-SSTL-0.5-120-39,ACERO INOXIDABLE,0.5,5658.0
2026-02-24 09:31,PL-CARB-0.375-2-48,CARBONO,0.375,2286.93
2026-02-24 09:31,PL-CARB-0.375-120-3,CARBONO,0.375,2619.02
2026-02-24 09:31,PL-CARB-0.375-31-48,CARBONO,0.375,3483.85
2026-02-24 09:37,PL-CARB-0.25-120-1,CARBONO,0.25,1113.86
2026-02-24 09:38,PL-CARB-0.25-120-0,CARBONO,0.25,1690.46
2026-02-24 09:38,PL-CARB-0.25-240-85,CARBONO,0.25,21677.78
2026-02-24 09:40,PL-CARB-0.5-120-1,CARBONO,0.5,3406.0
2026-02-24 09:40,PL-CARB-0.5-59-48,CARBONO,0.5,5430.77
2026-02-24 09:40,PL-CARB-2-85-34,CARBONO,2,3880.52
2026-02-24 09:40,PL-CARB-0.313-120-40,CARBONO,0.313,5678.02
2026-02-24 10:38,PL-CARB-0.375-240-25,CARBONO,0.375,9396.27
2026-02-24 10:38,PL-CARB-0.375-240-25,CARBONO,0.375,9396.27
2026-02-24 10:38,PL-CARB-0.375-240-25,CARBONO,0.375,9396.27
2026-02-24 10:38,PL-CARB-0.375-24-72,CARBONO,0.375,3636.27
2026-02-24 10:38,PL-CARB-0.313-240-19,CARBONO,0.313,7332.19
2026-02-24 10:38,PL-CARB-0.313-240-19,CARBONO,0.313,7332.19
2026-02-24 10:38,PL-CARB-0.313-240-19,CARBONO,0.313,7577.63
2026-02-24 10:38,PL-CARB-0.313-240-19,CARBONO,0.313,8068.51
2026-02-24 10:38,PL-CARB-0.313-240-19,CARBONO,0.313,8068.51
2026-02-24 10:38,PL-CARB-0.313-240-19,CARBONO,0.313,9411.73
2026-02-24 10:38,PL-CARB-0.313-41-96,CARBONO,0.313,8643.71
2026-02-24 10:38,PL-CARB-0.313-41-96,CARBONO,0.313,8689.46
2026-02-24 10:38,PL-CARB-0.313-43-48,CARBONO,0.313,2889.89
2026-02-24 10:38,PL-CARB-0.313-43-48,CARBONO,0.313,2889.89
2026-02-24 10:38,PL-CARB-0.313-240-15,CARBONO,0.313,10367.42
2026-02-24 10:38,PL-CARB-0.313-40-48,CARBONO,0.313,3309.38
2026-02-24 10:38,PL-CARB-0.313-40-48,CARBONO,0.313,3309.38
2026-02-24 10:38,PL-CARB-0.313-40-48,CARBONO,0.313,3309.38
2026-02-24 10:38,PL-CARB-0.313-40-48,CARBONO,0.313,3309.38
2026-02-24 10:39,PL-CARB-0.25-240-19,CARBONO,0.25,11331.93
2026-02-24 10:39,PL-CARB-0.25-240-19,CARBONO,0.25,11331.93
2026-02-24 10:39,PL-CARB-0.25-52-96,CARBONO,0.25,12931.99
2026-02-24 10:39,PL-CARB-0.25-240-47,CARBONO,0.25,13829.47
2026-02-24 10:39,PL-CARB-0.25-240-47,CARBONO,0.25,16132.1
2026-02-24 10:39,PL-CARB-0.375-24-72,CARBONO,0.375,3636.27
2026-02-24 10:39,PL-CARB-0.313-240-19,CARBONO,0.313,7577.63
2026-02-24 10:39,PL-CARB-0.313-240-19,CARBONO,0.313,9420.88
2026-02-24 10:39,PL-CARB-0.313-43-48,CARBONO,0.313,2889.89
2026-02-24 10:39,PL-CARB-0.313-40-48,CARBONO,0.313,3309.38
2026-02-24 10:39,PL-CARB-0.313-40-48,CARBONO,0.313,3309.38
2026-02-24 10:39,PL-CARB-0.25-240-9,CARBONO,0.25,4291.99
2026-02-24 10:39,PL-CARB-0.25-191-96,CARBONO,0.25,20737.37
2026-02-24 10:39,PL-CARB-0.375-240-25,CARBONO,0.375,9396.27
2026-02-24 10:39,PL-CARB-0.375-20-72,CARBONO,0.375,1818.13
2026-02-24 10:39,PL-CARB-0.313-240-19,CARBONO,0.313,7332.19
2026-02-24 10:39,PL-CARB-0.313-240-19,CARBONO,0.313,8068.51
2026-02-24 10:39,PL-CARB-0.313-41-96,CARBONO,0.313,8662.01
2026-02-24 10:39,PL-CARB-0.313-43-48,CARBONO,0.313,2889.89
2026-02-24 10:39,PL-CARB-0.313-40-48,CARBONO,0.313,3309.38
2026-02-24 10:39,PL-CARB-0.313-40-48,CARBONO,0.313,3309.38
2026-02-24 10:39,PL-CARB-0.313-40-48,CARBONO,0.313,3309.38
2026-02-24 10:39,PL-CARB-0.25-240-19,CARBONO,0.25,11331.93
2026-02-24 10:39,PL-CARB-0.25-240-47,CARBONO,0.25,16132.1
2026-02-24 10:39,PL-CARB-0.375-240-25,CARBONO,0.375,9396.27
2026-02-24 10:39,PL-CARB-0.375-24-72,CARBONO,0.375,3636.27
2026-02-24 10:39,PL-CARB-0.313-240-19,CARBONO,0.313,7332.19
2026-02-24 10:39,PL-CARB-0.313-240-19,CARBONO,0.313,7823.07
2026-02-24 10:39,PL-CARB-0.313-240-19,CARBONO,0.313,7300.49
2026-02-24 10:39,PL-CARB-0.313-41-96,CARBONO,0.313,8671.16
2026-02-24 10:39,PL-CARB-0.313-43-48,CARBONO,0.313,2889.89
2026-02-24 10:39,PL-CARB-0.313-40-48,CARBONO,0.313,3309.38
2026-02-24 10:39,PL-CARB-0.313-40-48,CARBONO,0.313,3309.38
2026-02-24 10:39,PL-CARB-0.313-40-48,CARBONO,0.313,3309.38
2026-02-24 10:39,PL-CARB-0.313-40-48,CARBONO,0.313,3309.38
2026-02-24 10:39,PL-CARB-0.25-240-19,CARBONO,0.25,11331.93
2026-02-24 10:39,PL-CARB-0.25-240-21,CARBONO,0.25,8772.05
2026-02-24 10:39,PL-CARB-0.25-134-96,CARBONO,0.25,18434.74
2026-02-24 11:01,PL-SSTL-0.313-120-34,ACERO INOXIDABLE,0.313,5138.35
2026-02-24 11:01,PL-SSTL-0.5-120-39,ACERO INOXIDABLE,0.5,5658.0
2026-02-24 11:01,PL-CARB-0.375-2-48,CARBONO,0.375,2286.93
2026-02-24 11:01,PL-CARB-0.375-120-3,CARBONO,0.375,2619.02
2026-02-24 11:01,PL-CARB-0.375-31-48,CARBONO,0.375,3483.85
2026-02-24 11:07,PL-CARB-0.25-120-1,CARBONO,0.25,1113.86
2026-02-24 11:09,PL-CARB-0.25-120-0,CARBONO,0.25,1690.46
2026-02-24 11:09,PL-CARB-0.25-240-85,CARBONO,0.25,21677.78
2026-02-24 11:10,PL-CARB-0.5-120-1,CARBONO,0.5,3406.0
2026-02-24 11:10,PL-CARB-0.5-59-48,CARBONO,0.5,5430.77
2026-02-24 11:10,PL-CARB-2-85-34,CARBONO,2,3880.52
2026-02-24 11:10,PL-CARB-0.313-120-40,CARBONO,0.313,5678.02
2026-02-24 11:59,PL-SSTL-0.313-120-34,ACERO INOXIDABLE,0.313,5138.35
2026-02-24 11:59,PL-SSTL-0.5-120-39,ACERO INOXIDABLE,0.5,5658.0
2026-02-24 11:59,PL-CARB-0.375-120-1,CARBONO,0.375,2298.68
2026-02-24 11:59,PL-CARB-0.375-120-15,CARBONO,0.375,4202.51
2026-02-24 11:59,PL-CARB-0.313-120-40,CARBONO,0.313,5692.87
2026-02-24 12:05,PL-SSTL-0.313-120-22,ACERO INOXIDABLE,0.313,3273.39
2026-02-24 12:05,PL-SSTL-0.5-120-39,ACERO INOXIDABLE,0.5,5352.0
2026-02-24 12:05,PL-CARB-0.375-240-2,CARBONO,0.375,8764.46
2026-02-24 12:06,PL-CARB-0.375-26-48,CARBONO,0.375,2904.25
2026-02-24 12:06,PL-CARB-0.375-31-48,CARBONO,0.375,2989.24
2026-02-24 12:06,PL-CARB-0.375-120-46,CARBONO,0.375,5586.83
2026-02-24 12:06,PL-CARB-0.313-120-31,CARBONO,0.313,5491.48
2026-02-24 12:06,PL-SSTL-0.313-120-34,ACERO INOXIDABLE,0.313,5138.35
2026-02-24 12:06,PL-SSTL-0.5-120-39,ACERO INOXIDABLE,0.5,5658.0
2026-02-24 12:06,PL-CARB-0.375-120-1,CARBONO,0.375,2298.68
2026-02-24 12:06,PL-CARB-0.375-120-15,CARBONO,0.375,4202.51
2026-02-24 12:06,PL-CARB-0.313-120-40,CARBONO,0.313,5692.87
2026-02-24 12:06,PL-SSTL-0.313-120-34,ACERO INOXIDABLE,0.313,4827.52
2026-02-24 12:06,PL-SSTL-0.5-120-39,ACERO INOXIDABLE,0.5,5607.0
2026-02-24 12:06,PL-CARB-0.375-120-1,CARBONO,0.375,2298.68
2026-02-24 12:06,PL-CARB-0.375-120-1,CARBONO,0.375,2298.68
2026-02-24 12:06,PL-CARB-0.375-92-48,CARBONO,0.375,5154.43
2026-02-24 12:06,PL-CARB-0.313-120-40,CARBONO,0.313,5659.3
2026-02-24 12:06,PL-SSTL-0.313-120-34,ACERO INOXIDABLE,0.313,4516.69
2026-02-24 12:06,PL-SSTL-0.5-120-39,ACERO INOXIDABLE,0.5,5556.0
2026-02-24 12:07,PL-CARB-0.375-120-1,CARBONO,0.375,2298.68
2026-02-24 12:07,PL-CARB-0.375-120-1,CARBONO,0.375,2298.68
2026-02-24 12:07,PL-CARB-0.375-120-1,CARBONO,0.375,2645.03
2026-02-24 12:07,PL-CARB-0.313-120-38,CARBONO,0.313,5625.74
2026-02-24 12:20,PL-SSTL-0.313-120-34,ACERO INOXIDABLE,0.313,4827.52
2026-02-24 12:20,PL-SSTL-0.5-120-39,ACERO INOXIDABLE,0.5,5607.0
2026-02-24 12:20,PL-CARB-0.375-120-1,CARBONO,0.375,2298.68
2026-02-24 12:20,PL-CARB-0.375-120-1,CARBONO,0.375,2298.68
2026-02-24 12:20,PL-CARB-0.375-92-48,CARBONO,0.375,5154.43
2026-02-24 12:20,PL-CARB-0.313-120-40,CARBONO,0.313,5659.3
2026-02-24 12:20,PL-SSTL-0.313-120-23,ACERO INOXIDABLE,0.313,3895.04
2026-02-24 12:20,PL-SSTL-0.5-120-39,ACERO INOXIDABLE,0.5,5454.0
2026-02-24 12:21,PL-CARB-0.375-240-1,CARBONO,0.375,8849.45
2026-02-24 12:21,PL-CARB-0.375-120-34,CARBONO,0.375,4894.14
2026-02-24 12:21,PL-CARB-0.313-120-34,CARBONO,0.313,5558.61
2026-02-24 13:08,PL-SSTL-0.313-120-34,ACERO INOXIDABLE,0.313,4827.52
2026-02-24 13:08,PL-SSTL-0.5-120-39,ACERO INOXIDABLE,0.5,5607.0
2026-02-24 13:08,PL-CARB-0.375-120-1,CARBONO,0.375,2298.68
2026-02-24 13:08,PL-CARB-0.375-120-1,CARBONO,0.375,2298.68
2026-02-24 13:08,PL-CARB-0.375-92-48,CARBONO,0.375,5154.43
2026-02-24 13:08,PL-CARB-0.313-120-40,CARBONO,0.313,5659.3
2026-02-24 13:08,PL-SSTL-0.313-120-23,ACERO INOXIDABLE,0.313,3895.04
2026-02-24 13:08,PL-SSTL-0.5-120-39,ACERO INOXIDABLE,0.5,5454.0
2026-02-24 13:08,PL-CARB-0.375-240-1,CARBONO,0.375,8849.45
2026-02-24 13:08,PL-CARB-0.375-120-34,CARBONO,0.375,4894.14
2026-02-24 13:09,PL-CARB-0.313-120-34,CARBONO,0.313,5558.61
2026-02-24 13:27,PL-SSTL-0.313-120-34,ACERO INOXIDABLE,0.313,4827.52
2026-02-24 13:27,PL-SSTL-0.5-120-39,ACERO INOXIDABLE,0.5,5607.0
2026-02-24 13:27,PL-CARB-0.375-120-1,CARBONO,0.375,2298.68
2026-02-24 13:27,PL-CARB-0.375-120-1,CARBONO,0.375,2298.68
2026-02-24 13:27,PL-CARB-0.375-92-48,CARBONO,0.375,5154.43
2026-02-24 13:27,PL-CARB-0.313-120-40,CARBONO,0.313,5659.3
2026-02-24 13:27,PL-SSTL-0.313-120-23,ACERO INOXIDABLE,0.313,3895.04
2026-02-24 13:27,PL-SSTL-0.5-120-39,ACERO INOXIDABLE,0.5,5454.0
2026-02-24 13:28,PL-CARB-0.375-240-1,CARBONO,0.375,8849.45
2026-02-24 13:28,PL-CARB-0.375-120-34,CARBONO,0.375,4894.14
2026-02-24 13:28,PL-CARB-0.313-120-34,CARBONO,0.313,5558.61
2026-02-24 13:42,PL-SSTL-0.313-120-34,ACERO INOXIDABLE,0.313,4827.52
2026-02-24 13:42,PL-SSTL-0.5-120-39,ACERO INOXIDABLE,0.5,5607.0
2026-02-24 13:42,PL-CARB-0.375-120-1,CARBONO,0.375,2298.68
2026-02-24 13:42,PL-CARB-0.375-120-1,CARBONO,0.375,2298.68
2026-02-24 13:42,PL-CARB-0.375-92-48,CARBONO,0.375,5154.43
2026-02-24 13:42,PL-CARB-0.313-120-40,CARBONO,0.313,5659.3
2026-02-24 13:42,PL-SSTL-0.313-120-23,ACERO INOXIDABLE,0.313,3895.04
2026-02-24 13:42,PL-SSTL-0.5-120-39,ACERO INOXIDABLE,0.5,5454.0
2026-02-24 13:43,PL-CARB-0.375-240-1,CARBONO,0.375,8849.45
2026-02-24 13:43,PL-CARB-0.375-120-34,CARBONO,0.375,4894.14
2026-02-24 13:43,PL-CARB-0.313-120-34,CARBONO,0.313,5558.61
2026-02-24 14:22,PL-SSTL-0.313-120-22,ACERO INOXIDABLE,0.313,3273.39
2026-02-24 14:22,PL-SSTL-0.5-120-39,ACERO INOXIDABLE,0.5,5352.0
2026-02-24 14:23,PL-CARB-0.375-240-2,CARBONO,0.375,8764.46
2026-02-24 14:24,PL-CARB-0.375-26-48,CARBONO,0.375,2904.25
2026-02-24 14:24,PL-CARB-0.375-31-48,CARBONO,0.375,2989.24
2026-02-24 14:24,PL-CARB-0.375-120-46,CARBONO,0.375,5586.83
2026-02-24 14:24,PL-CARB-0.313-120-31,CARBONO,0.313,5491.48
2026-02-24 14:24,PL-SSTL-0.313-120-34,ACERO INOXIDABLE,0.313,5138.35
2026-02-24 14:24,PL-SSTL-0.5-120-39,ACERO INOXIDABLE,0.5,5658.0
2026-02-24 14:24,PL-CARB-0.375-120-1,CARBONO,0.375,2298.68
2026-02-24 14:24,PL-CARB-0.375-120-15,CARBONO,0.375,4202.51
2026-02-24 14:24,PL-CARB-0.313-120-40,CARBONO,0.313,5692.87
2026-02-24 14:24,PL-SSTL-0.313-120-34,ACERO INOXIDABLE,0.313,4827.52
2026-02-24 14:24,PL-SSTL-0.5-120-39,ACERO INOXIDABLE,0.5,5607.0
2026-02-24 14:25,PL-CARB-0.375-120-1,CARBONO,0.375,2298.68
2026-02-24 14:25,PL-CARB-0.375-120-1,CARBONO,0.375,2298.68
2026-02-24 14:25,PL-CARB-0.375-92-48,CARBONO,0.375,5154.43
2026-02-24 14:25,PL-CARB-0.313-120-40,CARBONO,0.313,5659.3
2026-02-24 14:25,PL-SSTL-0.313-120-34,ACERO INOXIDABLE,0.313,4516.69
2026-02-24 14:25,PL-SSTL-0.5-120-39,ACERO INOXIDABLE,0.5,5556.0
2026-02-24 14:25,PL-CARB-0.375-120-1,CARBONO,0.375,2298.68
2026-02-24 14:25,PL-CARB-0.375-120-1,CARBONO,0.375,2298.68
2026-02-24 14:25,PL-CARB-0.375-120-1,CARBONO,0.375,2645.03
2026-02-24 14:26,PL-CARB-0.313-120-38,CARBONO,0.313,5625.74
2026-02-24 15:03,PL-SSTL-0.313-120-34,ACERO INOXIDABLE,0.313,4827.52
2026-02-24 15:03,PL-SSTL-0.5-120-39,ACERO INOXIDABLE,0.5,5607.0
2026-02-24 15:03,PL-CARB-0.375-120-1,CARBONO,0.375,2298.68
2026-02-24 15:03,PL-CARB-0.375-120-1,CARBONO,0.375,2298.68
2026-02-24 15:03,PL-CARB-0.375-92-48,CARBONO,0.375,5154.43
2026-02-24 15:03,PL-CARB-0.313-120-40,CARBONO,0.313,5659.3
2026-02-24 15:03,PL-SSTL-0.313-120-23,ACERO INOXIDABLE,0.313,3895.04
2026-02-24 15:03,PL-SSTL-0.5-120-39,ACERO INOXIDABLE,0.5,5454.0
2026-02-24 15:04,PL-CARB-0.375-240-1,CARBONO,0.375,8849.45
2026-02-24 15:04,PL-CARB-0.375-120-34,CARBONO,0.375,4894.14
2026-02-24 15:04,PL-CARB-0.313-120-34,CARBONO,0.313,5558.61
2026-02-24 15:32,PL-SSTL-0.313-120-34,ACERO INOXIDABLE,0.313,5138.35
2026-02-24 15:32,PL-SSTL-0.5-120-39,ACERO INOXIDABLE,0.5,5658.0
2026-02-24 15:32,PL-CARB-0.375-120-1,CARBONO,0.375,2298.68
2026-02-24 15:32,PL-CARB-0.375-120-15,CARBONO,0.375,4202.51
2026-02-24 15:32,PL-CARB-0.313-120-40,CARBONO,0.313,5692.87
2026-02-24 15:35,PL-SSTL-0.313-120-34,ACERO INOXIDABLE,0.313,5138.35
2026-02-24 15:35,PL-SSTL-0.5-120-39,ACERO INOXIDABLE,0.5,5658.0
2026-02-24 15:36,PL-CARB-0.375-2-48,CARBONO,0.375,2286.93
2026-02-24 15:36,PL-CARB-0.375-120-3,CARBONO,0.375,2619.02
2026-02-24 15:36,PL-CARB-0.375-31-48,CARBONO,0.375,3483.85
2026-02-24 15:43,PL-CARB-0.25-120-1,CARBONO,0.25,1113.86
2026-02-24 15:44,PL-CARB-0.25-120-0,CARBONO,0.25,1690.46
2026-02-24 15:44,PL-CARB-0.25-240-85,CARBONO,0.25,21677.78
2026-02-24 15:46,PL-CARB-0.5-120-1,CARBONO,0.5,3406.0
2026-02-24 15:46,PL-CARB-0.5-59-48,CARBONO,0.5,5430.77
2026-02-24 15:46,PL-CARB-2-85-34,CARBONO,2,3880.52
2026-02-24 15:46,PL-CARB-0.313-120-40,CARBONO,0.313,5678.02
2026-02-24 15:46,PL-SSTL-0.313-120-34,ACERO INOXIDABLE,0.313,4827.52
2026-02-24 15:46,PL-SSTL-0.5-120-39,ACERO INOXIDABLE,0.5,5607.0
2026-02-24 15:47,PL-CARB-0.375-2-48,CARBONO,0.375,2286.93
2026-02-24 15:47,PL-CARB-0.375-120-1,CARBONO,0.375,2292.81
2026-02-24 15:48,PL-CARB-0.375-120-1,CARBONO,0.375,2432.85
2026-02-24 15:48,PL-CARB-0.375-31-48,CARBONO,0.375,3038.44
2026-02-24 15:48,PL-CARB-0.375-120-43,CARBONO,0.375,5413.66
2026-02-24 15:56,PL-CARB-0.25-120-1,CARBONO,0.25,1111.35
2026-02-24 16:03,PL-CARB-0.25-0-48,CARBONO,0.25,1240.28
2026-02-24 16:05,PL-CARB-0.25-120-1,CARBONO,0.25,1854.86
2026-02-24 16:05,PL-CARB-0.25-240-79,CARBONO,0.25,20996.68
2026-02-24 16:09,PL-CARB-0.5-120-1,CARBONO,0.5,2640.8
2026-02-24 16:09,PL-CARB-0.5-120-1,CARBONO,0.5,5018.97
2026-02-24 16:09,PL-CARB-0.5-92-48,CARBONO,0.5,5595.38
2026-02-24 16:09,PL-CARB-2-85-34,CARBONO,2,3780.78
2026-02-24 16:09,PL-CARB-0.313-120-40,CARBONO,0.313,5637.04
2026-02-24 16:09,PL-SSTL-0.313-120-23,ACERO INOXIDABLE,0.313,4205.87
2026-02-24 16:09,PL-SSTL-0.5-120-39,ACERO INOXIDABLE,0.5,5505.0
2026-02-24 16:10,PL-CARB-0.375-2-96,CARBONO,0.375,8384.82
2026-02-24 16:10,PL-CARB-0.375-31-48,CARBONO,0.375,3038.41
2026-02-24 16:11,PL-CARB-0.375-31-48,CARBONO,0.375,2989.28
2026-02-24 16:11,PL-CARB-0.375-120-14,CARBONO,0.375,3681.98
2026-02-24 16:27,PL-CARB-0.25-120-1,CARBONO,0.25,1108.84
2026-02-24 16:41,PL-CARB-0.25-120-1,CARBONO,0.25,1116.37
2026-02-24 16:51,PL-CARB-0.25-120-0,CARBONO,0.25,1200.5
2026-02-24 17:00,PL-CARB-0.25-120-1,CARBONO,0.25,1747.84
2026-02-24 17:04,PL-CARB-0.25-120-0,CARBONO,0.25,1837.26
2026-02-24 17:04,PL-CARB-0.25-240-67,CARBONO,0.25,19634.46
2026-02-24 17:18,PL-CARB-0.5-120-1,CARBONO,0.5,2289.13
2026-02-24 17:19,PL-CARB-0.5-120-1,CARBONO,0.5,3675.11
2026-02-24 17:19,PL-CARB-0.5-120-1,CARBONO,0.5,5101.53
2026-02-24 17:19,PL-CARB-0.5-120-20,CARBONO,0.5,5266.15
2026-02-24 17:19,PL-CARB-2-85-34,CARBONO,2,3581.29
2026-02-24 17:19,PL-CARB-0.313-120-36,CARBONO,0.313,5555.06
2026-02-24 17:30,PL-SSTL-0.313-120-34,ACERO INOXIDABLE,0.313,5138.35
2026-02-24 17:30,PL-SSTL-0.5-120-39,ACERO INOXIDABLE,0.5,5658.0
2026-02-24 17:30,PL-CARB-0.375-2-48,CARBONO,0.375,2286.93
2026-02-24 17:31,PL-CARB-0.375-120-3,CARBONO,0.375,2619.02
2026-02-24 17:31,PL-CARB-0.375-31-48,CARBONO,0.375,3483.85
2026-02-24 17:41,PL-SSTL-0.313-120-34,ACERO INOXIDABLE,0.313,5138.35
2026-02-24 17:41,PL-SSTL-0.5-120-39,ACERO INOXIDABLE,0.5,5658.0
2026-02-24 17:41,PL-CARB-2-85-34,CARBONO,2,3880.52
2026-02-24 17:41,PL-CARB-0.313-120-40,CARBONO,0.313,5678.02
2026-02-24 17:41,PL-CARB-0.375-2-48,CARBONO,0.375,2286.93
2026-02-24 17:42,PL-CARB-0.375-120-3,CARBONO,0.375,2619.02
2026-02-24 17:42,PL-CARB-0.375-31-48,CARBONO,0.375,3483.85
2026-02-24 17:42,PL-CARB-0.5-120-1,CARBONO,0.5,3406.0
2026-02-24 17:42,PL-CARB-0.5-59-48,CARBONO,0.5,5430.77
2026-02-24 17:47,PL-CARB-0.25-120-1,CARBONO,0.25,1113.86
2026-02-24 17:49,PL-SSTL-0.313-120-34,ACERO INOXIDABLE,0.313,5138.35
2026-02-24 17:49,PL-SSTL-0.5-120-39,ACERO INOXIDABLE,0.5,5658.0
2026-02-24 17:49,PL-CARB-2-85-34,CARBONO,2,3880.25
2026-02-24 17:49,PL-CARB-0.313-120-40,CARBONO,0.313,5678.13
2026-02-24 17:50,PL-CARB-0.375-2-48,CARBONO,0.375,2284.69
2026-02-24 17:50,PL-CARB-0.375-120-3,CARBONO,0.375,2615.67
2026-02-24 17:50,PL-CARB-0.375-31-48,CARBONO,0.375,3480.79
2026-02-24 17:51,PL-CARB-0.5-120-1,CARBONO,0.5,3400.86
2026-02-24 17:51,PL-CARB-0.5-59-48,CARBONO,0.5,5429.95
2026-02-24 17:56,PL-CARB-0.25-120-1,CARBONO,0.25,1112.64
2026-02-24 17:57,PL-CARB-0.375-240-25,CARBONO,0.375,9395.29
2026-02-24 17:57,PL-CARB-0.375-240-25,CARBONO,0.375,9395.29
2026-02-24 17:57,PL-CARB-0.375-240-25,CARBONO,0.375,9395.29
2026-02-24 17:57,PL-CARB-0.25-240-19,CARBONO,0.25,11331.93
2026-02-24 17:57,PL-CARB-0.375-24-72,CARBONO,0.375,3635.29
2026-02-24 17:57,PL-CARB-0.25-240-19,CARBONO,0.25,11331.93
2026-02-24 17:57,PL-CARB-0.25-52-96,CARBONO,0.25,12931.99
2026-02-24 17:57,PL-CARB-0.25-240-47,CARBONO,0.25,13829.47
2026-02-24 17:57,PL-CARB-0.25-240-47,CARBONO,0.25,16132.1
2026-02-24 17:57,PL-CARB-0.313-240-19,CARBONO,0.313,7332.19
2026-02-24 17:57,PL-CARB-0.313-240-19,CARBONO,0.313,7332.19
2026-02-24 17:57,PL-CARB-0.313-240-19,CARBONO,0.313,7577.58
2026-02-24 17:57,PL-CARB-0.313-240-19,CARBONO,0.313,8068.35
2026-02-24 17:57,PL-CARB-0.313-240-19,CARBONO,0.313,8068.35
2026-02-24 17:57,PL-CARB-0.313-240-19,CARBONO,0.313,9411.67
2026-02-24 17:57,PL-CARB-0.313-41-96,CARBONO,0.313,8643.71
2026-02-24 17:57,PL-CARB-0.313-41-96,CARBONO,0.313,8689.17
2026-02-24 17:57,PL-CARB-0.313-43-48,CARBONO,0.313,2889.83
2026-02-24 17:57,PL-CARB-0.313-43-48,CARBONO,0.313,2889.83
2026-02-24 17:57,PL-CARB-0.313-240-15,CARBONO,0.313,10367.13
2026-02-24 17:57,PL-CARB-0.313-40-48,CARBONO,0.313,3309.32
2026-02-24 17:57,PL-CARB-0.313-40-48,CARBONO,0.313,3309.32
2026-02-24 17:57,PL-CARB-0.313-40-48,CARBONO,0.313,3309.32
2026-02-24 17:57,PL-CARB-0.313-40-48,CARBONO,0.313,3309.32
2026-02-24 17:57,PL-CARB-0.375-24-72,CARBONO,0.375,3635.29
2026-02-24 17:57,PL-CARB-0.25-240-9,CARBONO,0.25,4291.99
2026-02-24 17:57,PL-CARB-0.25-191-96,CARBONO,0.25,20737.37
2026-02-24 17:57,PL-CARB-0.313-240-19,CARBONO,0.313,7577.58
2026-02-24 17:57,PL-CARB-0.313-240-19,CARBONO,0.313,9420.77
2026-02-24 17:57,PL-CARB-0.313-43-48,CARBONO,0.313,2889.83
2026-02-24 17:57,PL-CARB-0.313-40-48,CARBONO,0.313,3309.32
2026-02-24 17:57,PL-CARB-0.313-40-48,CARBONO,0.313,3309.32
2026-02-24 17:57,PL-CARB-0.375-240-25,CARBONO,0.375,9395.29
2026-02-24 17:57,PL-CARB-0.375-20-72,CARBONO,0.375,1817.65
2026-02-24 17:57,PL-CARB-0.25-240-19,CARBONO,0.25,11331.93
2026-02-24 17:57,PL-CARB-0.25-240-47,CARBONO,0.25,16132.1
2026-02-24 17:57,PL-CARB-0.313-240-19,CARBONO,0.313,7332.19
2026-02-24 17:57,PL-CARB-0.313-240-19,CARBONO,0.313,8068.35
2026-02-24 17:57,PL-CARB-0.313-41-96,CARBONO,0.313,8661.9
2026-02-24 17:57,PL-CARB-0.313-43-48,CARBONO,0.313,2889.83
2026-02-24 17:57,PL-CARB-0.313-40-48,CARBONO,0.313,3309.32
2026-02-24 17:57,PL-CARB-0.313-40-48,CARBONO,0.313,3309.32
2026-02-24 17:57,PL-CARB-0.313-40-48,CARBONO,0.313,3309.32
2026-02-24 17:58,PL-CARB-0.375-240-25,CARBONO,0.375,9395.29
2026-02-24 17:58,PL-CARB-0.375-24-72,CARBONO,0.375,3635.29
2026-02-24 17:58,PL-CARB-0.25-240-19,CARBONO,0.25,11331.93
2026-02-24 17:58,PL-CARB-0.25-240-21,CARBONO,0.25,8772.05
2026-02-24 17:58,PL-CARB-0.25-134-96,CARBONO,0.25,18434.74
2026-02-24 17:58,PL-CARB-0.313-240-19,CARBONO,0.313,7332.19
2026-02-24 17:58,PL-CARB-0.313-240-19,CARBONO,0.313,7822.96
2026-02-24 17:58,PL-CARB-0.313-240-19,CARBONO,0.313,7300.38
2026-02-24 17:58,PL-CARB-0.313-41-96,CARBONO,0.313,8670.99
2026-02-24 17:58,PL-CARB-0.313-43-48,CARBONO,0.313,2889.83
2026-02-24 17:58,PL-CARB-0.313-40-48,CARBONO,0.313,3309.32
2026-02-24 17:58,PL-CARB-0.313-40-48,CARBONO,0.313,3309.32
2026-02-24 17:58,PL-CARB-0.313-40-48,CARBONO,0.313,3309.32
2026-02-24 17:58,PL-CARB-0.313-40-48,CARBONO,0.313,3309.32
2026-02-24 17:59,PL-CARB-0.25-240-19,CARBONO,0.25,11331.93
2026-02-24 17:59,PL-CARB-0.375-240-25,CARBONO,0.375,9395.29
2026-02-24 17:59,PL-CARB-0.375-240-25,CARBONO,0.375,9395.29
2026-02-24 17:59,PL-CARB-0.375-240-25,CARBONO,0.375,9395.29
2026-02-24 17:59,PL-CARB-0.25-240-18,CARBONO,0.25,11331.93
2026-02-24 17:59,PL-CARB-0.375-240-1,CARBONO,0.375,3635.29
2026-02-24 17:59,PL-CARB-0.25-240-18,CARBONO,0.25,11331.93
2026-02-24 17:59,PL-CARB-0.25-240-18,CARBONO,0.25,12931.99
2026-02-24 17:59,PL-CARB-0.25-240-47,CARBONO,0.25,13829.47
2026-02-24 17:59,PL-CARB-0.25-240-47,CARBONO,0.25,16132.1
2026-02-24 17:59,PL-CARB-0.313-240-19,CARBONO,0.313,7332.19
2026-02-24 17:59,PL-CARB-0.313-240-19,CARBONO,0.313,7332.19
2026-02-24 17:59,PL-CARB-0.313-240-19,CARBONO,0.313,7577.58
2026-02-24 17:59,PL-CARB-0.313-240-19,CARBONO,0.313,8068.35
2026-02-24 17:59,PL-CARB-0.313-240-19,CARBONO,0.313,8068.35
2026-02-24 17:59,PL-CARB-0.313-240-19,CARBONO,0.313,9411.67
2026-02-24 17:59,PL-CARB-0.313-240-15,CARBONO,0.313,8643.71
2026-02-24 17:59,PL-CARB-0.313-240-15,CARBONO,0.313,8689.17
2026-02-24 17:59,PL-CARB-0.313-120-10,CARBONO,0.313,2889.83
2026-02-24 17:59,PL-CARB-0.313-120-10,CARBONO,0.313,2889.83
2026-02-24 17:59,PL-CARB-0.313-240-15,CARBONO,0.313,10367.13
2026-02-24 17:59,PL-CARB-0.313-120-10,CARBONO,0.313,3309.32
2026-02-24 17:59,PL-CARB-0.313-120-10,CARBONO,0.313,3309.32
2026-02-24 17:59,PL-CARB-0.313-120-10,CARBONO,0.313,3309.32
2026-02-24 17:59,PL-CARB-0.313-120-10,CARBONO,0.313,3309.32
2026-02-24 18:00,PL-CARB-0.375-240-1,CARBONO,0.375,3635.29
2026-02-24 18:00,PL-CARB-0.25-240-9,CARBONO,0.25,4291.99
2026-02-24 18:00,PL-CARB-0.25-240-47,CARBONO,0.25,20737.37
2026-02-24 18:00,PL-CARB-0.313-240-19,CARBONO,0.313,7577.58
2026-02-24 18:00,PL-CARB-0.313-240-19,CARBONO,0.313,9420.77
2026-02-24 18:00,PL-CARB-0.313-120-10,CARBONO,0.313,2889.83
2026-02-24 18:00,PL-CARB-0.313-120-10,CARBONO,0.313,3309.32
2026-02-24 18:00,PL-CARB-0.313-120-10,CARBONO,0.313,3309.32
2026-02-24 18:00,PL-CARB-0.375-240-25,CARBONO,0.375,9395.29
2026-02-24 18:00,PL-CARB-0.375-120-1,CARBONO,0.375,1817.65
2026-02-24 18:00,PL-CARB-0.25-240-18,CARBONO,0.25,11331.93
2026-02-24 18:00,PL-CARB-0.25-240-47,CARBONO,0.25,16132.1
2026-02-24 18:00,PL-CARB-0.313-240-19,CARBONO,0.313,7332.19
2026-02-24 18:00,PL-CARB-0.313-240-19,CARBONO,0.313,8068.35
2026-02-24 18:00,PL-CARB-0.313-240-15,CARBONO,0.313,8661.9
2026-02-24 18:00,PL-CARB-0.313-120-10,CARBONO,0.313,2889.83
2026-02-24 18:00,PL-CARB-0.313-120-10,CARBONO,0.313,3309.32
2026-02-24 18:00,PL-CARB-0.313-120-10,CARBONO,0.313,3309.32
2026-02-24 18:00,PL-CARB-0.313-120-10,CARBONO,0.313,3309.32
2026-02-24 18:00,PL-CARB-0.375-240-25,CARBONO,0.375,9395.29
2026-02-24 18:00,PL-CARB-0.375-240-1,CARBONO,0.375,3635.29
2026-02-24 18:00,PL-CARB-0.25-240-18,CARBONO,0.25,11331.93
2026-02-24 18:00,PL-CARB-0.25-240-21,CARBONO,0.25,8772.05
2026-02-24 18:00,PL-CARB-0.25-240-47,CARBONO,0.25,18434.74
2026-02-24 18:00,PL-CARB-0.313-240-19,CARBONO,0.313,7332.19
2026-02-24 18:00,PL-CARB-0.313-240-19,CARBONO,0.313,7822.96
2026-02-24 18:00,PL-CARB-0.313-240-19,CARBONO,0.313,7300.38
2026-02-24 18:00,PL-CARB-0.313-240-15,CARBONO,0.313,8670.99
2026-02-24 18:00,PL-CARB-0.313-120-10,CARBONO,0.313,2889.83
2026-02-24 18:00,PL-CARB-0.313-120-10,CARBONO,0.313,3309.32
2026-02-24 18:00,PL-CARB-0.313-120-10,CARBONO,0.313,3309.32
2026-02-24 18:00,PL-CARB-0.313-120-10,CARBONO,0.313,3309.32
2026-02-24 18:00,PL-CARB-0.313-120-10,CARBONO,0.313,3309.32
2026-02-24 18:10,PL-CARB-0.375-240-25,CARBONO,0.375,9395.29
2026-02-24 18:10,PL-CARB-0.375-240-25,CARBONO,0.375,9395.29
2026-02-24 18:10,PL-CARB-0.375-240-25,CARBONO,0.375,9395.29
2026-02-24 18:10,PL-CARB-0.25-240-18,CARBONO,0.25,11331.93
2026-02-24 18:10,PL-CARB-0.375-240-1,CARBONO,0.375,3635.29
2026-02-24 18:10,PL-CARB-0.25-240-18,CARBONO,0.25,11331.93
2026-02-24 18:10,PL-CARB-0.25-240-18,CARBONO,0.25,12931.99
2026-02-24 18:10,PL-CARB-0.25-240-47,CARBONO,0.25,13829.47
2026-02-24 18:10,PL-CARB-0.25-240-47,CARBONO,0.25,16132.1
2026-02-24 18:10,PL-CARB-0.313-240-19,CARBONO,0.313,7332.19
2026-02-24 18:10,PL-CARB-0.313-240-19,CARBONO,0.313,7332.19
2026-02-24 18:10,PL-CARB-0.313-240-19,CARBONO,0.313,7577.58
2026-02-24 18:11,PL-CARB-0.313-240-19,CARBONO,0.313,8068.35
2026-02-24 18:11,PL-CARB-0.313-240-19,CARBONO,0.313,8068.35
2026-02-24 18:11,PL-CARB-0.313-240-19,CARBONO,0.313,9411.67
2026-02-24 18:11,PL-CARB-0.313-240-15,CARBONO,0.313,8643.71
2026-02-24 18:11,PL-CARB-0.313-240-15,CARBONO,0.313,8689.17
2026-02-24 18:11,PL-CARB-0.313-120-10,CARBONO,0.313,2889.83
2026-02-24 18:11,PL-CARB-0.313-120-10,CARBONO,0.313,2889.83
2026-02-24 18:11,PL-CARB-0.313-240-15,CARBONO,0.313,10367.13
2026-02-24 18:11,PL-CARB-0.313-120-10,CARBONO,0.313,3309.32
2026-02-24 18:11,PL-CARB-0.313-120-10,CARBONO,0.313,3309.32
2026-02-24 18:11,PL-CARB-0.313-120-10,CARBONO,0.313,3309.32
2026-02-24 18:11,PL-CARB-0.313-120-10,CARBONO,0.313,3309.32
2026-02-24 18:11,PL-CARB-0.375-240-1,CARBONO,0.375,3635.29
2026-02-24 18:11,PL-CARB-0.25-240-9,CARBONO,0.25,4291.99
2026-02-24 18:11,PL-CARB-0.25-240-47,CARBONO,0.25,20737.37
2026-02-24 18:11,PL-CARB-0.313-240-19,CARBONO,0.313,7577.58
2026-02-24 18:11,PL-CARB-0.313-240-19,CARBONO,0.313,9420.77
2026-02-24 18:11,PL-CARB-0.313-120-10,CARBONO,0.313,2889.83
2026-02-24 18:11,PL-CARB-0.313-120-10,CARBONO,0.313,3309.32
2026-02-24 18:11,PL-CARB-0.313-120-10,CARBONO,0.313,3309.32
2026-02-24 18:11,PL-CARB-0.375-240-25,CARBONO,0.375,9395.29
2026-02-24 18:11,PL-CARB-0.375-120-1,CARBONO,0.375,1817.65
2026-02-24 18:11,PL-CARB-0.25-240-18,CARBONO,0.25,11331.93
2026-02-24 18:11,PL-CARB-0.25-240-47,CARBONO,0.25,16132.1
2026-02-24 18:11,PL-CARB-0.313-240-19,CARBONO,0.313,7332.19
2026-02-24 18:11,PL-CARB-0.313-240-19,CARBONO,0.313,8068.35
2026-02-24 18:11,PL-CARB-0.313-240-15,CARBONO,0.313,8661.9
2026-02-24 18:11,PL-CARB-0.313-120-10,CARBONO,0.313,2889.83
2026-02-24 18:11,PL-CARB-0.313-120-10,CARBONO,0.313,3309.32
2026-02-24 18:11,PL-CARB-0.313-120-10,CARBONO,0.313,3309.32
2026-02-24 18:11,PL-CARB-0.313-120-10,CARBONO,0.313,3309.32
2026-02-24 18:11,PL-CARB-0.375-240-25,CARBONO,0.375,9395.29
2026-02-24 18:11,PL-CARB-0.375-240-1,CARBONO,0.375,3635.29
2026-02-24 18:11,PL-CARB-0.25-240-18,CARBONO,0.25,11331.93
2026-02-24 18:11,PL-CARB-0.25-240-21,CARBONO,0.25,8772.05
2026-02-24 18:11,PL-CARB-0.25-240-47,CARBONO,0.25,18434.74
2026-02-24 18:11,PL-CARB-0.313-240-19,CARBONO,0.313,7332.19
2026-02-24 18:11,PL-CARB-0.313-240-19,CARBONO,0.313,7822.96
2026-02-24 18:11,PL-CARB-0.313-240-19,CARBONO,0.313,7300.38
2026-02-24 18:11,PL-CARB-0.313-240-15,CARBONO,0.313,8670.99
2026-02-24 18:11,PL-CARB-0.313-120-10,CARBONO,0.313,2889.83
2026-02-24 18:11,PL-CARB-0.313-120-10,CARBONO,0.313,3309.32
2026-02-24 18:11,PL-CARB-0.313-120-10,CARBONO,0.313,3309.32
2026-02-24 18:11,PL-CARB-0.313-120-10,CARBONO,0.313,3309.32
2026-02-24 18:11,PL-CARB-0.313-120-10,CARBONO,0.313,3309.32
2026-02-24 18:15,PL-CARB-0.375-240-25,CARBONO,0.375,9395.29
2026-02-24 18:15,PL-CARB-0.375-240-25,CARBONO,0.375,9395.29
2026-02-24 18:15,PL-CARB-0.375-240-25,CARBONO,0.375,9395.29
2026-02-24 18:15,PL-CARB-0.25-240-18,CARBONO,0.25,11331.93
2026-02-24 18:15,PL-CARB-0.375-240-1,CARBONO,0.375,3635.29
2026-02-24 18:15,PL-CARB-0.25-240-18,CARBONO,0.25,11331.93
2026-02-24 18:15,PL-CARB-0.25-240-18,CARBONO,0.25,12931.99
2026-02-24 18:15,PL-CARB-0.25-240-47,CARBONO,0.25,13829.47
2026-02-24 18:15,PL-CARB-0.25-240-47,CARBONO,0.25,16132.1
2026-02-24 18:15,PL-CARB-0.313-240-19,CARBONO,0.313,7332.19
2026-02-24 18:15,PL-CARB-0.313-240-19,CARBONO,0.313,7332.19
2026-02-24 18:15,PL-CARB-0.313-240-19,CARBONO,0.313,7577.58
2026-02-24 18:15,PL-CARB-0.313-240-19,CARBONO,0.313,8068.35
2026-02-24 18:15,PL-CARB-0.313-240-19,CARBONO,0.313,8068.35
2026-02-24 18:15,PL-CARB-0.313-240-19,CARBONO,0.313,9411.67
2026-02-24 18:15,PL-CARB-0.313-240-15,CARBONO,0.313,8643.71
2026-02-24 18:15,PL-CARB-0.313-240-15,CARBONO,0.313,8689.17
2026-02-24 18:15,PL-CARB-0.313-120-10,CARBONO,0.313,2889.83
2026-02-24 18:15,PL-CARB-0.313-120-10,CARBONO,0.313,2889.83
2026-02-24 18:15,PL-CARB-0.313-240-15,CARBONO,0.313,10367.13
2026-02-24 18:15,PL-CARB-0.313-120-10,CARBONO,0.313,3309.32
2026-02-24 18:15,PL-CARB-0.313-120-10,CARBONO,0.313,3309.32
2026-02-24 18:15,PL-CARB-0.313-120-10,CARBONO,0.313,3309.32
2026-02-24 18:15,PL-CARB-0.313-120-10,CARBONO,0.313,3309.32
2026-02-24 18:16,PL-CARB-0.375-240-25,CARBONO,0.375,9395.29
2026-02-24 18:16,PL-CARB-0.375-240-25,CARBONO,0.375,9395.29
2026-02-24 18:16,PL-CARB-0.375-240-25,CARBONO,0.375,9395.29
2026-02-24 18:16,PL-CARB-0.25-240-19,CARBONO,0.25,11331.93
2026-02-24 18:16,PL-CARB-0.375-24-72,CARBONO,0.375,3635.29
2026-02-24 18:16,PL-CARB-0.25-240-19,CARBONO,0.25,11331.93
2026-02-24 18:16,PL-CARB-0.25-52-96,CARBONO,0.25,12931.99
2026-02-24 18:16,PL-CARB-0.25-240-47,CARBONO,0.25,13829.47
2026-02-24 18:16,PL-CARB-0.25-240-47,CARBONO,0.25,16132.1
2026-02-24 18:16,PL-CARB-0.313-240-19,CARBONO,0.313,7332.19
2026-02-24 18:16,PL-CARB-0.313-240-19,CARBONO,0.313,7332.19
2026-02-24 18:16,PL-CARB-0.313-240-19,CARBONO,0.313,7577.58
2026-02-24 18:16,PL-CARB-0.313-240-19,CARBONO,0.313,8068.35
2026-02-24 18:16,PL-CARB-0.313-240-19,CARBONO,0.313,8068.35
2026-02-24 18:16,PL-CARB-0.313-240-19,CARBONO,0.313,9411.67
2026-02-24 18:16,PL-CARB-0.313-41-96,CARBONO,0.313,8643.71
2026-02-24 18:16,PL-CARB-0.313-41-96,CARBONO,0.313,8689.17
2026-02-24 18:16,PL-CARB-0.313-43-48,CARBONO,0.313,2889.83
2026-02-24 18:16,PL-CARB-0.313-43-48,CARBONO,0.313,2889.83
2026-02-24 18:16,PL-CARB-0.313-240-15,CARBONO,0.313,10367.13
2026-02-24 18:16,PL-CARB-0.313-40-48,CARBONO,0.313,3309.32
2026-02-24 18:16,PL-CARB-0.313-40-48,CARBONO,0.313,3309.32
2026-02-24 18:16,PL-CARB-0.313-40-48,CARBONO,0.313,3309.32
2026-02-24 18:16,PL-CARB-0.313-40-48,CARBONO,0.313,3309.32
2026-02-24 18:17,PL-CARB-0.375-24-72,CARBONO,0.375,3635.29
2026-02-24 18:17,PL-CARB-0.25-240-9,CARBONO,0.25,4291.99
2026-02-24 18:17,PL-CARB-0.25-191-96,CARBONO,0.25,20737.37
2026-02-24 18:17,PL-CARB-0.313-240-19,CARBONO,0.313,7577.58
2026-02-24 18:17,PL-CARB-0.313-240-19,CARBONO,0.313,9420.77
2026-02-24 18:17,PL-CARB-0.313-43-48,CARBONO,0.313,2889.83
2026-02-24 18:17,PL-CARB-0.313-40-48,CARBONO,0.313,3309.32
2026-02-24 18:17,PL-CARB-0.313-40-48,CARBONO,0.313,3309.32
2026-02-24 18:17,PL-CARB-0.375-240-25,CARBONO,0.375,9395.29
2026-02-24 18:17,PL-CARB-0.375-20-72,CARBONO,0.375,1817.65
2026-02-24 18:17,PL-CARB-0.25-240-19,CARBONO,0.25,11331.93
2026-02-24 18:17,PL-CARB-0.25-240-47,CARBONO,0.25,16132.1
2026-02-24 18:17,PL-CARB-0.313-240-19,CARBONO,0.313,7332.19
2026-02-24 18:17,PL-CARB-0.313-240-19,CARBONO,0.313,8068.35
2026-02-24 18:17,PL-CARB-0.313-41-96,CARBONO,0.313,8661.9
2026-02-24 18:17,PL-CARB-0.313-43-48,CARBONO,0.313,2889.83
2026-02-24 18:17,PL-CARB-0.313-40-48,CARBONO,0.313,3309.32
2026-02-24 18:17,PL-CARB-0.313-40-48,CARBONO,0.313,3309.32
2026-02-24 18:17,PL-CARB-0.313-40-48,CARBONO,0.313,3309.32
2026-02-24 18:17,PL-CARB-0.375-240-25,CARBONO,0.375,9395.29
2026-02-24 18:17,PL-CARB-0.375-24-72,CARBONO,0.375,3635.29
2026-02-24 18:17,PL-CARB-0.25-240-19,CARBONO,0.25,11331.93
2026-02-24 18:17,PL-CARB-0.25-240-21,CARBONO,0.25,8772.05
2026-02-24 18:17,PL-CARB-0.25-134-96,CARBONO,0.25,18434.74
2026-02-24 18:17,PL-CARB-0.313-240-19,CARBONO,0.313,7332.19
2026-02-24 18:17,PL-CARB-0.313-240-19,CARBONO,0.313,7822.96
2026-02-24 18:17,PL-CARB-0.313-240-19,CARBONO,0.313,7300.38
2026-02-24 18:17,PL-CARB-0.313-41-96,CARBONO,0.313,8670.99
2026-02-24 18:17,PL-CARB-0.313-43-48,CARBONO,0.313,2889.83
2026-02-24 18:17,PL-CARB-0.313-40-48,CARBONO,0.313,3309.32
2026-02-24 18:17,PL-CARB-0.313-40-48,CARBONO,0.313,3309.32
2026-02-24 18:17,PL-CARB-0.313-40-48,CARBONO,0.313,3309.32
2026-02-24 18:17,PL-CARB-0.313-40-48,CARBONO,0.313,3309.32
2026-02-24 18:20,PL-CARB-0.375-240-25,CARBONO,0.375,9395.29
2026-02-24 18:20,PL-CARB-0.375-240-25,CARBONO,0.375,9395.29
2026-02-24 18:20,PL-CARB-0.375-240-25,CARBONO,0.375,9395.29
2026-02-24 18:20,PL-CARB-0.25-240-19,CARBONO,0.25,11331.93
2026-02-24 18:20,PL-CARB-0.375-24-72,CARBONO,0.375,3635.29
2026-02-24 18:20,PL-CARB-0.25-240-19,CARBONO,0.25,11331.93
2026-02-24 18:20,PL-CARB-0.25-52-96,CARBONO,0.25,12931.99
2026-02-24 18:20,PL-CARB-0.25-240-47,CARBONO,0.25,13829.47
2026-02-24 18:20,PL-CARB-0.25-240-47,CARBONO,0.25,16132.1
2026-02-24 18:20,PL-CARB-0.313-240-19,CARBONO,0.313,7332.19
2026-02-24 18:20,PL-CARB-0.313-240-19,CARBONO,0.313,7332.19
2026-02-24 18:20,PL-CARB-0.313-240-19,CARBONO,0.313,7577.58
2026-02-24 18:20,PL-CARB-0.313-240-19,CARBONO,0.313,8068.35
2026-02-24 18:20,PL-CARB-0.313-240-19,CARBONO,0.313,8068.35
2026-02-24 18:20,PL-CARB-0.313-240-19,CARBONO,0.313,9411.67
2026-02-24 18:20,PL-CARB-0.313-41-96,CARBONO,0.313,8643.71
2026-02-24 18:20,PL-CARB-0.313-41-96,CARBONO,0.313,8689.17
2026-02-24 18:20,PL-CARB-0.313-43-48,CARBONO,0.313,2889.83
2026-02-24 18:20,PL-CARB-0.313-43-48,CARBONO,0.313,2889.83
2026-02-24 18:20,PL-CARB-0.313-240-15,CARBONO,0.313,10367.13
2026-02-24 18:20,PL-CARB-0.313-40-48,CARBONO,0.313,3309.32
2026-02-24 18:20,PL-CARB-0.313-40-48,CARBONO,0.313,3309.32
2026-02-24 18:20,PL-CARB-0.313-40-48,CARBONO,0.313,3309.32
2026-02-24 18:20,PL-CARB-0.313-40-48,CARBONO,0.313,3309.32
2026-02-24 18:20,PL-CARB-0.375-24-72,CARBONO,0.375,3635.29
2026-02-24 18:20,PL-CARB-0.25-240-9,CARBONO,0.25,4291.99
2026-02-24 18:20,PL-CARB-0.25-191-96,CARBONO,0.25,20737.37
2026-02-24 18:20,PL-CARB-0.313-240-19,CARBONO,0.313,7577.58
2026-02-24 18:20,PL-CARB-0.313-240-19,CARBONO,0.313,9420.77
2026-02-24 18:20,PL-CARB-0.313-43-48,CARBONO,0.313,2889.83
2026-02-24 18:20,PL-CARB-0.313-40-48,CARBONO,0.313,3309.32
2026-02-24 18:20,PL-CARB-0.313-40-48,CARBONO,0.313,3309.32
2026-02-24 18:21,PL-CARB-0.375-240-25,CARBONO,0.375,9395.29
2026-02-24 18:21,PL-CARB-0.375-20-72,CARBONO,0.375,1817.65
2026-02-24 18:21,PL-CARB-0.25-240-19,CARBONO,0.25,11331.93
2026-02-24 18:21,PL-CARB-0.25-240-47,CARBONO,0.25,16132.1
2026-02-24 18:21,PL-CARB-0.313-240-19,CARBONO,0.313,7332.19
2026-02-24 18:21,PL-CARB-0.313-240-19,CARBONO,0.313,8068.35
2026-02-24 18:21,PL-CARB-0.313-41-96,CARBONO,0.313,8661.9
2026-02-24 18:21,PL-CARB-0.313-43-48,CARBONO,0.313,2889.83
2026-02-24 18:21,PL-CARB-0.313-40-48,CARBONO,0.313,3309.32
2026-02-24 18:21,PL-CARB-0.313-40-48,CARBONO,0.313,3309.32
2026-02-24 18:21,PL-CARB-0.313-40-48,CARBONO,0.313,3309.32
2026-02-24 18:21,PL-CARB-0.375-240-25,CARBONO,0.375,9395.29
2026-02-24 18:21,PL-CARB-0.375-24-72,CARBONO,0.375,3635.29
2026-02-24 18:21,PL-CARB-0.25-240-19,CARBONO,0.25,11331.93
2026-02-24 18:21,PL-CARB-0.25-240-21,CARBONO,0.25,8772.05
2026-02-24 18:21,PL-CARB-0.25-134-96,CARBONO,0.25,18434.74
2026-02-24 18:21,PL-CARB-0.313-240-19,CARBONO,0.313,7332.19
2026-02-24 18:21,PL-CARB-0.313-240-19,CARBONO,0.313,7822.96
2026-02-24 18:21,PL-CARB-0.313-240-19,CARBONO,0.313,7300.38
2026-02-24 18:21,PL-CARB-0.313-41-96,CARBONO,0.313,8670.99
2026-02-24 18:21,PL-CARB-0.313-43-48,CARBONO,0.313,2889.83
2026-02-24 18:21,PL-CARB-0.313-40-48,CARBONO,0.313,3309.32
2026-02-24 18:21,PL-CARB-0.313-40-48,CARBONO,0.313,3309.32
2026-02-24 18:21,PL-CARB-0.313-40-48,CARBONO,0.313,3309.32
2026-02-24 18:21,PL-CARB-0.313-40-48,CARBONO,0.313,3309.32
2026-02-24 18:56,PL-CARB-0.375-240-25,CARBONO,0.375,9395.29
2026-02-24 18:56,PL-CARB-0.375-240-25,CARBONO,0.375,9395.29
2026-02-24 18:56,PL-CARB-0.375-240-25,CARBONO,0.375,9395.29
2026-02-24 18:56,PL-CARB-0.25-240-19,CARBONO,0.25,11331.93
2026-02-24 18:56,PL-CARB-0.375-24-72,CARBONO,0.375,3635.29
2026-02-24 18:56,PL-CARB-0.25-240-19,CARBONO,0.25,11331.93
2026-02-24 18:56,PL-CARB-0.25-52-96,CARBONO,0.25,12931.99
2026-02-24 18:56,PL-CARB-0.25-240-47,CARBONO,0.25,13829.47
2026-02-24 18:56,PL-CARB-0.25-240-47,CARBONO,0.25,16132.1
2026-02-24 18:56,PL-CARB-0.313-240-19,CARBONO,0.313,7332.19
2026-02-24 18:56,PL-CARB-0.313-240-19,CARBONO,0.313,7332.19
2026-02-24 18:56,PL-CARB-0.313-240-19,CARBONO,0.313,7577.58
2026-02-24 18:56,PL-CARB-0.313-240-19,CARBONO,0.313,8068.35
2026-02-24 18:57,PL-CARB-0.313-240-19,CARBONO,0.313,8068.35
2026-02-24 18:57,PL-CARB-0.313-240-19,CARBONO,0.313,9411.67
2026-02-24 18:57,PL-CARB-0.313-41-96,CARBONO,0.313,8643.71
2026-02-24 18:57,PL-CARB-0.313-41-96,CARBONO,0.313,8689.17
2026-02-24 18:57,PL-CARB-0.313-43-48,CARBONO,0.313,2889.83
2026-02-24 18:57,PL-CARB-0.313-43-48,CARBONO,0.313,2889.83
2026-02-24 18:57,PL-CARB-0.313-240-15,CARBONO,0.313,10367.13
2026-02-24 18:57,PL-CARB-0.313-40-48,CARBONO,0.313,3309.32
2026-02-24 18:57,PL-CARB-0.313-40-48,CARBONO,0.313,3309.32
2026-02-24 18:57,PL-CARB-0.313-40-48,CARBONO,0.313,3309.32
2026-02-24 18:57,PL-CARB-0.313-40-48,CARBONO,0.313,3309.32
2026-02-24 18:57,PL-CARB-0.375-24-72,CARBONO,0.375,3635.29
2026-02-24 18:57,PL-CARB-0.25-240-9,CARBONO,0.25,4291.99
2026-02-24 18:57,PL-CARB-0.25-191-96,CARBONO,0.25,20737.37
2026-02-24 18:57,PL-CARB-0.313-240-19,CARBONO,0.313,7577.58
2026-02-24 18:57,PL-CARB-0.313-240-19,CARBONO,0.313,9420.77
2026-02-24 18:57,PL-CARB-0.313-43-48,CARBONO,0.313,2889.83
2026-02-24 18:57,PL-CARB-0.313-40-48,CARBONO,0.313,3309.32
2026-02-24 18:57,PL-CARB-0.313-40-48,CARBONO,0.313,3309.32
2026-02-24 18:57,PL-CARB-0.375-240-25,CARBONO,0.375,9395.29
2026-02-24 18:57,PL-CARB-0.375-20-72,CARBONO,0.375,1817.65
2026-02-24 18:57,PL-CARB-0.25-240-19,CARBONO,0.25,11331.93
2026-02-24 18:57,PL-CARB-0.25-240-47,CARBONO,0.25,16132.1
2026-02-24 18:57,PL-CARB-0.313-240-19,CARBONO,0.313,7332.19
2026-02-24 18:57,PL-CARB-0.313-240-19,CARBONO,0.313,8068.35
2026-02-24 18:57,PL-CARB-0.313-41-96,CARBONO,0.313,8661.9
2026-02-24 18:57,PL-CARB-0.313-43-48,CARBONO,0.313,2889.83
2026-02-24 18:57,PL-CARB-0.313-40-48,CARBONO,0.313,3309.32
2026-02-24 18:57,PL-CARB-0.313-40-48,CARBONO,0.313,3309.32
2026-02-24 18:57,PL-CARB-0.313-40-48,CARBONO,0.313,3309.32
2026-02-24 18:57,PL-CARB-0.375-240-25,CARBONO,0.375,9395.29
2026-02-24 18:57,PL-CARB-0.375-24-72,CARBONO,0.375,3635.29
2026-02-24 18:57,PL-CARB-0.25-240-19,CARBONO,0.25,11331.93
2026-02-24 18:57,PL-CARB-0.25-240-21,CARBONO,0.25,8772.05
2026-02-24 18:57,PL-CARB-0.25-134-96,CARBONO,0.25,18434.74
2026-02-24 18:57,PL-CARB-0.313-240-19,CARBONO,0.313,7332.19
2026-02-24 18:57,PL-CARB-0.313-240-19,CARBONO,0.313,7822.96
2026-02-24 18:57,PL-CARB-0.313-240-19,CARBONO,0.313,7300.38
2026-02-24 18:57,PL-CARB-0.313-41-96,CARBONO,0.313,8670.99
2026-02-24 18:57,PL-CARB-0.313-43-48,CARBONO,0.313,2889.83
2026-02-24 18:57,PL-CARB-0.313-40-48,CARBONO,0.313,3309.32
2026-02-24 18:57,PL-CARB-0.313-40-48,CARBONO,0.313,3309.32
2026-02-24 18:57,PL-CARB-0.313-40-48,CARBONO,0.313,3309.32
2026-02-24 18:57,PL-CARB-0.313-40-48,CARBONO,0.313,3309.32
2026-02-24 19:04,PL-CARB-0.375-240-25,CARBONO,0.375,9395.29
2026-02-24 19:04,PL-CARB-0.375-240-25,CARBONO,0.375,9395.29
2026-02-24 19:04,PL-CARB-0.375-240-25,CARBONO,0.375,9395.29
2026-02-24 19:04,PL-CARB-0.25-240-19,CARBONO,0.25,11331.93
2026-02-24 19:04,PL-CARB-0.375-24-72,CARBONO,0.375,3635.29
2026-02-24 19:04,PL-CARB-0.25-240-19,CARBONO,0.25,11331.93
2026-02-24 19:04,PL-CARB-0.25-52-96,CARBONO,0.25,12931.99
2026-02-24 19:04,PL-CARB-0.25-240-47,CARBONO,0.25,13829.47
2026-02-24 19:04,PL-CARB-0.25-240-47,CARBONO,0.25,16132.1
2026-02-24 19:04,PL-CARB-0.313-240-19,CARBONO,0.313,7332.19
2026-02-24 19:04,PL-CARB-0.313-240-19,CARBONO,0.313,7332.19
2026-02-24 19:04,PL-CARB-0.313-240-19,CARBONO,0.313,7577.58
2026-02-24 19:04,PL-CARB-0.313-240-19,CARBONO,0.313,8068.35
2026-02-24 19:04,PL-CARB-0.313-240-19,CARBONO,0.313,8068.35
2026-02-24 19:04,PL-CARB-0.313-240-19,CARBONO,0.313,9411.67
2026-02-24 19:04,PL-CARB-0.313-41-96,CARBONO,0.313,8643.71
2026-02-24 19:04,PL-CARB-0.313-41-96,CARBONO,0.313,8689.17
2026-02-24 19:04,PL-CARB-0.313-43-48,CARBONO,0.313,2889.83
2026-02-24 19:04,PL-CARB-0.313-43-48,CARBONO,0.313,2889.83
2026-02-24 19:04,PL-CARB-0.313-240-15,CARBONO,0.313,10367.13
2026-02-24 19:04,PL-CARB-0.313-40-48,CARBONO,0.313,3309.32
2026-02-24 19:04,PL-CARB-0.313-40-48,CARBONO,0.313,3309.32
2026-02-24 19:04,PL-CARB-0.313-40-48,CARBONO,0.313,3309.32
2026-02-24 19:04,PL-CARB-0.313-40-48,CARBONO,0.313,3309.32
2026-02-24 19:04,PL-CARB-0.375-24-72,CARBONO,0.375,3635.29
2026-02-24 19:04,PL-CARB-0.25-240-9,CARBONO,0.25,4291.99
2026-02-24 19:04,PL-CARB-0.25-191-96,CARBONO,0.25,20737.37
2026-02-24 19:04,PL-CARB-0.313-240-19,CARBONO,0.313,7577.58
2026-02-24 19:04,PL-CARB-0.313-240-19,CARBONO,0.313,9420.77
2026-02-24 19:04,PL-CARB-0.313-43-48,CARBONO,0.313,2889.83
2026-02-24 19:04,PL-CARB-0.313-40-48,CARBONO,0.313,3309.32
2026-02-24 19:04,PL-CARB-0.313-40-48,CARBONO,0.313,3309.32
2026-02-24 19:04,PL-CARB-0.375-240-25,CARBONO,0.375,9395.29
2026-02-24 19:04,PL-CARB-0.375-20-72,CARBONO,0.375,1817.65
2026-02-24 19:04,PL-CARB-0.25-240-19,CARBONO,0.25,11331.93
2026-02-24 19:04,PL-CARB-0.25-240-47,CARBONO,0.25,16132.1
2026-02-24 19:04,PL-CARB-0.313-240-19,CARBONO,0.313,7332.19
2026-02-24 19:04,PL-CARB-0.313-240-19,CARBONO,0.313,8068.35
2026-02-24 19:04,PL-CARB-0.313-41-96,CARBONO,0.313,8661.9
2026-02-24 19:04,PL-CARB-0.313-43-48,CARBONO,0.313,2889.83
2026-02-24 19:04,PL-CARB-0.313-40-48,CARBONO,0.313,3309.32
2026-02-24 19:04,PL-CARB-0.313-40-48,CARBONO,0.313,3309.32
2026-02-24 19:04,PL-CARB-0.313-40-48,CARBONO,0.313,3309.32
2026-02-24 19:04,PL-CARB-0.375-240-25,CARBONO,0.375,9395.29
2026-02-24 19:04,PL-CARB-0.375-24-72,CARBONO,0.375,3635.29
2026-02-24 19:04,PL-CARB-0.25-240-19,CARBONO,0.25,11331.93
2026-02-24 19:04,PL-CARB-0.25-240-21,CARBONO,0.25,8772.05
2026-02-24 19:04,PL-CARB-0.25-134-96,CARBONO,0.25,18434.74
2026-02-24 19:04,PL-CARB-0.313-240-19,CARBONO,0.313,7332.19
2026-02-24 19:04,PL-CARB-0.313-240-19,CARBONO,0.313,7822.96
2026-02-24 19:04,PL-CARB-0.313-240-19,CARBONO,0.313,7300.38
2026-02-24 19:04,PL-CARB-0.313-41-96,CARBONO,0.313,8670.99
2026-02-24 19:04,PL-CARB-0.313-43-48,CARBONO,0.313,2889.83
2026-02-24 19:04,PL-CARB-0.313-40-48,CARBONO,0.313,3309.32
2026-02-24 19:04,PL-CARB-0.313-40-48,CARBONO,0.313,3309.32
2026-02-24 19:04,PL-CARB-0.313-40-48,CARBONO,0.313,3309.32
2026-02-24 19:04,PL-CARB-0.313-40-48,CARBONO,0.313,3309.32
2026-02-24 19:09,PL-CARB-0.375-240-25,CARBONO,0.375,9395.29
2026-02-24 19:09,PL-CARB-0.375-240-25,CARBONO,0.375,9395.29
2026-02-24 19:09,PL-CARB-0.375-240-25,CARBONO,0.375,9395.29
2026-02-24 19:09,PL-CARB-0.375-24-72,CARBONO,0.375,3635.29
2026-02-24 19:09,PL-CARB-0.25-240-19,CARBONO,0.25,11331.93
2026-02-24 19:09,PL-CARB-0.25-240-19,CARBONO,0.25,11331.93
2026-02-24 19:09,PL-CARB-0.25-52-96,CARBONO,0.25,12931.99
2026-02-24 19:09,PL-CARB-0.25-240-47,CARBONO,0.25,13829.47
2026-02-24 19:09,PL-CARB-0.25-240-47,CARBONO,0.25,16132.1
2026-02-24 19:09,PL-CARB-0.313-240-19,CARBONO,0.313,7332.19
2026-02-24 19:09,PL-CARB-0.313-240-19,CARBONO,0.313,7332.19
2026-02-24 19:10,PL-CARB-0.313-240-19,CARBONO,0.313,7577.58
2026-02-24 19:10,PL-CARB-0.313-240-19,CARBONO,0.313,8068.35
2026-02-24 19:10,PL-CARB-0.313-240-19,CARBONO,0.313,8068.35
2026-02-24 19:10,PL-CARB-0.313-240-19,CARBONO,0.313,9411.67
2026-02-24 19:10,PL-CARB-0.313-41-96,CARBONO,0.313,8643.71
2026-02-24 19:10,PL-CARB-0.313-41-96,CARBONO,0.313,8689.17
2026-02-24 19:10,PL-CARB-0.313-43-48,CARBONO,0.313,2889.83
2026-02-24 19:10,PL-CARB-0.313-43-48,CARBONO,0.313,2889.83
2026-02-24 19:10,PL-CARB-0.313-240-15,CARBONO,0.313,10367.13
2026-02-24 19:10,PL-CARB-0.313-40-48,CARBONO,0.313,3309.32
2026-02-24 19:10,PL-CARB-0.313-40-48,CARBONO,0.313,3309.32
2026-02-24 19:10,PL-CARB-0.313-40-48,CARBONO,0.313,3309.32
2026-02-24 19:10,PL-CARB-0.313-40-48,CARBONO,0.313,3309.32
2026-02-24 19:10,PL-CARB-0.375-24-72,CARBONO,0.375,3635.29
2026-02-24 19:10,PL-CARB-0.25-240-9,CARBONO,0.25,4291.99
2026-02-24 19:10,PL-CARB-0.25-191-96,CARBONO,0.25,20737.37
2026-02-24 19:10,PL-CARB-0.313-240-19,CARBONO,0.313,7577.58
2026-02-24 19:10,PL-CARB-0.313-240-19,CARBONO,0.313,9420.77
2026-02-24 19:10,PL-CARB-0.313-43-48,CARBONO,0.313,2889.83
2026-02-24 19:10,PL-CARB-0.313-40-48,CARBONO,0.313,3309.32
2026-02-24 19:10,PL-CARB-0.313-40-48,CARBONO,0.313,3309.32
2026-02-24 19:10,PL-CARB-0.375-240-25,CARBONO,0.375,9395.29
2026-02-24 19:10,PL-CARB-0.375-20-72,CARBONO,0.375,1817.65
2026-02-24 19:10,PL-CARB-0.25-240-19,CARBONO,0.25,11331.93
2026-02-24 19:10,PL-CARB-0.25-240-47,CARBONO,0.25,16132.1
2026-02-24 19:10,PL-CARB-0.313-240-19,CARBONO,0.313,7332.19
2026-02-24 19:10,PL-CARB-0.313-240-19,CARBONO,0.313,8068.35
2026-02-24 19:10,PL-CARB-0.313-41-96,CARBONO,0.313,8661.9
2026-02-24 19:10,PL-CARB-0.313-43-48,CARBONO,0.313,2889.83
2026-02-24 19:10,PL-CARB-0.313-40-48,CARBONO,0.313,3309.32
2026-02-24 19:10,PL-CARB-0.313-40-48,CARBONO,0.313,3309.32
2026-02-24 19:10,PL-CARB-0.313-40-48,CARBONO,0.313,3309.32
2026-02-24 19:10,PL-CARB-0.375-240-25,CARBONO,0.375,9395.29
2026-02-24 19:10,PL-CARB-0.375-24-72,CARBONO,0.375,3635.29
2026-02-24 19:10,PL-CARB-0.25-240-19,CARBONO,0.25,11331.93
2026-02-24 19:10,PL-CARB-0.25-240-21,CARBONO,0.25,8772.05
2026-02-24 19:10,PL-CARB-0.25-134-96,CARBONO,0.25,18434.74
2026-02-24 19:10,PL-CARB-0.313-240-19,CARBONO,0.313,7332.19
2026-02-24 19:10,PL-CARB-0.313-240-19,CARBONO,0.313,7822.96
2026-02-24 19:10,PL-CARB-0.313-240-19,CARBONO,0.313,7300.38
2026-02-24 19:10,PL-CARB-0.313-41-96,CARBONO,0.313,8670.99
2026-02-24 19:10,PL-CARB-0.313-43-48,CARBONO,0.313,2889.83
2026-02-24 19:10,PL-CARB-0.313-40-48,CARBONO,0.313,3309.32
2026-02-24 19:10,PL-CARB-0.313-40-48,CARBONO,0.313,3309.32
2026-02-24 19:10,PL-CARB-0.313-40-48,CARBONO,0.313,3309.32
2026-02-24 19:10,PL-CARB-0.313-40-48,CARBONO,0.313,3309.32
2026-02-24 19:26,PL-CARB-0.375-240-25,CARBONO,0.375,9395.29
2026-02-24 19:26,PL-CARB-0.375-240-25,CARBONO,0.375,9395.29
2026-02-24 19:26,PL-CARB-0.375-240-25,CARBONO,0.375,9395.29
2026-02-24 19:26,PL-CARB-0.25-240-19,CARBONO,0.25,11331.93
2026-02-24 19:26,PL-CARB-0.375-24-72,CARBONO,0.375,3635.29
2026-02-24 19:26,PL-CARB-0.25-240-19,CARBONO,0.25,11331.93
2026-02-24 19:26,PL-CARB-0.25-52-96,CARBONO,0.25,12931.99
2026-02-24 19:26,PL-CARB-0.25-240-47,CARBONO,0.25,13829.47
2026-02-24 19:26,PL-CARB-0.25-240-47,CARBONO,0.25,16132.1
2026-02-24 19:26,PL-CARB-0.313-240-19,CARBONO,0.313,7332.19
2026-02-24 19:26,PL-CARB-0.313-240-19,CARBONO,0.313,7332.19
2026-02-24 19:26,PL-CARB-0.313-240-19,CARBONO,0.313,7577.58
2026-02-24 19:26,PL-CARB-0.313-240-19,CARBONO,0.313,8068.35
2026-02-24 19:26,PL-CARB-0.313-240-19,CARBONO,0.313,8068.35
2026-02-24 19:26,PL-CARB-0.313-240-19,CARBONO,0.313,9411.67
2026-02-24 19:26,PL-CARB-0.313-41-96,CARBONO,0.313,8643.71
2026-02-24 19:26,PL-CARB-0.313-41-96,CARBONO,0.313,8689.17
2026-02-24 19:26,PL-CARB-0.313-43-48,CARBONO,0.313,2889.83
2026-02-24 19:26,PL-CARB-0.313-43-48,CARBONO,0.313,2889.83
2026-02-24 19:26,PL-CARB-0.313-240-15,CARBONO,0.313,10367.13
2026-02-24 19:26,PL-CARB-0.313-40-48,CARBONO,0.313,3309.32
2026-02-24 19:26,PL-CARB-0.313-40-48,CARBONO,0.313,3309.32
2026-02-24 19:26,PL-CARB-0.313-40-48,CARBONO,0.313,3309.32
2026-02-24 19:26,PL-CARB-0.313-40-48,CARBONO,0.313,3309.32
2026-02-24 19:26,PL-CARB-0.375-24-72,CARBONO,0.375,3635.29
2026-02-24 19:26,PL-CARB-0.25-240-9,CARBONO,0.25,4291.99
2026-02-24 19:26,PL-CARB-0.25-191-96,CARBONO,0.25,20737.37
2026-02-24 19:26,PL-CARB-0.313-240-19,CARBONO,0.313,7577.58
2026-02-24 19:26,PL-CARB-0.313-240-19,CARBONO,0.313,9420.77
2026-02-24 19:26,PL-CARB-0.313-43-48,CARBONO,0.313,2889.83
2026-02-24 19:26,PL-CARB-0.313-40-48,CARBONO,0.313,3309.32
2026-02-24 19:26,PL-CARB-0.313-40-48,CARBONO,0.313,3309.32
2026-02-24 19:26,PL-CARB-0.375-240-25,CARBONO,0.375,9395.29
2026-02-24 19:26,PL-CARB-0.375-20-72,CARBONO,0.375,1817.65
2026-02-24 19:26,PL-CARB-0.25-240-19,CARBONO,0.25,11331.93
2026-02-24 19:26,PL-CARB-0.25-240-47,CARBONO,0.25,16132.1
2026-02-24 19:27,PL-CARB-0.313-240-19,CARBONO,0.313,7332.19
2026-02-24 19:27,PL-CARB-0.313-240-19,CARBONO,0.313,8068.35
2026-02-24 19:27,PL-CARB-0.313-41-96,CARBONO,0.313,8661.9
2026-02-24 19:27,PL-CARB-0.313-43-48,CARBONO,0.313,2889.83
2026-02-24 19:27,PL-CARB-0.313-40-48,CARBONO,0.313,3309.32
2026-02-24 19:27,PL-CARB-0.313-40-48,CARBONO,0.313,3309.32
2026-02-24 19:27,PL-CARB-0.313-40-48,CARBONO,0.313,3309.32
2026-02-24 19:27,PL-CARB-0.375-240-25,CARBONO,0.375,9395.29
2026-02-24 19:27,PL-CARB-0.375-24-72,CARBONO,0.375,3635.29
2026-02-24 19:27,PL-CARB-0.25-240-19,CARBONO,0.25,11331.93
2026-02-24 19:27,PL-CARB-0.25-240-21,CARBONO,0.25,8772.05
2026-02-24 19:27,PL-CARB-0.25-134-96,CARBONO,0.25,18434.74
2026-02-24 19:27,PL-CARB-0.313-240-19,CARBONO,0.313,7332.19
2026-02-24 19:27,PL-CARB-0.313-240-19,CARBONO,0.313,7822.96
2026-02-24 19:27,PL-CARB-0.313-240-19,CARBONO,0.313,7300.38
2026-02-24 19:27,PL-CARB-0.313-41-96,CARBONO,0.313,8670.99
2026-02-24 19:27,PL-CARB-0.313-43-48,CARBONO,0.313,2889.83
2026-02-24 19:27,PL-CARB-0.313-40-48,CARBONO,0.313,3309.32
2026-02-24 19:27,PL-CARB-0.313-40-48,CARBONO,0.313,3309.32
2026-02-24 19:27,PL-CARB-0.313-40-48,CARBONO,0.313,3309.32
2026-02-24 19:27,PL-CARB-0.313-40-48,CARBONO,0.313,3309.32
2026-02-24 20:05,PL-CARB-0.375-240-25,CARBONO,0.375,9395.29
2026-02-24 20:05,PL-CARB-0.375-240-25,CARBONO,0.375,9395.29
2026-02-24 20:05,PL-CARB-0.375-240-25,CARBONO,0.375,9395.29
2026-02-24 20:05,PL-CARB-0.25-240-19,CARBONO,0.25,11331.93
2026-02-24 20:05,PL-CARB-0.375-24-72,CARBONO,0.375,3635.29
2026-02-24 20:05,PL-CARB-0.25-240-19,CARBONO,0.25,11331.93
2026-02-24 20:05,PL-CARB-0.25-52-96,CARBONO,0.25,12931.99
2026-02-24 20:05,PL-CARB-0.25-240-47,CARBONO,0.25,13829.47
2026-02-24 20:05,PL-CARB-0.25-240-47,CARBONO,0.25,16132.1
2026-02-24 20:05,PL-CARB-0.313-240-19,CARBONO,0.313,7332.19
2026-02-24 20:05,PL-CARB-0.313-240-19,CARBONO,0.313,7332.19
2026-02-24 20:05,PL-CARB-0.313-240-19,CARBONO,0.313,7577.58
2026-02-24 20:05,PL-CARB-0.313-240-19,CARBONO,0.313,8068.35
2026-02-24 20:05,PL-CARB-0.313-240-19,CARBONO,0.313,8068.35
2026-02-24 20:05,PL-CARB-0.313-240-19,CARBONO,0.313,9411.67
2026-02-24 20:05,PL-CARB-0.313-41-96,CARBONO,0.313,8643.71
2026-02-24 20:05,PL-CARB-0.313-41-96,CARBONO,0.313,8689.17
2026-02-24 20:05,PL-CARB-0.313-43-48,CARBONO,0.313,2889.83
2026-02-24 20:05,PL-CARB-0.313-43-48,CARBONO,0.313,2889.83
2026-02-24 20:05,PL-CARB-0.313-240-15,CARBONO,0.313,10367.13
2026-02-24 20:06,PL-CARB-0.313-40-48,CARBONO,0.313,3309.32
2026-02-24 20:06,PL-CARB-0.313-40-48,CARBONO,0.313,3309.32
2026-02-24 20:06,PL-CARB-0.313-40-48,CARBONO,0.313,3309.32
2026-02-24 20:06,PL-CARB-0.313-40-48,CARBONO,0.313,3309.32
2026-02-24 20:06,PL-CARB-0.375-24-72,CARBONO,0.375,3635.29
2026-02-24 20:06,PL-CARB-0.25-240-9,CARBONO,0.25,4291.99
2026-02-24 20:06,PL-CARB-0.25-191-96,CARBONO,0.25,20737.37
2026-02-24 20:06,PL-CARB-0.313-240-19,CARBONO,0.313,7577.58
2026-02-24 20:06,PL-CARB-0.313-240-19,CARBONO,0.313,9420.77
2026-02-24 20:06,PL-CARB-0.313-43-48,CARBONO,0.313,2889.83
2026-02-24 20:06,PL-CARB-0.313-40-48,CARBONO,0.313,3309.32
2026-02-24 20:06,PL-CARB-0.313-40-48,CARBONO,0.313,3309.32
2026-02-24 20:06,PL-CARB-0.375-240-25,CARBONO,0.375,9395.29
2026-02-24 20:06,PL-CARB-0.375-20-72,CARBONO,0.375,1817.65
2026-02-24 20:06,PL-CARB-0.25-240-19,CARBONO,0.25,11331.93
2026-02-24 20:06,PL-CARB-0.25-240-47,CARBONO,0.25,16132.1
2026-02-24 20:06,PL-CARB-0.313-240-19,CARBONO,0.313,7332.19
2026-02-24 20:06,PL-CARB-0.313-240-19,CARBONO,0.313,8068.35
2026-02-24 20:06,PL-CARB-0.313-41-96,CARBONO,0.313,8661.9
2026-02-24 20:06,PL-CARB-0.313-43-48,CARBONO,0.313,2889.83
2026-02-24 20:06,PL-CARB-0.313-40-48,CARBONO,0.313,3309.32
2026-02-24 20:06,PL-CARB-0.313-40-48,CARBONO,0.313,3309.32
2026-02-24 20:06,PL-CARB-0.313-40-48,CARBONO,0.313,3309.32
2026-02-24 20:06,PL-CARB-0.375-240-25,CARBONO,0.375,9395.29
2026-02-24 20:06,PL-CARB-0.375-24-72,CARBONO,0.375,3635.29
2026-02-24 20:06,PL-CARB-0.25-240-19,CARBONO,0.25,11331.93
2026-02-24 20:06,PL-CARB-0.25-240-21,CARBONO,0.25,8772.05
2026-02-24 20:06,PL-CARB-0.25-134-96,CARBONO,0.25,18434.74
2026-02-24 20:06,PL-CARB-0.313-240-19,CARBONO,0.313,7332.19
2026-02-24 20:06,PL-CARB-0.313-240-19,CARBONO,0.313,7822.96
2026-02-24 20:06,PL-CARB-0.313-240-19,CARBONO,0.313,7300.38
2026-02-24 20:06,PL-CARB-0.313-41-96,CARBONO,0.313,8670.99
2026-02-24 20:06,PL-CARB-0.313-43-48,CARBONO,0.313,2889.83
2026-02-24 20:06,PL-CARB-0.313-40-48,CARBONO,0.313,3309.32
2026-02-24 20:06,PL-CARB-0.313-40-48,CARBONO,0.313,3309.32
2026-02-24 20:06,PL-CARB-0.313-40-48,CARBONO,0.313,3309.32
2026-02-24 20:06,PL-CARB-0.313-40-48,CARBONO,0.313,3309.32
2026-02-24 20:07,PL-CARB-0.375-240-25,CARBONO,0.375,9395.29
2026-02-24 20:07,PL-CARB-0.375-240-25,CARBONO,0.375,9395.29
2026-02-24 20:07,PL-CARB-0.375-240-25,CARBONO,0.375,9395.29
2026-02-24 20:07,PL-CARB-0.25-240-19,CARBONO,0.25,11331.93
2026-02-24 20:07,PL-CARB-0.375-24-72,CARBONO,0.375,3635.29
2026-02-24 20:07,PL-CARB-0.25-240-19,CARBONO,0.25,11331.93
2026-02-24 20:07,PL-CARB-0.25-52-96,CARBONO,0.25,12931.99
2026-02-24 20:07,PL-CARB-0.25-240-47,CARBONO,0.25,13829.47
2026-02-24 20:07,PL-CARB-0.25-240-47,CARBONO,0.25,16132.1
2026-02-24 20:07,PL-CARB-0.313-240-19,CARBONO,0.313,7332.19
2026-02-24 20:07,PL-CARB-0.313-240-19,CARBONO,0.313,7332.19
2026-02-24 20:07,PL-CARB-0.313-240-19,CARBONO,0.313,7577.58
2026-02-24 20:07,PL-CARB-0.313-240-19,CARBONO,0.313,8068.35
2026-02-24 20:07,PL-CARB-0.313-240-19,CARBONO,0.313,8068.35
2026-02-24 20:07,PL-CARB-0.313-240-19,CARBONO,0.313,9411.67
2026-02-24 20:07,PL-CARB-0.313-41-96,CARBONO,0.313,8643.71
2026-02-24 20:07,PL-CARB-0.313-41-96,CARBONO,0.313,8689.17
2026-02-24 20:07,PL-CARB-0.313-43-48,CARBONO,0.313,2889.83
2026-02-24 20:07,PL-CARB-0.313-43-48,CARBONO,0.313,2889.83
2026-02-24 20:07,PL-CARB-0.313-240-15,CARBONO,0.313,10367.13
2026-02-24 20:07,PL-CARB-0.313-40-48,CARBONO,0.313,3309.32
2026-02-24 20:07,PL-CARB-0.313-40-48,CARBONO,0.313,3309.32
2026-02-24 20:07,PL-CARB-0.313-40-48,CARBONO,0.313,3309.32
2026-02-24 20:07,PL-CARB-0.313-40-48,CARBONO,0.313,3309.32
2026-02-24 20:07,PL-CARB-0.375-24-72,CARBONO,0.375,3635.29
2026-02-24 20:07,PL-CARB-0.25-240-9,CARBONO,0.25,4291.99
2026-02-24 20:07,PL-CARB-0.25-191-96,CARBONO,0.25,20737.37
2026-02-24 20:07,PL-CARB-0.313-240-19,CARBONO,0.313,7577.58
2026-02-24 20:07,PL-CARB-0.313-240-19,CARBONO,0.313,9420.77
2026-02-24 20:07,PL-CARB-0.313-43-48,CARBONO,0.313,2889.83
2026-02-24 20:07,PL-CARB-0.313-40-48,CARBONO,0.313,3309.32
2026-02-24 20:07,PL-CARB-0.313-40-48,CARBONO,0.313,3309.32
2026-02-24 20:07,PL-CARB-0.375-240-25,CARBONO,0.375,9395.29
2026-02-24 20:07,PL-CARB-0.375-20-72,CARBONO,0.375,1817.65
2026-02-24 20:07,PL-CARB-0.25-240-19,CARBONO,0.25,11331.93
2026-02-24 20:07,PL-CARB-0.25-240-47,CARBONO,0.25,16132.1
2026-02-24 20:07,PL-CARB-0.313-240-19,CARBONO,0.313,7332.19
2026-02-24 20:07,PL-CARB-0.313-240-19,CARBONO,0.313,8068.35
2026-02-24 20:08,PL-CARB-0.313-41-96,CARBONO,0.313,8661.9
2026-02-24 20:08,PL-CARB-0.313-43-48,CARBONO,0.313,2889.83
2026-02-24 20:08,PL-CARB-0.313-40-48,CARBONO,0.313,3309.32
2026-02-24 20:08,PL-CARB-0.313-40-48,CARBONO,0.313,3309.32
2026-02-24 20:08,PL-CARB-0.313-40-48,CARBONO,0.313,3309.32
2026-02-24 20:08,PL-CARB-0.375-240-25,CARBONO,0.375,9395.29
2026-02-24 20:08,PL-CARB-0.375-24-72,CARBONO,0.375,3635.29
2026-02-24 20:08,PL-CARB-0.25-240-19,CARBONO,0.25,11331.93
2026-02-24 20:08,PL-CARB-0.25-240-21,CARBONO,0.25,8772.05
2026-02-24 20:08,PL-CARB-0.25-134-96,CARBONO,0.25,18434.74
2026-02-24 20:08,PL-CARB-0.313-240-19,CARBONO,0.313,7332.19
2026-02-24 20:08,PL-CARB-0.313-240-19,CARBONO,0.313,7822.96
2026-02-24 20:08,PL-CARB-0.313-240-19,CARBONO,0.313,7300.38
2026-02-24 20:08,PL-CARB-0.313-41-96,CARBONO,0.313,8670.99
2026-02-24 20:08,PL-CARB-0.313-43-48,CARBONO,0.313,2889.83
2026-02-24 20:08,PL-CARB-0.313-40-48,CARBONO,0.313,3309.32
2026-02-24 20:08,PL-CARB-0.313-40-48,CARBONO,0.313,3309.32
2026-02-24 20:08,PL-CARB-0.313-40-48,CARBONO,0.313,3309.32
2026-02-24 20:08,PL-CARB-0.313-40-48,CARBONO,0.313,3309.32
2026-02-24 20:09,PL-CARB-0.375-240-25,CARBONO,0.375,9395.29
2026-02-24 20:09,PL-CARB-0.375-240-25,CARBONO,0.375,9395.29
2026-02-24 20:09,PL-CARB-0.375-240-25,CARBONO,0.375,9395.29
2026-02-24 20:09,PL-CARB-0.25-240-19,CARBONO,0.25,11331.93
2026-02-24 20:09,PL-CARB-0.375-24-72,CARBONO,0.375,3635.29
2026-02-24 20:09,PL-CARB-0.25-240-19,CARBONO,0.25,11331.93
2026-02-24 20:09,PL-CARB-0.25-52-96,CARBONO,0.25,12931.99
2026-02-24 20:09,PL-CARB-0.25-240-47,CARBONO,0.25,13829.47
2026-02-24 20:09,PL-CARB-0.25-240-47,CARBONO,0.25,16132.1
2026-02-24 20:09,PL-CARB-0.313-240-19,CARBONO,0.313,7332.19
2026-02-24 20:09,PL-CARB-0.313-240-19,CARBONO,0.313,7332.19
2026-02-24 20:09,PL-CARB-0.313-240-19,CARBONO,0.313,7577.58
2026-02-24 20:09,PL-CARB-0.313-240-19,CARBONO,0.313,8068.35
2026-02-24 20:09,PL-CARB-0.313-240-19,CARBONO,0.313,8068.35
2026-02-24 20:09,PL-CARB-0.313-240-19,CARBONO,0.313,9411.67
2026-02-24 20:09,PL-CARB-0.313-41-96,CARBONO,0.313,8643.71
2026-02-24 20:09,PL-CARB-0.313-41-96,CARBONO,0.313,8689.17
2026-02-24 20:09,PL-CARB-0.313-43-48,CARBONO,0.313,2889.83
2026-02-24 20:09,PL-CARB-0.313-43-48,CARBONO,0.313,2889.83
2026-02-24 20:09,PL-CARB-0.313-240-15,CARBONO,0.313,10367.13
2026-02-24 20:09,PL-CARB-0.313-40-48,CARBONO,0.313,3309.32
2026-02-24 20:09,PL-CARB-0.313-40-48,CARBONO,0.313,3309.32
2026-02-24 20:09,PL-CARB-0.313-40-48,CARBONO,0.313,3309.32
2026-02-24 20:09,PL-CARB-0.313-40-48,CARBONO,0.313,3309.32
2026-02-24 20:09,PL-CARB-0.375-24-72,CARBONO,0.375,3635.29
2026-02-24 20:09,PL-CARB-0.25-240-9,CARBONO,0.25,4291.99
2026-02-24 20:09,PL-CARB-0.25-191-96,CARBONO,0.25,20737.37
2026-02-24 20:09,PL-CARB-0.313-240-19,CARBONO,0.313,7577.58
2026-02-24 20:09,PL-CARB-0.313-240-19,CARBONO,0.313,9420.77
2026-02-24 20:09,PL-CARB-0.313-43-48,CARBONO,0.313,2889.83
2026-02-24 20:09,PL-CARB-0.313-40-48,CARBONO,0.313,3309.32
2026-02-24 20:09,PL-CARB-0.313-40-48,CARBONO,0.313,3309.32
2026-02-24 20:09,PL-CARB-0.375-240-25,CARBONO,0.375,9395.29
2026-02-24 20:09,PL-CARB-0.375-20-72,CARBONO,0.375,1817.65
2026-02-24 20:09,PL-CARB-0.25-240-19,CARBONO,0.25,11331.93
2026-02-24 20:09,PL-CARB-0.25-240-47,CARBONO,0.25,16132.1
2026-02-24 20:09,PL-CARB-0.313-240-19,CARBONO,0.313,7332.19
2026-02-24 20:09,PL-CARB-0.313-240-19,CARBONO,0.313,8068.35
2026-02-24 20:09,PL-CARB-0.313-41-96,CARBONO,0.313,8661.9
2026-02-24 20:09,PL-CARB-0.313-43-48,CARBONO,0.313,2889.83
2026-02-24 20:09,PL-CARB-0.313-40-48,CARBONO,0.313,3309.32
2026-02-24 20:09,PL-CARB-0.313-40-48,CARBONO,0.313,3309.32
2026-02-24 20:09,PL-CARB-0.313-40-48,CARBONO,0.313,3309.32
2026-02-24 20:09,PL-CARB-0.375-240-25,CARBONO,0.375,9395.29
2026-02-24 20:09,PL-CARB-0.25-240-19,CARBONO,0.25,11331.93
2026-02-24 20:09,PL-CARB-0.375-24-72,CARBONO,0.375,3635.29
2026-02-24 20:09,PL-CARB-0.25-240-21,CARBONO,0.25,8772.05
2026-02-24 20:09,PL-CARB-0.25-134-96,CARBONO,0.25,18434.74
2026-02-24 20:09,PL-CARB-0.313-240-19,CARBONO,0.313,7332.19
2026-02-24 20:09,PL-CARB-0.313-240-19,CARBONO,0.313,7822.96
2026-02-24 20:09,PL-CARB-0.313-240-19,CARBONO,0.313,7300.38
2026-02-24 20:09,PL-CARB-0.313-41-96,CARBONO,0.313,8670.99
2026-02-24 20:09,PL-CARB-0.313-43-48,CARBONO,0.313,2889.83
2026-02-24 20:09,PL-CARB-0.313-40-48,CARBONO,0.313,3309.32
2026-02-24 20:09,PL-CARB-0.313-40-48,CARBONO,0.313,3309.32
2026-02-24 20:09,PL-CARB-0.313-40-48,CARBONO,0.313,3309.32
2026-02-24 20:09,PL-CARB-0.313-40-48,CARBONO,0.313,3309.32
2026-02-24 20:16,PL-CARB-0.375-240-25,CARBONO,0.375,9395.29
2026-02-24 20:16,PL-CARB-0.25-240-19,CARBONO,0.25,11331.93
2026-02-24 20:20,PL-CARB-0.375-240-25,CARBONO,0.375,9395.29
2026-02-24 20:20,PL-CARB-0.375-240-25,CARBONO,0.375,9395.29
2026-02-24 20:20,PL-CARB-0.375-240-25,CARBONO,0.375,9395.29
2026-02-24 20:20,PL-CARB-0.375-34-72,CARBONO,0.375,3635.29
2026-02-24 20:20,PL-CARB-0.25-240-19,CARBONO,0.25,11331.93
2026-02-24 20:20,PL-CARB-0.25-240-19,CARBONO,0.25,11331.93
2026-02-24 20:20,PL-CARB-0.25-240-19,CARBONO,0.25,10629.36
2026-02-24 20:20,PL-CARB-0.25-240-23,CARBONO,0.25,8069.47
2026-02-24 20:20,PL-CARB-0.25-139-96,CARBONO,0.25,18434.74
2026-02-24 20:20,PL-CARB-0.313-240-19,CARBONO,0.313,7332.19
2026-02-24 20:21,PL-CARB-0.313-240-19,CARBONO,0.313,7332.19
2026-02-24 20:21,PL-CARB-0.313-240-19,CARBONO,0.313,7577.58
2026-02-24 20:21,PL-CARB-0.313-240-19,CARBONO,0.313,8068.35
2026-02-24 20:21,PL-CARB-0.313-240-19,CARBONO,0.313,8068.35
2026-02-24 20:21,PL-CARB-0.313-240-19,CARBONO,0.313,6532.42
2026-02-24 20:21,PL-CARB-0.313-240-19,CARBONO,0.313,5782.64
2026-02-24 20:21,PL-CARB-0.313-240-19,CARBONO,0.313,5819.01
2026-02-24 20:21,PL-CARB-0.313-240-16,CARBONO,0.313,8335.95
2026-02-24 20:21,PL-CARB-0.313-40-48,CARBONO,0.313,3309.32
2026-02-24 20:21,PL-CARB-0.313-40-48,CARBONO,0.313,3309.32
2026-02-24 20:22,PL-CARB-0.375-34-72,CARBONO,0.375,3635.29
2026-02-24 20:22,PL-CARB-0.25-240-9,CARBONO,0.25,4291.99
2026-02-24 20:22,PL-CARB-0.25-191-96,CARBONO,0.25,20737.37
2026-02-24 20:22,PL-CARB-0.313-240-19,CARBONO,0.313,7577.58
2026-02-24 20:22,PL-CARB-0.313-240-19,CARBONO,0.313,6550.6
2026-02-24 20:22,PL-CARB-0.313-40-48,CARBONO,0.313,3309.32
2026-02-24 20:22,PL-CARB-0.313-40-48,CARBONO,0.313,3309.32
2026-02-24 20:22,PL-CARB-0.375-240-25,CARBONO,0.375,9395.29
2026-02-24 20:22,PL-CARB-0.375-20-72,CARBONO,0.375,1817.65
2026-02-24 20:22,PL-CARB-0.25-240-19,CARBONO,0.25,11331.93
2026-02-24 20:22,PL-CARB-0.25-240-47,CARBONO,0.25,16132.1
2026-02-24 20:22,PL-CARB-0.313-240-19,CARBONO,0.313,7332.19
2026-02-24 20:22,PL-CARB-0.313-240-19,CARBONO,0.313,8068.35
2026-02-24 20:22,PL-CARB-0.313-240-19,CARBONO,0.313,5791.73
2026-02-24 20:22,PL-CARB-0.313-40-48,CARBONO,0.313,3309.32
2026-02-24 20:22,PL-CARB-0.313-40-48,CARBONO,0.313,3309.32
2026-02-24 20:22,PL-CARB-0.313-40-48,CARBONO,0.313,3309.32
2026-02-24 20:22,PL-CARB-0.375-240-25,CARBONO,0.375,9395.29
2026-02-24 20:22,PL-CARB-0.375-34-72,CARBONO,0.375,3635.29
2026-02-24 20:22,PL-CARB-0.25-240-19,CARBONO,0.25,11331.93
2026-02-24 20:22,PL-CARB-0.25-240-21,CARBONO,0.25,6469.41
2026-02-24 20:22,PL-CARB-0.25-191-96,CARBONO,0.25,20737.37
2026-02-24 20:22,PL-CARB-0.313-240-19,CARBONO,0.313,7332.19
2026-02-24 20:22,PL-CARB-0.313-240-19,CARBONO,0.313,7822.96
2026-02-24 20:22,PL-CARB-0.313-240-19,CARBONO,0.313,7300.38
2026-02-24 20:22,PL-CARB-0.313-240-19,CARBONO,0.313,5800.82
2026-02-24 20:22,PL-CARB-0.313-40-48,CARBONO,0.313,3309.32
2026-02-24 20:22,PL-CARB-0.313-40-48,CARBONO,0.313,3309.32
2026-02-24 20:22,PL-CARB-0.313-40-48,CARBONO,0.313,3309.32
2026-02-24 20:22,PL-CARB-0.313-40-48,CARBONO,0.313,3309.32
2026-02-24 20:25,PL-CARB-0.375-240-25,CARBONO,0.375,9395.29
2026-02-24 20:25,PL-CARB-0.375-240-25,CARBONO,0.375,9395.29
2026-02-24 20:25,PL-CARB-0.375-240-25,CARBONO,0.375,9395.29
2026-02-24 20:25,PL-CARB-0.375-34-72,CARBONO,0.375,3635.29
2026-02-24 20:25,PL-CARB-0.25-240-19,CARBONO,0.25,11331.93
2026-02-24 20:25,PL-CARB-0.25-240-19,CARBONO,0.25,11331.93
2026-02-24 20:25,PL-CARB-0.25-240-19,CARBONO,0.25,10629.36
2026-02-24 20:25,PL-CARB-0.25-240-23,CARBONO,0.25,8069.47
2026-02-24 20:25,PL-CARB-0.25-139-96,CARBONO,0.25,18434.74
2026-02-24 20:25,PL-CARB-0.313-240-19,CARBONO,0.313,7332.19
2026-02-24 20:25,PL-CARB-0.313-240-19,CARBONO,0.313,7332.19
2026-02-24 20:25,PL-CARB-0.313-240-19,CARBONO,0.313,7577.58
2026-02-24 20:26,PL-CARB-0.313-240-19,CARBONO,0.313,8068.35
2026-02-24 20:26,PL-CARB-0.313-240-19,CARBONO,0.313,8068.35
2026-02-24 20:26,PL-CARB-0.313-240-19,CARBONO,0.313,6532.42
2026-02-24 20:26,PL-CARB-0.313-240-19,CARBONO,0.313,5782.64
2026-02-24 20:26,PL-CARB-0.313-240-19,CARBONO,0.313,5819.01
2026-02-24 20:26,PL-CARB-0.313-240-16,CARBONO,0.313,8335.95
2026-02-24 20:26,PL-CARB-0.313-40-48,CARBONO,0.313,3309.32
2026-02-24 20:26,PL-CARB-0.313-40-48,CARBONO,0.313,3309.32
2026-02-24 20:26,PL-CARB-0.375-34-72,CARBONO,0.375,3635.29
2026-02-24 20:26,PL-CARB-0.25-240-9,CARBONO,0.25,4291.99
2026-02-24 20:26,PL-CARB-0.25-191-96,CARBONO,0.25,20737.37
2026-02-24 20:26,PL-CARB-0.313-240-19,CARBONO,0.313,7577.58
2026-02-24 20:26,PL-CARB-0.313-240-19,CARBONO,0.313,6550.6
2026-02-24 20:26,PL-CARB-0.313-40-48,CARBONO,0.313,3309.32
2026-02-24 20:26,PL-CARB-0.313-40-48,CARBONO,0.313,3309.32
2026-02-24 20:26,PL-CARB-0.375-240-25,CARBONO,0.375,9395.29
2026-02-24 20:26,PL-CARB-0.375-20-72,CARBONO,0.375,1817.65
2026-02-24 20:26,PL-CARB-0.25-240-19,CARBONO,0.25,11331.93
2026-02-24 20:26,PL-CARB-0.25-240-47,CARBONO,0.25,16132.1
2026-02-24 20:26,PL-CARB-0.313-240-19,CARBONO,0.313,7332.19
2026-02-24 20:27,PL-CARB-0.313-240-19,CARBONO,0.313,8068.35
2026-02-24 20:27,PL-CARB-0.313-240-19,CARBONO,0.313,5791.73
2026-02-24 20:27,PL-CARB-0.313-40-48,CARBONO,0.313,3309.32
2026-02-24 20:27,PL-CARB-0.313-40-48,CARBONO,0.313,3309.32
2026-02-24 20:27,PL-CARB-0.313-40-48,CARBONO,0.313,3309.32
2026-02-24 20:27,PL-CARB-0.375-240-25,CARBONO,0.375,9395.29
2026-02-24 20:27,PL-CARB-0.375-34-72,CARBONO,0.375,3635.29
2026-02-24 20:27,PL-CARB-0.25-240-19,CARBONO,0.25,11331.93
2026-02-24 20:27,PL-CARB-0.25-240-21,CARBONO,0.25,6469.41
2026-02-24 20:27,PL-CARB-0.25-191-96,CARBONO,0.25,20737.37
2026-02-24 20:27,PL-CARB-0.313-240-19,CARBONO,0.313,7332.19
2026-02-24 20:27,PL-CARB-0.313-240-19,CARBONO,0.313,7822.96
2026-02-24 20:27,PL-CARB-0.313-240-19,CARBONO,0.313,7300.38
2026-02-24 20:27,PL-CARB-0.313-240-19,CARBONO,0.313,5800.82
2026-02-24 20:27,PL-CARB-0.313-40-48,CARBONO,0.313,3309.32
2026-02-24 20:27,PL-CARB-0.313-40-48,CARBONO,0.313,3309.32
2026-02-24 20:27,PL-CARB-0.313-40-48,CARBONO,0.313,3309.32
2026-02-24 20:27,PL-CARB-0.313-40-48,CARBONO,0.313,3309.32
2026-02-24 20:27,PL-CARB-0.375-240-25,CARBONO,0.375,9395.29
2026-02-24 20:27,PL-CARB-0.375-240-25,CARBONO,0.375,9395.29
2026-02-24 20:28,PL-CARB-0.375-240-25,CARBONO,0.375,9395.29
2026-02-24 20:28,PL-CARB-0.375-240-25,CARBONO,0.375,9395.29
2026-02-25 10:30,PL-SSTL-0.313-120-34,ACERO INOXIDABLE,0.313,5138.35
2026-02-25 10:30,PL-SSTL-0.5-101-48,ACERO INOXIDABLE,0.5,5658.0
2026-02-25 10:30,PL-CARB-0.313-120-40,CARBONO,0.313,5693.19
2026-02-25 10:31,PL-CARB-0.375-120-2,CARBONO,0.375,1948.3
2026-02-25 10:31,PL-CARB-0.375-62-48,CARBONO,0.375,4548.04
2026-02-25 11:03,PL-SSTL-0.313-120-34,ACERO INOXIDABLE,0.313,4827.52
2026-02-25 11:03,PL-SSTL-0.5-120-39,ACERO INOXIDABLE,0.5,5607.0
2026-02-25 11:03,PL-CARB-0.313-120-40,CARBONO,0.313,5659.78
2026-02-25 11:06,PL-CARB-0.375-120-2,CARBONO,0.375,1948.3
2026-02-25 11:07,PL-CARB-0.375-120-11,CARBONO,0.375,2642.19
2026-02-25 11:07,PL-CARB-0.375-92-48,CARBONO,0.375,5154.02
2026-02-25 11:07,PL-SSTL-0.5-120-39,ACERO INOXIDABLE,0.5,5454.0
2026-02-25 11:07,PL-SSTL-0.313-120-25,ACERO INOXIDABLE,0.313,3895.04
2026-02-25 11:07,PL-CARB-0.313-120-35,CARBONO,0.313,5559.57
2026-02-25 11:15,PL-CARB-0.375-120-2,CARBONO,0.375,1948.3
2026-02-25 11:20,PL-CARB-0.375-120-2,CARBONO,0.375,1948.3
2026-02-25 11:22,PL-CARB-0.375-120-2,CARBONO,0.375,1948.3
2026-02-25 11:22,PL-CARB-0.375-120-20,CARBONO,0.375,3336.07
2026-02-25 11:22,PL-CARB-0.375-62-48,CARBONO,0.375,4548.04
2026-02-25 11:27,PL-CARB-0.375-240-25,CARBONO,0.375,9395.29
2026-02-25 11:27,PL-CARB-0.375-240-25,CARBONO,0.375,9395.29
2026-02-25 11:27,PL-CARB-0.375-240-25,CARBONO,0.375,9395.29
2026-02-25 11:27,PL-CARB-0.375-34-72,CARBONO,0.375,3635.29
2026-02-25 11:27,PL-CARB-0.25-240-19,CARBONO,0.25,11331.93
2026-02-25 11:27,PL-CARB-0.25-240-19,CARBONO,0.25,11331.93
2026-02-25 11:27,PL-CARB-0.25-240-19,CARBONO,0.25,10629.36
2026-02-25 11:27,PL-CARB-0.25-240-23,CARBONO,0.25,8069.47
2026-02-25 11:27,PL-CARB-0.25-139-96,CARBONO,0.25,18434.74
2026-02-25 11:27,PL-CARB-0.313-240-19,CARBONO,0.313,7332.19
2026-02-25 11:27,PL-CARB-0.313-240-19,CARBONO,0.313,7332.19
2026-02-25 11:27,PL-CARB-0.313-240-19,CARBONO,0.313,7577.58
2026-02-25 11:28,PL-CARB-0.313-240-19,CARBONO,0.313,8068.35
2026-02-25 11:28,PL-CARB-0.313-240-19,CARBONO,0.313,8068.35
2026-02-25 11:28,PL-CARB-0.313-240-19,CARBONO,0.313,6532.42
2026-02-25 11:28,PL-CARB-0.313-240-19,CARBONO,0.313,5782.64
2026-02-25 11:28,PL-CARB-0.313-240-19,CARBONO,0.313,5819.01
2026-02-25 11:28,PL-CARB-0.313-240-16,CARBONO,0.313,8335.95
2026-02-25 11:28,PL-CARB-0.313-40-48,CARBONO,0.313,3309.32
2026-02-25 11:28,PL-CARB-0.313-40-48,CARBONO,0.313,3309.32
2026-02-25 11:28,PL-CARB-0.375-34-72,CARBONO,0.375,3635.29
2026-02-25 11:28,PL-CARB-0.25-240-9,CARBONO,0.25,4291.99
2026-02-25 11:28,PL-CARB-0.25-191-96,CARBONO,0.25,20737.37
2026-02-25 11:28,PL-CARB-0.313-240-19,CARBONO,0.313,7577.58
2026-02-25 11:28,PL-CARB-0.313-240-19,CARBONO,0.313,6550.6
2026-02-25 11:28,PL-CARB-0.313-40-48,CARBONO,0.313,3309.32
2026-02-25 11:28,PL-CARB-0.313-40-48,CARBONO,0.313,3309.32
2026-02-25 11:29,PL-CARB-0.375-240-25,CARBONO,0.375,9395.29
2026-02-25 11:29,PL-CARB-0.375-20-72,CARBONO,0.375,1817.65
2026-02-25 11:29,PL-CARB-0.25-240-19,CARBONO,0.25,11331.93
2026-02-25 11:29,PL-CARB-0.25-240-47,CARBONO,0.25,16132.1
2026-02-25 11:29,PL-CARB-0.313-240-19,CARBONO,0.313,7332.19
2026-02-25 11:29,PL-CARB-0.313-240-19,CARBONO,0.313,8068.35
2026-02-25 11:29,PL-CARB-0.313-240-19,CARBONO,0.313,5791.73
2026-02-25 11:29,PL-CARB-0.313-40-48,CARBONO,0.313,3309.32
2026-02-25 11:29,PL-CARB-0.313-40-48,CARBONO,0.313,3309.32
2026-02-25 11:29,PL-CARB-0.313-40-48,CARBONO,0.313,3309.32
2026-02-25 11:29,PL-CARB-0.375-240-25,CARBONO,0.375,9395.29
2026-02-25 11:29,PL-CARB-0.375-34-72,CARBONO,0.375,3635.29
2026-02-25 11:29,PL-CARB-0.25-240-19,CARBONO,0.25,11331.93
2026-02-25 11:29,PL-CARB-0.25-240-21,CARBONO,0.25,6469.41
2026-02-25 11:29,PL-CARB-0.25-191-96,CARBONO,0.25,20737.37
2026-02-25 11:29,PL-CARB-0.313-240-19,CARBONO,0.313,7332.19
2026-02-25 11:29,PL-CARB-0.313-240-19,CARBONO,0.313,7822.96
2026-02-25 11:29,PL-CARB-0.313-240-19,CARBONO,0.313,7300.38
2026-02-25 11:29,PL-CARB-0.313-240-19,CARBONO,0.313,5800.82
2026-02-25 11:29,PL-CARB-0.313-40-48,CARBONO,0.313,3309.32
2026-02-25 11:29,PL-CARB-0.313-40-48,CARBONO,0.313,3309.32
2026-02-25 11:29,PL-CARB-0.313-40-48,CARBONO,0.313,3309.32
2026-02-25 11:29,PL-CARB-0.313-40-48,CARBONO,0.313,3309.32
2026-02-25 13:51,PL-SSTL-0.313-120-34,ACERO INOXIDABLE,0.313,4827.52
2026-02-25 13:51,PL-SSTL-0.5-120-39,ACERO INOXIDABLE,0.5,5607.0
2026-02-25 13:52,PL-CARB-0.25-240-19,CARBONO,0.25,11331.93
2026-02-25 13:52,PL-CARB-0.25-240-19,CARBONO,0.25,11331.93
2026-02-25 13:52,PL-CARB-0.25-240-19,CARBONO,0.25,10629.36
2026-02-25 13:52,PL-CARB-0.25-240-23,CARBONO,0.25,8069.47
2026-02-25 13:52,PL-CARB-0.25-139-96,CARBONO,0.25,18434.74
2026-02-25 13:53,PL-CARB-0.375-240-7,CARBONO,0.375,5495.69
2026-02-25 13:54,PL-CARB-0.375-240-11,CARBONO,0.375,7577.35
2026-02-25 13:54,PL-CARB-0.375-240-11,CARBONO,0.375,7577.35
2026-02-25 13:54,PL-CARB-0.375-34-72,CARBONO,0.375,3635.29
2026-02-25 14:07,PL-CARB-0.313-240-19,CARBONO,0.313,7231.98
2026-02-25 14:07,PL-CARB-0.313-240-19,CARBONO,0.313,7332.19
2026-02-25 14:07,PL-CARB-0.313-240-19,CARBONO,0.313,7577.58
2026-02-25 14:07,PL-CARB-0.313-240-19,CARBONO,0.313,8068.35
2026-02-25 14:08,PL-CARB-0.313-240-19,CARBONO,0.313,8068.35
2026-02-25 14:08,PL-CARB-0.313-240-19,CARBONO,0.313,10244.07
2026-02-25 14:08,PL-CARB-0.313-29-96,CARBONO,0.313,5573.41
2026-02-25 14:08,PL-CARB-0.313-29-96,CARBONO,0.313,5573.41
2026-02-25 14:08,PL-CARB-0.313-240-19,CARBONO,0.313,5782.64
2026-02-25 14:08,PL-CARB-0.313-43-48,CARBONO,0.313,2889.83
2026-02-25 14:08,PL-CARB-0.313-43-48,CARBONO,0.313,2889.83
2026-02-25 14:08,PL-CARB-0.313-43-48,CARBONO,0.313,2889.83
2026-02-25 14:08,PL-CARB-0.313-43-48,CARBONO,0.313,2889.83
2026-02-25 14:08,PL-CARB-0.313-43-48,CARBONO,0.313,2889.83
2026-02-25 14:08,PL-CARB-0.313-43-48,CARBONO,0.313,2889.83
2026-02-25 15:22,PL-CARB-0.25-240-19,CARBONO,0.25,11331.93
2026-02-25 15:53,PL-SSTL-0.313-120-34,ACERO INOXIDABLE,0.313,5138.35
2026-02-25 15:53,PL-SSTL-0.5-101-48,ACERO INOXIDABLE,0.5,5658.0
2026-02-25 15:53,PL-CARB-0.313-120-40,CARBONO,0.313,5693.19
2026-02-25 15:54,PL-CARB-0.375-120-2,CARBONO,0.375,1948.3
2026-02-25 15:54,PL-CARB-0.375-62-48,CARBONO,0.375,4548.04
2026-02-25 16:01,PL-SSTL-0.313-120-34,ACERO INOXIDABLE,0.313,5138.35
2026-02-25 16:01,PL-SSTL-0.5-101-48,ACERO INOXIDABLE,0.5,5658.0
2026-02-25 16:01,PL-CARB-0.313-120-40,CARBONO,0.313,5693.19
2026-02-25 16:03,PL-CARB-0.375-120-2,CARBONO,0.375,1948.3
2026-02-25 16:03,PL-CARB-0.375-62-48,CARBONO,0.375,4548.04
2026-02-25 16:20,PL-CARB-0.375-20-72,CARBONO,0.375,1817.65
2026-02-25 16:20,PL-CARB-0.25-43-60,CARBONO,0.25,3297.31
2026-02-25 16:20,PL-CARB-0.25-191-96,CARBONO,0.25,20737.37
2026-02-25 16:20,PL-CARB-0.313-240-19,CARBONO,0.313,7064.09
2026-02-25 16:20,PL-CARB-0.313-40-48,CARBONO,0.313,3309.32
2026-02-25 16:20,PL-CARB-0.375-34-72,CARBONO,0.375,3635.29
2026-02-25 16:20,PL-CARB-0.25-240-9,CARBONO,0.25,4291.99
2026-02-25 16:20,PL-CARB-0.25-191-96,CARBONO,0.25,20737.37
2026-02-25 16:21,PL-CARB-0.313-240-19,CARBONO,0.313,7577.58
2026-02-25 16:21,PL-CARB-0.313-240-19,CARBONO,0.313,6550.6
2026-02-25 16:21,PL-CARB-0.313-40-48,CARBONO,0.313,3309.32
2026-02-25 16:21,PL-CARB-0.313-40-48,CARBONO,0.313,3309.32
2026-02-25 16:21,PL-CARB-0.375-240-25,CARBONO,0.375,9395.29
2026-02-25 16:21,PL-CARB-0.375-20-72,CARBONO,0.375,1817.65
2026-02-25 16:21,PL-CARB-0.25-240-19,CARBONO,0.25,11331.93
2026-02-25 16:21,PL-CARB-0.25-240-47,CARBONO,0.25,16132.1
2026-02-25 16:21,PL-CARB-0.313-240-19,CARBONO,0.313,7332.19
2026-02-25 16:21,PL-CARB-0.313-240-19,CARBONO,0.313,8068.35
2026-02-25 16:21,PL-CARB-0.313-240-19,CARBONO,0.313,5791.73
2026-02-25 16:21,PL-CARB-0.313-40-48,CARBONO,0.313,3309.32
2026-02-25 16:21,PL-CARB-0.313-40-48,CARBONO,0.313,3309.32
2026-02-25 16:21,PL-CARB-0.313-40-48,CARBONO,0.313,3309.32
2026-02-25 16:21,PL-CARB-0.375-240-25,CARBONO,0.375,9395.29
2026-02-25 16:21,PL-CARB-0.375-34-72,CARBONO,0.375,3635.29
2026-02-25 16:21,PL-CARB-0.25-240-19,CARBONO,0.25,11331.93
2026-02-25 16:21,PL-CARB-0.25-240-21,CARBONO,0.25,6469.41
2026-02-25 16:21,PL-CARB-0.25-191-96,CARBONO,0.25,20737.37
2026-02-25 16:21,PL-CARB-0.313-240-19,CARBONO,0.313,7332.19
2026-02-25 16:21,PL-CARB-0.313-240-19,CARBONO,0.313,7822.96
2026-02-25 16:21,PL-CARB-0.313-240-19,CARBONO,0.313,7300.38
2026-02-25 16:21,PL-CARB-0.313-240-19,CARBONO,0.313,5800.82
2026-02-25 16:21,PL-CARB-0.313-40-48,CARBONO,0.313,3309.32
2026-02-25 16:21,PL-CARB-0.313-40-48,CARBONO,0.313,3309.32
2026-02-25 16:21,PL-CARB-0.313-40-48,CARBONO,0.313,3309.32
2026-02-25 16:21,PL-CARB-0.313-40-48,CARBONO,0.313,3309.32
2026-02-25 18:59,PL-CARB-0.375-20-72,CARBONO,0.375,1817.65
2026-02-25 18:59,PL-CARB-0.25-43-60,CARBONO,0.25,3297.31
2026-02-25 18:59,PL-CARB-0.25-191-96,CARBONO,0.25,20737.37
2026-02-25 18:59,PL-CARB-0.313-240-19,CARBONO,0.313,7064.09
2026-02-25 18:59,PL-CARB-0.313-40-48,CARBONO,0.313,3309.32
2026-02-25 18:59,PL-CARB-0.375-34-72,CARBONO,0.375,3635.29
2026-02-25 18:59,PL-CARB-0.25-240-9,CARBONO,0.25,4291.99
2026-02-25 18:59,PL-CARB-0.25-191-96,CARBONO,0.25,20737.37
2026-02-25 18:59,PL-CARB-0.313-240-19,CARBONO,0.313,7577.58
2026-02-25 19:00,PL-CARB-0.313-240-19,CARBONO,0.313,6550.6
2026-02-25 19:00,PL-CARB-0.313-40-48,CARBONO,0.313,3309.32
2026-02-25 19:00,PL-CARB-0.313-40-48,CARBONO,0.313,3309.32
2026-02-25 19:00,PL-CARB-0.375-240-25,CARBONO,0.375,9395.29
2026-02-25 19:00,PL-CARB-0.375-20-72,CARBONO,0.375,1817.65
2026-02-25 19:00,PL-CARB-0.25-240-19,CARBONO,0.25,11331.93
2026-02-25 19:00,PL-CARB-0.25-240-47,CARBONO,0.25,16132.1
2026-02-25 19:00,PL-CARB-0.313-240-19,CARBONO,0.313,7332.19
2026-02-25 19:00,PL-CARB-0.313-240-19,CARBONO,0.313,8068.35
2026-02-25 19:00,PL-CARB-0.313-240-19,CARBONO,0.313,5791.73
2026-02-25 19:00,PL-CARB-0.313-40-48,CARBONO,0.313,3309.32
2026-02-25 19:00,PL-CARB-0.313-40-48,CARBONO,0.313,3309.32
2026-02-25 19:00,PL-CARB-0.313-40-48,CARBONO,0.313,3309.32
2026-02-25 19:00,PL-CARB-0.375-240-25,CARBONO,0.375,9395.29
2026-02-25 19:00,PL-CARB-0.375-34-72,CARBONO,0.375,3635.29
2026-02-25 19:00,PL-CARB-0.25-240-19,CARBONO,0.25,11331.93
2026-02-25 19:00,PL-CARB-0.25-240-21,CARBONO,0.25,6469.41
2026-02-25 19:00,PL-CARB-0.25-191-96,CARBONO,0.25,20737.37
2026-02-25 19:00,PL-CARB-0.313-240-19,CARBONO,0.313,7332.19
2026-02-25 19:00,PL-CARB-0.313-240-19,CARBONO,0.313,7822.96
2026-02-25 19:00,PL-CARB-0.313-240-19,CARBONO,0.313,7300.38
2026-02-25 19:00,PL-CARB-0.313-240-19,CARBONO,0.313,5800.82
2026-02-25 19:00,PL-CARB-0.313-40-48,CARBONO,0.313,3309.32
2026-02-25 19:00,PL-CARB-0.313-40-48,CARBONO,0.313,3309.32
2026-02-25 19:00,PL-CARB-0.313-40-48,CARBONO,0.313,3309.32
2026-02-25 19:00,PL-CARB-0.313-40-48,CARBONO,0.313,3309.32
2026-02-25 19:22,PL-CARB-0.375-240-25,CARBONO,0.375,9395.29
2026-02-25 19:22,PL-CARB-0.375-240-25,CARBONO,0.375,9395.29
2026-02-25 19:22,PL-CARB-0.375-240-25,CARBONO,0.375,9395.29
2026-02-25 19:22,PL-CARB-0.375-34-72,CARBONO,0.375,3635.29
2026-02-25 19:22,PL-CARB-0.25-240-19,CARBONO,0.25,11331.93
2026-02-25 19:22,PL-CARB-0.25-240-19,CARBONO,0.25,11331.93
2026-02-25 19:22,PL-CARB-0.25-240-19,CARBONO,0.25,10629.36
2026-02-25 19:22,PL-CARB-0.25-240-23,CARBONO,0.25,8069.47
2026-02-25 19:22,PL-CARB-0.25-139-96,CARBONO,0.25,18434.74
2026-02-25 19:22,PL-CARB-0.313-240-19,CARBONO,0.313,7332.19
2026-02-25 19:22,PL-CARB-0.313-240-19,CARBONO,0.313,7332.19
2026-02-25 19:22,PL-CARB-0.313-240-19,CARBONO,0.313,7577.58
2026-02-25 19:23,PL-CARB-0.313-240-19,CARBONO,0.313,8068.35
2026-02-25 19:23,PL-CARB-0.313-240-19,CARBONO,0.313,8068.35
2026-02-25 19:23,PL-CARB-0.313-240-19,CARBONO,0.313,6532.42
2026-02-25 19:23,PL-CARB-0.313-240-19,CARBONO,0.313,5782.64
2026-02-25 19:23,PL-CARB-0.313-240-19,CARBONO,0.313,5819.01
2026-02-25 19:23,PL-CARB-0.313-240-16,CARBONO,0.313,8335.95
2026-02-25 19:23,PL-CARB-0.313-40-48,CARBONO,0.313,3309.32
2026-02-25 19:23,PL-CARB-0.313-40-48,CARBONO,0.313,3309.32
2026-02-25 19:23,PL-CARB-0.375-34-72,CARBONO,0.375,3635.29
2026-02-25 19:23,PL-CARB-0.25-240-9,CARBONO,0.25,4291.99
2026-02-25 19:23,PL-CARB-0.25-191-96,CARBONO,0.25,20737.37
2026-02-25 19:23,PL-CARB-0.313-240-19,CARBONO,0.313,7577.58
2026-02-25 19:23,PL-CARB-0.313-240-19,CARBONO,0.313,6550.6
2026-02-25 19:23,PL-CARB-0.313-40-48,CARBONO,0.313,3309.32
2026-02-25 19:23,PL-CARB-0.313-40-48,CARBONO,0.313,3309.32
2026-02-25 19:24,PL-CARB-0.375-240-25,CARBONO,0.375,9395.29
2026-02-25 19:24,PL-CARB-0.375-20-72,CARBONO,0.375,1817.65
2026-02-25 19:24,PL-CARB-0.25-240-19,CARBONO,0.25,11331.93
2026-02-25 19:24,PL-CARB-0.25-240-47,CARBONO,0.25,16132.1
2026-02-25 19:24,PL-CARB-0.313-240-19,CARBONO,0.313,7332.19
2026-02-25 19:24,PL-CARB-0.313-240-19,CARBONO,0.313,8068.35
2026-02-25 19:24,PL-CARB-0.313-240-19,CARBONO,0.313,5791.73
2026-02-25 19:24,PL-CARB-0.313-40-48,CARBONO,0.313,3309.32
2026-02-25 19:24,PL-CARB-0.313-40-48,CARBONO,0.313,3309.32
2026-02-25 19:24,PL-CARB-0.313-40-48,CARBONO,0.313,3309.32
2026-02-25 19:24,PL-CARB-0.375-240-25,CARBONO,0.375,9395.29
2026-02-25 19:24,PL-CARB-0.375-34-72,CARBONO,0.375,3635.29
2026-02-25 19:24,PL-CARB-0.25-240-19,CARBONO,0.25,11331.93
2026-02-25 19:24,PL-CARB-0.25-240-21,CARBONO,0.25,6469.41
2026-02-25 19:24,PL-CARB-0.25-191-96,CARBONO,0.25,20737.37
2026-02-25 19:24,PL-CARB-0.313-240-19,CARBONO,0.313,7332.19
2026-02-25 19:24,PL-CARB-0.313-240-19,CARBONO,0.313,7822.96
2026-02-25 19:24,PL-CARB-0.313-240-19,CARBONO,0.313,7300.38
2026-02-25 19:24,PL-CARB-0.313-240-19,CARBONO,0.313,5800.82
2026-02-25 19:24,PL-CARB-0.313-40-48,CARBONO,0.313,3309.32
2026-02-25 19:24,PL-CARB-0.313-40-48,CARBONO,0.313,3309.32
2026-02-25 19:24,PL-CARB-0.313-40-48,CARBONO,0.313,3309.32
2026-02-25 19:24,PL-CARB-0.313-40-48,CARBONO,0.313,3309.32
2026-02-25 20:13,PL-CARB-0.375-240-25,CARBONO,0.375,9395.29
2026-02-25 20:13,PL-CARB-0.375-240-25,CARBONO,0.375,9395.29
2026-02-25 20:13,PL-CARB-0.375-240-25,CARBONO,0.375,9395.29
2026-02-25 20:13,PL-CARB-0.375-34-72,CARBONO,0.375,3635.29
2026-02-25 20:13,PL-CARB-0.25-240-19,CARBONO,0.25,11331.93
2026-02-25 20:13,PL-CARB-0.25-240-19,CARBONO,0.25,11331.93
2026-02-25 20:13,PL-CARB-0.25-240-19,CARBONO,0.25,10629.36
2026-02-25 20:13,PL-CARB-0.25-240-23,CARBONO,0.25,8069.47
2026-02-25 20:13,PL-CARB-0.25-139-96,CARBONO,0.25,18434.74
2026-02-25 20:14,PL-CARB-0.313-240-19,CARBONO,0.313,7332.19
2026-02-25 20:14,PL-CARB-0.313-240-19,CARBONO,0.313,7332.19
2026-02-25 20:14,PL-CARB-0.313-240-19,CARBONO,0.313,7577.58
2026-02-25 20:14,PL-CARB-0.313-240-19,CARBONO,0.313,8068.35
2026-02-25 20:15,PL-CARB-0.313-240-19,CARBONO,0.313,8068.35
2026-02-25 20:15,PL-CARB-0.313-240-19,CARBONO,0.313,6532.42
2026-02-25 20:15,PL-CARB-0.313-240-19,CARBONO,0.313,5782.64
2026-02-25 20:15,PL-CARB-0.313-240-19,CARBONO,0.313,5819.01
2026-02-25 20:15,PL-CARB-0.313-240-16,CARBONO,0.313,8335.95
2026-02-25 20:15,PL-CARB-0.313-40-48,CARBONO,0.313,3309.32
2026-02-25 20:15,PL-CARB-0.313-40-48,CARBONO,0.313,3309.32
2026-02-25 20:15,PL-CARB-0.375-34-72,CARBONO,0.375,3635.29
2026-02-25 20:15,PL-CARB-0.25-240-9,CARBONO,0.25,4291.99
2026-02-25 20:15,PL-CARB-0.25-191-96,CARBONO,0.25,20737.37
2026-02-25 20:15,PL-CARB-0.313-240-19,CARBONO,0.313,7577.58
2026-02-25 20:15,PL-CARB-0.313-240-19,CARBONO,0.313,6550.6
2026-02-25 20:15,PL-CARB-0.313-40-48,CARBONO,0.313,3309.32
2026-02-25 20:15,PL-CARB-0.313-40-48,CARBONO,0.313,3309.32
2026-02-25 20:15,PL-CARB-0.375-240-25,CARBONO,0.375,9395.29
2026-02-25 20:15,PL-CARB-0.375-20-72,CARBONO,0.375,1817.65
2026-02-25 20:15,PL-CARB-0.25-240-19,CARBONO,0.25,11331.93
2026-02-25 20:15,PL-CARB-0.25-240-47,CARBONO,0.25,16132.1
2026-02-25 20:15,PL-CARB-0.313-240-19,CARBONO,0.313,7332.19
2026-02-25 20:16,PL-CARB-0.313-240-19,CARBONO,0.313,8068.35
2026-02-25 20:16,PL-CARB-0.313-240-19,CARBONO,0.313,5791.73
2026-02-25 20:16,PL-CARB-0.313-40-48,CARBONO,0.313,3309.32
2026-02-25 20:16,PL-CARB-0.313-40-48,CARBONO,0.313,3309.32
2026-02-25 20:16,PL-CARB-0.313-40-48,CARBONO,0.313,3309.32
2026-02-25 20:16,PL-CARB-0.375-240-25,CARBONO,0.375,9395.29
2026-02-25 20:16,PL-CARB-0.375-34-72,CARBONO,0.375,3635.29
2026-02-25 20:16,PL-CARB-0.25-240-19,CARBONO,0.25,11331.93
2026-02-25 20:16,PL-CARB-0.25-240-21,CARBONO,0.25,6469.41
2026-02-25 20:16,PL-CARB-0.25-191-96,CARBONO,0.25,20737.37
2026-02-25 20:16,PL-CARB-0.313-240-19,CARBONO,0.313,7332.19
2026-02-25 20:16,PL-CARB-0.313-240-19,CARBONO,0.313,7822.96
2026-02-25 20:16,PL-CARB-0.313-240-19,CARBONO,0.313,7300.38
2026-02-25 20:16,PL-CARB-0.313-240-19,CARBONO,0.313,5800.82
2026-02-25 20:16,PL-CARB-0.313-40-48,CARBONO,0.313,3309.32
2026-02-25 20:16,PL-CARB-0.313-40-48,CARBONO,0.313,3309.32
2026-02-25 20:16,PL-CARB-0.313-40-48,CARBONO,0.313,3309.32
2026-02-25 20:16,PL-CARB-0.313-40-48,CARBONO,0.313,3309.32
2026-02-25 20:17,PL-CARB-0.375-240-25,CARBONO,0.375,9395.29
2026-02-25 20:17,PL-CARB-0.375-240-25,CARBONO,0.375,9395.29
2026-02-25 20:17,PL-CARB-0.375-240-25,CARBONO,0.375,9395.29
2026-02-25 20:17,PL-CARB-0.375-34-72,CARBONO,0.375,3635.29
2026-02-25 20:17,PL-CARB-0.25-240-19,CARBONO,0.25,11331.93
2026-02-25 20:17,PL-CARB-0.25-240-19,CARBONO,0.25,11331.93
2026-02-25 20:17,PL-CARB-0.25-240-19,CARBONO,0.25,10629.36
2026-02-25 20:17,PL-CARB-0.25-240-23,CARBONO,0.25,8069.47
2026-02-25 20:17,PL-CARB-0.25-139-96,CARBONO,0.25,18434.74
2026-02-25 20:17,PL-CARB-0.313-240-19,CARBONO,0.313,7332.19
2026-02-25 20:17,PL-CARB-0.313-240-19,CARBONO,0.313,7332.19
2026-02-25 20:18,PL-CARB-0.313-240-19,CARBONO,0.313,7577.58
2026-02-25 20:18,PL-CARB-0.313-240-19,CARBONO,0.313,8068.35
2026-02-25 20:18,PL-CARB-0.313-240-19,CARBONO,0.313,8068.35
2026-02-25 20:18,PL-CARB-0.313-240-19,CARBONO,0.313,6532.42
2026-02-25 20:18,PL-CARB-0.313-240-19,CARBONO,0.313,5782.64
2026-02-25 20:18,PL-CARB-0.313-240-19,CARBONO,0.313,5819.01
2026-02-25 20:18,PL-CARB-0.313-240-16,CARBONO,0.313,8335.95
2026-02-25 20:18,PL-CARB-0.313-40-48,CARBONO,0.313,3309.32
2026-02-25 20:18,PL-CARB-0.313-40-48,CARBONO,0.313,3309.32
2026-02-25 20:19,PL-CARB-0.375-240-25,CARBONO,0.375,9395.29
2026-02-25 20:19,PL-CARB-0.375-240-25,CARBONO,0.375,9395.29
2026-02-25 20:19,PL-CARB-0.375-240-25,CARBONO,0.375,9395.29
2026-02-25 20:19,PL-CARB-0.375-34-72,CARBONO,0.375,3635.29
2026-02-25 20:19,PL-CARB-0.25-240-19,CARBONO,0.25,11331.93
2026-02-25 20:19,PL-CARB-0.25-240-19,CARBONO,0.25,11331.93
2026-02-25 20:19,PL-CARB-0.25-240-19,CARBONO,0.25,10629.36
2026-02-25 20:19,PL-CARB-0.25-240-23,CARBONO,0.25,8069.47
2026-02-25 20:19,PL-CARB-0.25-139-96,CARBONO,0.25,18434.74
2026-02-25 20:20,PL-CARB-0.313-240-19,CARBONO,0.313,7332.19
2026-02-25 20:20,PL-CARB-0.313-240-19,CARBONO,0.313,7332.19
2026-02-25 20:20,PL-CARB-0.313-240-19,CARBONO,0.313,7577.58
2026-02-25 20:20,PL-CARB-0.313-240-19,CARBONO,0.313,8068.35
2026-02-25 20:21,PL-CARB-0.313-240-19,CARBONO,0.313,8068.35
2026-02-25 20:21,PL-CARB-0.313-240-19,CARBONO,0.313,6532.42
2026-02-25 20:21,PL-CARB-0.313-240-19,CARBONO,0.313,5782.64
2026-02-25 20:21,PL-CARB-0.313-240-19,CARBONO,0.313,5819.01
2026-02-25 20:21,PL-CARB-0.313-240-16,CARBONO,0.313,8335.95
2026-02-25 20:21,PL-CARB-0.313-40-48,CARBONO,0.313,3309.32
2026-02-25 20:21,PL-CARB-0.313-40-48,CARBONO,0.313,3309.32
2026-02-25 20:21,PL-CARB-0.375-34-72,CARBONO,0.375,3635.29
2026-02-25 20:21,PL-CARB-0.25-240-9,CARBONO,0.25,4291.99
2026-02-25 20:21,PL-CARB-0.25-191-96,CARBONO,0.25,20737.37
2026-02-25 20:21,PL-CARB-0.313-240-19,CARBONO,0.313,7577.58
2026-02-25 20:21,PL-CARB-0.313-240-19,CARBONO,0.313,6550.6
2026-02-25 20:21,PL-CARB-0.313-40-48,CARBONO,0.313,3309.32
2026-02-25 20:21,PL-CARB-0.313-40-48,CARBONO,0.313,3309.32
2026-02-25 20:21,PL-CARB-0.375-240-25,CARBONO,0.375,9395.29
2026-02-25 20:21,PL-CARB-0.375-20-72,CARBONO,0.375,1817.65
2026-02-25 20:21,PL-CARB-0.25-240-19,CARBONO,0.25,11331.93
2026-02-25 20:21,PL-CARB-0.25-240-47,CARBONO,0.25,16132.1
2026-02-25 20:21,PL-CARB-0.313-240-19,CARBONO,0.313,7332.19
2026-02-25 20:22,PL-CARB-0.313-240-19,CARBONO,0.313,8068.35
2026-02-25 20:22,PL-CARB-0.313-240-19,CARBONO,0.313,5791.73
2026-02-25 20:22,PL-CARB-0.313-40-48,CARBONO,0.313,3309.32
2026-02-25 20:22,PL-CARB-0.313-40-48,CARBONO,0.313,3309.32
2026-02-25 20:22,PL-CARB-0.313-40-48,CARBONO,0.313,3309.32
2026-02-25 20:22,PL-CARB-0.375-240-25,CARBONO,0.375,9395.29
2026-02-25 20:22,PL-CARB-0.375-34-72,CARBONO,0.375,3635.29
2026-02-25 20:22,PL-CARB-0.25-240-19,CARBONO,0.25,11331.93
2026-02-25 20:22,PL-CARB-0.25-240-21,CARBONO,0.25,6469.41
2026-02-25 20:22,PL-CARB-0.25-191-96,CARBONO,0.25,20737.37
2026-02-25 20:22,PL-CARB-0.313-240-19,CARBONO,0.313,7332.19
2026-02-25 20:22,PL-CARB-0.313-240-19,CARBONO,0.313,7822.96
2026-02-25 20:22,PL-CARB-0.313-240-19,CARBONO,0.313,7300.38
2026-02-25 20:22,PL-CARB-0.313-240-19,CARBONO,0.313,5800.82
2026-02-25 20:22,PL-CARB-0.313-40-48,CARBONO,0.313,3309.32
2026-02-25 20:22,PL-CARB-0.313-40-48,CARBONO,0.313,3309.32
2026-02-25 20:22,PL-CARB-0.313-40-48,CARBONO,0.313,3309.32
2026-02-25 20:22,PL-CARB-0.313-40-48,CARBONO,0.313,3309.32
2026-02-25 20:24,PL-CARB-0.375-240-25,CARBONO,0.375,9395.29
2026-02-25 20:24,PL-CARB-0.375-240-25,CARBONO,0.375,9395.29
2026-02-25 20:24,PL-CARB-0.375-240-25,CARBONO,0.375,9395.29
2026-02-25 20:24,PL-CARB-0.375-34-72,CARBONO,0.375,3635.29
2026-02-25 20:24,PL-CARB-0.25-240-19,CARBONO,0.25,11331.93
2026-02-25 20:24,PL-CARB-0.25-240-19,CARBONO,0.25,11331.93
2026-02-25 20:24,PL-CARB-0.25-240-19,CARBONO,0.25,10629.36
2026-02-25 20:24,PL-CARB-0.25-240-23,CARBONO,0.25,8069.47
2026-02-25 20:24,PL-CARB-0.25-139-96,CARBONO,0.25,18434.74
2026-02-25 20:24,PL-CARB-0.313-240-19,CARBONO,0.313,7332.19
2026-02-25 20:24,PL-CARB-0.313-240-19,CARBONO,0.313,7332.19
2026-02-25 20:24,PL-CARB-0.313-240-19,CARBONO,0.313,7577.58
2026-02-25 20:25,PL-CARB-0.313-240-19,CARBONO,0.313,8068.35
2026-02-25 20:25,PL-CARB-0.313-240-19,CARBONO,0.313,8068.35
2026-02-25 20:25,PL-CARB-0.313-240-19,CARBONO,0.313,6532.42
2026-02-25 20:25,PL-CARB-0.313-240-19,CARBONO,0.313,5782.64
2026-02-25 20:25,PL-CARB-0.313-240-19,CARBONO,0.313,5819.01
2026-02-25 20:25,PL-CARB-0.313-240-16,CARBONO,0.313,8335.95
2026-02-25 20:25,PL-CARB-0.313-40-48,CARBONO,0.313,3309.32
2026-02-25 20:25,PL-CARB-0.313-40-48,CARBONO,0.313,3309.32
2026-02-25 20:25,PL-CARB-0.375-34-72,CARBONO,0.375,3635.29
2026-02-25 20:25,PL-CARB-0.25-240-9,CARBONO,0.25,4291.99
2026-02-25 20:25,PL-CARB-0.25-191-96,CARBONO,0.25,20737.37
2026-02-25 20:25,PL-CARB-0.313-240-19,CARBONO,0.313,7577.58
2026-02-25 20:25,PL-CARB-0.313-240-19,CARBONO,0.313,6550.6
2026-02-25 20:25,PL-CARB-0.313-40-48,CARBONO,0.313,3309.32
2026-02-25 20:25,PL-CARB-0.313-40-48,CARBONO,0.313,3309.32
2026-02-25 20:25,PL-CARB-0.375-240-25,CARBONO,0.375,9395.29
2026-02-25 20:25,PL-CARB-0.375-20-72,CARBONO,0.375,1817.65
2026-02-25 20:25,PL-CARB-0.25-240-19,CARBONO,0.25,11331.93
2026-02-25 20:25,PL-CARB-0.25-240-47,CARBONO,0.25,16132.1
2026-02-25 20:26,PL-CARB-0.313-240-19,CARBONO,0.313,7332.19
2026-02-25 20:26,PL-CARB-0.313-240-19,CARBONO,0.313,8068.35
2026-02-25 20:26,PL-CARB-0.313-240-19,CARBONO,0.313,5791.73
2026-02-25 20:26,PL-CARB-0.313-40-48,CARBONO,0.313,3309.32
2026-02-25 20:26,PL-CARB-0.313-40-48,CARBONO,0.313,3309.32
2026-02-25 20:26,PL-CARB-0.313-40-48,CARBONO,0.313,3309.32
2026-02-25 20:26,PL-CARB-0.375-240-25,CARBONO,0.375,9395.29
2026-02-25 20:26,PL-CARB-0.375-34-72,CARBONO,0.375,3635.29
2026-02-25 20:26,PL-CARB-0.25-240-19,CARBONO,0.25,11331.93
2026-02-25 20:26,PL-CARB-0.25-240-21,CARBONO,0.25,6469.41
2026-02-25 20:26,PL-CARB-0.25-191-96,CARBONO,0.25,20737.37
2026-02-25 20:26,PL-CARB-0.313-240-19,CARBONO,0.313,7332.19
2026-02-25 20:26,PL-CARB-0.313-240-19,CARBONO,0.313,7822.96
2026-02-25 20:30,PL-CARB-0.375-240-25,CARBONO,0.375,9395.29
2026-02-25 20:30,PL-CARB-0.375-240-25,CARBONO,0.375,9395.29
2026-02-25 20:30,PL-CARB-0.375-240-25,CARBONO,0.375,9395.29
2026-02-25 20:30,PL-CARB-0.375-34-72,CARBONO,0.375,3635.29
2026-02-25 20:30,PL-CARB-0.25-240-19,CARBONO,0.25,11331.93
2026-02-25 20:31,PL-CARB-0.25-240-19,CARBONO,0.25,11331.93
2026-02-25 20:31,PL-CARB-0.25-240-19,CARBONO,0.25,10629.36
2026-02-25 20:31,PL-CARB-0.25-240-23,CARBONO,0.25,8069.47
2026-02-25 20:31,PL-CARB-0.25-139-96,CARBONO,0.25,18434.74
2026-02-25 20:31,PL-CARB-0.313-240-19,CARBONO,0.313,7332.19
2026-02-25 20:31,PL-CARB-0.313-240-19,CARBONO,0.313,7332.19
2026-02-25 20:31,PL-CARB-0.313-240-19,CARBONO,0.313,7577.58
2026-02-25 20:32,PL-CARB-0.313-240-19,CARBONO,0.313,8068.35
2026-02-25 20:32,PL-CARB-0.313-240-19,CARBONO,0.313,8068.35
2026-02-25 20:32,PL-CARB-0.313-240-19,CARBONO,0.313,6532.42
2026-02-25 20:32,PL-CARB-0.313-240-19,CARBONO,0.313,5782.64
2026-02-25 20:32,PL-CARB-0.313-240-19,CARBONO,0.313,5819.01
2026-02-25 20:32,PL-CARB-0.313-240-16,CARBONO,0.313,8335.95
2026-02-25 20:32,PL-CARB-0.313-40-48,CARBONO,0.313,3309.32
2026-02-25 20:32,PL-CARB-0.313-40-48,CARBONO,0.313,3309.32
2026-02-25 20:32,PL-CARB-0.375-34-72,CARBONO,0.375,3635.29
2026-02-25 20:32,PL-CARB-0.25-240-9,CARBONO,0.25,4291.99
2026-02-25 20:32,PL-CARB-0.25-191-96,CARBONO,0.25,20737.37
2026-02-25 20:32,PL-CARB-0.313-240-19,CARBONO,0.313,7577.58
2026-02-25 20:32,PL-CARB-0.313-240-19,CARBONO,0.313,6550.6
2026-02-25 20:32,PL-CARB-0.313-40-48,CARBONO,0.313,3309.32
2026-02-25 20:32,PL-CARB-0.313-40-48,CARBONO,0.313,3309.32
2026-02-25 20:32,PL-CARB-0.375-240-25,CARBONO,0.375,9395.29
2026-02-25 20:32,PL-CARB-0.375-20-72,CARBONO,0.375,1817.65
2026-02-25 20:32,PL-CARB-0.25-240-19,CARBONO,0.25,11331.93
2026-02-25 20:32,PL-CARB-0.25-240-47,CARBONO,0.25,16132.1
2026-02-25 20:33,PL-CARB-0.313-240-19,CARBONO,0.313,7332.19
2026-02-25 20:33,PL-CARB-0.313-240-19,CARBONO,0.313,8068.35
2026-02-25 20:33,PL-CARB-0.313-240-19,CARBONO,0.313,5791.73
2026-02-25 20:33,PL-CARB-0.313-40-48,CARBONO,0.313,3309.32
2026-02-25 20:33,PL-CARB-0.313-40-48,CARBONO,0.313,3309.32
2026-02-25 20:33,PL-CARB-0.313-40-48,CARBONO,0.313,3309.32
2026-02-25 20:33,PL-CARB-0.375-240-25,CARBONO,0.375,9395.29
2026-02-25 20:33,PL-CARB-0.375-34-72,CARBONO,0.375,3635.29
2026-02-25 20:33,PL-CARB-0.25-240-19,CARBONO,0.25,11331.93
2026-02-25 20:33,PL-CARB-0.25-240-21,CARBONO,0.25,6469.41
2026-02-25 20:33,PL-CARB-0.25-191-96,CARBONO,0.25,20737.37
2026-02-25 20:33,PL-CARB-0.313-240-19,CARBONO,0.313,7332.19
2026-02-25 20:45,PL-CARB-0.375-240-25,CARBONO,0.375,9395.29
2026-02-25 20:45,PL-CARB-0.375-240-25,CARBONO,0.375,9395.29
2026-02-25 20:45,PL-CARB-0.375-240-25,CARBONO,0.375,9395.29
2026-02-25 20:45,PL-CARB-0.375-34-72,CARBONO,0.375,3635.29
2026-02-25 20:45,PL-CARB-0.25-240-19,CARBONO,0.25,11331.93
2026-02-25 20:45,PL-CARB-0.25-240-19,CARBONO,0.25,11331.93
2026-02-25 20:45,PL-CARB-0.25-240-19,CARBONO,0.25,10629.36
2026-02-25 20:45,PL-CARB-0.25-240-23,CARBONO,0.25,8069.47
2026-02-25 20:45,PL-CARB-0.25-139-96,CARBONO,0.25,18434.74
2026-02-25 20:45,PL-CARB-0.313-240-19,CARBONO,0.313,7332.19
2026-02-25 20:45,PL-CARB-0.313-240-19,CARBONO,0.313,7332.19
2026-02-25 20:45,PL-CARB-0.313-240-19,CARBONO,0.313,7577.58
2026-02-25 20:46,PL-CARB-0.313-240-19,CARBONO,0.313,8068.35
2026-02-25 20:46,PL-CARB-0.313-240-19,CARBONO,0.313,8068.35
2026-02-25 20:46,PL-CARB-0.313-240-19,CARBONO,0.313,6532.42
2026-02-25 20:46,PL-CARB-0.313-240-19,CARBONO,0.313,5782.64
2026-02-25 20:46,PL-CARB-0.313-240-19,CARBONO,0.313,5819.01
2026-02-25 20:46,PL-CARB-0.313-240-16,CARBONO,0.313,8335.95
2026-02-25 20:46,PL-CARB-0.313-40-48,CARBONO,0.313,3309.32
2026-02-25 20:46,PL-CARB-0.313-40-48,CARBONO,0.313,3309.32
2026-02-25 20:47,PL-CARB-0.375-34-72,CARBONO,0.375,3635.29
2026-02-25 20:47,PL-CARB-0.25-240-9,CARBONO,0.25,4291.99
2026-02-25 20:47,PL-CARB-0.25-191-96,CARBONO,0.25,20737.37
2026-02-25 20:47,PL-CARB-0.313-240-19,CARBONO,0.313,7577.58
2026-02-25 20:47,PL-CARB-0.313-240-19,CARBONO,0.313,6550.6
2026-02-25 20:47,PL-CARB-0.313-40-48,CARBONO,0.313,3309.32
2026-02-25 20:47,PL-CARB-0.313-40-48,CARBONO,0.313,3309.32
2026-02-25 20:47,PL-CARB-0.375-240-25,CARBONO,0.375,9395.29
2026-02-25 20:47,PL-CARB-0.375-20-72,CARBONO,0.375,1817.65
2026-02-25 20:47,PL-CARB-0.25-240-19,CARBONO,0.25,11331.93
2026-02-25 20:47,PL-CARB-0.25-240-47,CARBONO,0.25,16132.1
2026-02-25 20:47,PL-CARB-0.313-240-19,CARBONO,0.313,7332.19
2026-02-25 20:47,PL-CARB-0.313-240-19,CARBONO,0.313,8068.35
2026-02-25 20:47,PL-CARB-0.313-240-19,CARBONO,0.313,5791.73
2026-02-25 20:47,PL-CARB-0.313-40-48,CARBONO,0.313,3309.32
2026-02-25 20:47,PL-CARB-0.313-40-48,CARBONO,0.313,3309.32
2026-02-25 20:47,PL-CARB-0.313-40-48,CARBONO,0.313,3309.32
2026-02-25 20:47,PL-CARB-0.375-240-25,CARBONO,0.375,9395.29
2026-02-25 20:47,PL-CARB-0.375-34-72,CARBONO,0.375,3635.29
2026-02-25 20:47,PL-CARB-0.25-240-19,CARBONO,0.25,11331.93
2026-02-25 20:47,PL-CARB-0.25-240-21,CARBONO,0.25,6469.41
2026-02-25 20:47,PL-CARB-0.25-191-96,CARBONO,0.25,20737.37
2026-02-25 20:47,PL-CARB-0.313-240-19,CARBONO,0.313,7332.19
2026-02-25 20:47,PL-CARB-0.313-240-19,CARBONO,0.313,7822.96
2026-02-25 20:47,PL-CARB-0.313-240-19,CARBONO,0.313,7300.38
2026-02-25 20:47,PL-CARB-0.313-240-19,CARBONO,0.313,5800.82
2026-02-25 20:47,PL-CARB-0.313-40-48,CARBONO,0.313,3309.32
2026-02-25 20:47,PL-CARB-0.313-40-48,CARBONO,0.313,3309.32
2026-02-25 20:47,PL-CARB-0.313-40-48,CARBONO,0.313,3309.32
2026-02-25 20:47,PL-CARB-0.313-40-48,CARBONO,0.313,3309.32
2026-02-25 20:50,PL-CARB-0.375-20-72,CARBONO,0.375,1817.65
2026-02-25 20:50,PL-CARB-0.25-43-60,CARBONO,0.25,3297.31
2026-02-25 20:50,PL-CARB-0.25-191-96,CARBONO,0.25,20737.37
2026-02-25 20:50,PL-CARB-0.313-240-19,CARBONO,0.313,7064.09
2026-02-25 20:50,PL-CARB-0.313-40-48,CARBONO,0.313,3309.32
2026-02-25 20:50,PL-CARB-0.375-34-72,CARBONO,0.375,3635.29
2026-02-25 20:50,PL-CARB-0.25-240-9,CARBONO,0.25,4291.99
2026-02-25 20:50,PL-CARB-0.25-191-96,CARBONO,0.25,20737.37
2026-02-25 20:50,PL-CARB-0.313-240-19,CARBONO,0.313,7577.58
2026-02-25 20:50,PL-CARB-0.313-240-19,CARBONO,0.313,6550.6
2026-02-25 20:50,PL-CARB-0.313-40-48,CARBONO,0.313,3309.32
2026-02-25 20:50,PL-CARB-0.313-40-48,CARBONO,0.313,3309.32
2026-02-25 20:50,PL-CARB-0.375-240-25,CARBONO,0.375,9395.29
2026-02-25 20:50,PL-CARB-0.375-20-72,CARBONO,0.375,1817.65
2026-02-25 20:50,PL-CARB-0.25-240-19,CARBONO,0.25,11331.93
2026-02-25 20:50,PL-CARB-0.25-240-47,CARBONO,0.25,16132.1
2026-02-25 20:50,PL-CARB-0.313-240-19,CARBONO,0.313,7332.19
2026-02-25 20:50,PL-CARB-0.313-240-19,CARBONO,0.313,8068.35
2026-02-25 20:50,PL-CARB-0.313-240-19,CARBONO,0.313,5791.73
2026-02-25 20:50,PL-CARB-0.313-40-48,CARBONO,0.313,3309.32
2026-02-25 20:50,PL-CARB-0.313-40-48,CARBONO,0.313,3309.32
2026-02-25 20:50,PL-CARB-0.313-40-48,CARBONO,0.313,3309.32
2026-02-25 20:51,PL-CARB-0.375-240-25,CARBONO,0.375,9395.29
2026-02-25 20:51,PL-CARB-0.375-34-72,CARBONO,0.375,3635.29
2026-02-25 20:51,PL-CARB-0.25-240-19,CARBONO,0.25,11331.93
2026-02-25 20:51,PL-CARB-0.25-240-21,CARBONO,0.25,6469.41
2026-02-25 20:51,PL-CARB-0.25-191-96,CARBONO,0.25,20737.37
2026-02-25 20:51,PL-CARB-0.313-240-19,CARBONO,0.313,7332.19
2026-02-25 20:51,PL-CARB-0.313-240-19,CARBONO,0.313,7822.96
2026-02-25 20:51,PL-CARB-0.313-240-19,CARBONO,0.313,7300.38
2026-02-25 20:51,PL-CARB-0.313-240-19,CARBONO,0.313,5800.82
2026-02-25 20:51,PL-CARB-0.313-40-48,CARBONO,0.313,3309.32
2026-02-25 20:51,PL-CARB-0.313-40-48,CARBONO,0.313,3309.32
2026-02-25 20:51,PL-CARB-0.313-40-48,CARBONO,0.313,3309.32
2026-02-25 20:51,PL-CARB-0.313-40-48,CARBONO,0.313,3309.32
2026-02-25 20:55,PL-CARB-0.375-20-72,CARBONO,0.375,1817.65
2026-02-25 20:55,PL-CARB-0.25-43-60,CARBONO,0.25,3297.31
2026-02-25 20:55,PL-CARB-0.25-191-96,CARBONO,0.25,20737.37
2026-02-25 20:55,PL-CARB-0.313-240-19,CARBONO,0.313,7064.09
2026-02-25 20:55,PL-CARB-0.313-40-48,CARBONO,0.313,3309.32
2026-02-25 20:56,PL-CARB-0.375-34-72,CARBONO,0.375,3635.29
2026-02-25 20:56,PL-CARB-0.25-240-9,CARBONO,0.25,4291.99
2026-02-25 20:56,PL-CARB-0.25-191-96,CARBONO,0.25,20737.37
2026-02-25 20:56,PL-CARB-0.313-240-19,CARBONO,0.313,7577.58
2026-02-25 20:56,PL-CARB-0.313-240-19,CARBONO,0.313,6550.6
2026-02-25 20:56,PL-CARB-0.313-40-48,CARBONO,0.313,3309.32
2026-02-25 20:56,PL-CARB-0.313-40-48,CARBONO,0.313,3309.32
2026-02-25 20:56,PL-CARB-0.375-240-25,CARBONO,0.375,9395.29
2026-02-25 20:56,PL-CARB-0.375-20-72,CARBONO,0.375,1817.65
2026-02-25 20:56,PL-CARB-0.25-240-19,CARBONO,0.25,11331.93
2026-02-25 20:56,PL-CARB-0.25-240-47,CARBONO,0.25,16132.1
2026-02-25 20:56,PL-CARB-0.313-240-19,CARBONO,0.313,7332.19
2026-02-25 20:56,PL-CARB-0.313-240-19,CARBONO,0.313,8068.35
2026-02-25 20:56,PL-CARB-0.313-240-19,CARBONO,0.313,5791.73
2026-02-25 20:56,PL-CARB-0.313-40-48,CARBONO,0.313,3309.32
2026-02-25 20:56,PL-CARB-0.313-40-48,CARBONO,0.313,3309.32
2026-02-25 20:56,PL-CARB-0.313-40-48,CARBONO,0.313,3309.32
2026-02-25 20:56,PL-CARB-0.375-240-25,CARBONO,0.375,9395.29
2026-02-25 20:56,PL-CARB-0.375-34-72,CARBONO,0.375,3635.29
2026-02-25 20:56,PL-CARB-0.25-240-19,CARBONO,0.25,11331.93
2026-02-25 20:56,PL-CARB-0.25-240-21,CARBONO,0.25,6469.41
2026-02-25 20:56,PL-CARB-0.25-191-96,CARBONO,0.25,20737.37
2026-02-25 20:56,PL-CARB-0.313-240-19,CARBONO,0.313,7332.19
2026-02-25 20:56,PL-CARB-0.313-240-19,CARBONO,0.313,7822.96
2026-02-25 20:56,PL-CARB-0.313-240-19,CARBONO,0.313,7300.38
2026-02-25 20:56,PL-CARB-0.313-240-19,CARBONO,0.313,5800.82
2026-02-25 20:56,PL-CARB-0.313-40-48,CARBONO,0.313,3309.32
2026-02-25 20:56,PL-CARB-0.313-40-48,CARBONO,0.313,3309.32
2026-02-25 20:56,PL-CARB-0.313-40-48,CARBONO,0.313,3309.32
2026-02-25 20:56,PL-CARB-0.313-40-48,CARBONO,0.313,3309.32
2026-02-25 20:57,PL-CARB-0.25-139-96,CARBONO,0.25,18434.74
2026-02-25 20:57,PL-CARB-0.25-80-60,CARBONO,0.25,6594.62
2026-02-25 20:58,PL-CARB-0.25-240-45,CARBONO,0.25,14532.05
2026-02-25 20:58,PL-CARB-0.25-163-60,CARBONO,0.25,10497.31
2026-02-26 08:42,PL-SSTL-0.188-55-48,ACERO INOXIDABLE,0.188,4712.58
2026-02-26 08:42,PL-CARB-1-75-33,CARBONO,1,3180.77
2026-02-26 08:42,PL-CARB-0.375-120-45,CARBONO,0.375,5560.97
2026-02-26 08:42,PL-CARB-0.25-33-96,CARBONO,0.25,5979.24
2026-02-26 08:42,PL-CARB-0.25-33-96,CARBONO,0.25,6212.92
2026-02-26 08:42,PL-CARB-0.25-48-48,CARBONO,0.25,3502.66
2026-02-26 08:42,PL-CARB-0.25-240-0,CARBONO,0.25,5627.1
2026-02-26 08:42,PL-CARB-0.25-62-48,CARBONO,0.25,4023.0
2026-02-26 08:42,PL-SSTL-0.188-120-20,ACERO INOXIDABLE,0.188,3665.17
2026-02-26 08:42,PL-CARB-1-75-26,CARBONO,1,2761.54
2026-02-26 08:43,PL-CARB-0.25-33-96,CARBONO,0.25,5979.24
2026-02-26 08:43,PL-CARB-0.25-33-96,CARBONO,0.25,5979.24
2026-02-26 08:43,PL-CARB-0.25-33-96,CARBONO,0.25,6075.08
2026-02-26 08:43,PL-CARB-0.375-120-42,CARBONO,0.375,5361.94
2026-02-26 08:43,PL-CARB-0.25-33-96,CARBONO,0.25,6350.76
2026-02-26 08:43,PL-CARB-0.25-23-96,CARBONO,0.25,6115.24
2026-02-26 08:43,PL-CARB-0.25-120-13,CARBONO,0.25,1812.29
2026-02-26 08:43,PL-CARB-0.25-120-12,CARBONO,0.25,2286.0
2026-02-26 08:43,PL-CARB-0.25-120-12,CARBONO,0.25,2286.0
2026-02-26 08:43,PL-CARB-0.25-120-12,CARBONO,0.25,2286.0
2026-02-26 08:45,PL-SSTL-0.188-120-20,ACERO INOXIDABLE,0.188,3665.17
2026-02-26 08:46,PL-CARB-1-75-26,CARBONO,1,2761.54
2026-02-26 08:52,PL-SSTL-0.188-55-48,ACERO INOXIDABLE,0.188,4712.58
2026-02-26 08:52,PL-CARB-1-75-33,CARBONO,1,3180.77
2026-02-26 08:52,PL-CARB-0.375-120-45,CARBONO,0.375,5560.97
2026-02-26 08:52,PL-CARB-0.25-33-96,CARBONO,0.25,5979.24
2026-02-26 08:53,PL-CARB-0.25-33-96,CARBONO,0.25,6212.92
2026-02-26 08:53,PL-CARB-0.25-48-48,CARBONO,0.25,3502.66
2026-02-26 08:53,PL-CARB-0.25-240-0,CARBONO,0.25,5627.1
2026-02-26 08:53,PL-CARB-0.25-62-48,CARBONO,0.25,4023.0
2026-02-26 08:53,PL-SSTL-0.188-120-20,ACERO INOXIDABLE,0.188,3665.17
2026-02-26 08:53,PL-CARB-1-75-26,CARBONO,1,2761.54
2026-02-26 08:53,PL-CARB-0.25-33-96,CARBONO,0.25,5979.24
2026-02-26 08:54,PL-CARB-0.25-33-96,CARBONO,0.25,5979.24
2026-02-26 08:54,PL-CARB-0.25-33-96,CARBONO,0.25,6075.08
2026-02-26 08:54,PL-CARB-0.375-120-42,CARBONO,0.375,5361.94
2026-02-26 08:54,PL-CARB-0.25-33-96,CARBONO,0.25,6350.76
2026-02-26 08:54,PL-CARB-0.25-23-96,CARBONO,0.25,6115.24
2026-02-26 08:54,PL-CARB-0.25-120-13,CARBONO,0.25,1812.29
2026-02-26 08:54,PL-CARB-0.25-120-12,CARBONO,0.25,2286.0
2026-02-26 08:54,PL-CARB-0.25-120-12,CARBONO,0.25,2286.0
2026-02-26 08:54,PL-CARB-0.25-120-12,CARBONO,0.25,2286.0
2026-02-26 08:57,PL-SSTL-0.25-120-19,ACERO INOXIDABLE,0.25,4761.7
2026-02-26 08:57,PL-CARB-1-75-33,CARBONO,1,3180.77
2026-02-26 08:57,PL-CARB-0.375-120-45,CARBONO,0.375,5560.97
2026-02-26 08:58,PL-CARB-0.25-12-48,CARBONO,0.25,770.82
2026-02-26 08:59,PL-CARB-0.25-12-48,CARBONO,0.25,770.82
2026-02-26 09:00,PL-CARB-0.25-12-48,CARBONO,0.25,770.82
2026-02-26 09:00,PL-CARB-0.25-120-2,CARBONO,0.25,884.99
2026-02-26 09:00,PL-CARB-0.25-120-2,CARBONO,0.25,884.99
2026-02-26 09:01,PL-CARB-0.25-120-2,CARBONO,0.25,884.99
2026-02-26 09:01,PL-CARB-0.25-120-10,CARBONO,0.25,2321.67
2026-02-26 09:01,PL-CARB-0.25-240-22,CARBONO,0.25,6800.14
2026-02-26 09:01,PL-CARB-0.25-51-48,CARBONO,0.25,3332.96
2026-02-26 09:01,PL-CARB-0.25-51-48,CARBONO,0.25,3332.96
2026-02-26 09:02,PL-SSTL-0.25-120-5,ACERO INOXIDABLE,0.25,2099.58
2026-02-26 09:02,PL-SSTL-0.25-84-48,ACERO INOXIDABLE,0.25,5427.23
2026-02-26 09:04,PL-CARB-1-75-7,CARBONO,1,1923.08
2026-02-26 09:06,PL-CARB-0.25-240-0,CARBONO,0.25,1894.57
2026-02-26 09:08,PL-CARB-0.25-240-0,CARBONO,0.25,2462.52
2026-02-26 09:09,PL-CARB-0.25-12-48,CARBONO,0.25,799.74
2026-02-26 09:10,PL-CARB-0.25-12-48,CARBONO,0.25,799.74
2026-02-26 09:10,PL-CARB-0.25-12-48,CARBONO,0.25,799.74
2026-02-26 09:11,PL-CARB-0.25-12-48,CARBONO,0.25,799.74
2026-02-26 09:12,PL-CARB-0.25-12-48,CARBONO,0.25,799.74
2026-02-26 09:12,PL-CARB-0.375-120-38,CARBONO,0.375,4963.88
2026-02-26 09:12,PL-CARB-0.25-12-48,CARBONO,0.25,799.74
2026-02-26 09:12,PL-CARB-0.25-12-48,CARBONO,0.25,799.74
2026-02-26 09:13,PL-CARB-0.25-12-48,CARBONO,0.25,799.74
2026-02-26 09:13,PL-CARB-0.25-12-48,CARBONO,0.25,799.74
2026-02-26 09:14,PL-CARB-0.25-12-48,CARBONO,0.25,799.74
2026-02-26 09:14,PL-CARB-0.25-12-48,CARBONO,0.25,799.74
2026-02-26 09:14,PL-CARB-0.25-12-48,CARBONO,0.25,799.74
2026-02-26 09:15,PL-CARB-0.25-120-8,CARBONO,0.25,1462.59
2026-02-26 09:15,PL-CARB-0.25-120-8,CARBONO,0.25,1462.59
2026-02-26 09:15,PL-CARB-0.25-120-8,CARBONO,0.25,1462.59
2026-02-26 09:15,PL-CARB-0.25-120-8,CARBONO,0.25,1462.59
2026-02-26 09:16,PL-CARB-0.25-120-8,CARBONO,0.25,1462.59
2026-02-26 09:16,PL-CARB-0.25-120-8,CARBONO,0.25,1462.59
2026-02-26 09:16,PL-CARB-0.25-120-8,CARBONO,0.25,1462.59
2026-02-26 09:16,PL-CARB-0.25-120-8,CARBONO,0.25,1462.59
2026-02-26 09:16,PL-CARB-0.25-120-8,CARBONO,0.25,1462.59
2026-02-26 09:16,PL-CARB-0.25-120-8,CARBONO,0.25,1462.59
2026-02-26 09:16,PL-CARB-0.25-120-8,CARBONO,0.25,1462.59
2026-02-26 09:17,PL-CARB-0.25-120-8,CARBONO,0.25,1462.59
2026-02-26 09:17,PL-CARB-0.25-240-18,CARBONO,0.25,8477.77
2026-02-26 09:17,PL-CARB-0.25-23-72,CARBONO,0.25,7571.85
2026-02-26 09:17,PL-CARB-0.25-51-48,CARBONO,0.25,3332.96
2026-02-26 09:17,PL-CARB-0.25-51-48,CARBONO,0.25,3332.96
2026-02-26 09:17,PL-SSTL-0.25-120-19,ACERO INOXIDABLE,0.25,4428.94
2026-02-26 09:17,PL-CARB-1-75-33,CARBONO,1,3041.03
2026-02-26 09:17,PL-CARB-0.375-120-45,CARBONO,0.375,5494.63
2026-02-26 09:18,PL-CARB-0.25-240-0,CARBONO,0.25,2804.35
2026-02-26 09:18,PL-CARB-0.25-12-48,CARBONO,0.25,799.74
2026-02-26 09:18,PL-CARB-0.25-12-48,CARBONO,0.25,799.74
2026-02-26 09:18,PL-CARB-0.25-12-48,CARBONO,0.25,1377.34
2026-02-26 09:19,PL-CARB-0.25-12-48,CARBONO,0.25,1377.34
2026-02-26 09:19,PL-CARB-0.25-120-8,CARBONO,0.25,1462.59
2026-02-26 09:19,PL-CARB-0.25-120-8,CARBONO,0.25,1462.59
2026-02-26 09:19,PL-CARB-0.25-120-8,CARBONO,0.25,1621.96
2026-02-26 09:19,PL-CARB-0.25-120-8,CARBONO,0.25,1621.96
2026-02-26 09:19,PL-CARB-0.25-51-48,CARBONO,0.25,3332.96
2026-02-26 09:19,PL-CARB-0.25-51-48,CARBONO,0.25,3332.96
2026-02-26 09:19,PL-SSTL-0.25-120-19,ACERO INOXIDABLE,0.25,3763.41
2026-02-26 09:19,PL-CARB-1-75-26,CARBONO,1,2761.54
2026-02-26 09:20,PL-CARB-0.375-120-42,CARBONO,0.375,5361.94
2026-02-26 09:21,PL-CARB-0.25-240-0,CARBONO,0.25,2178.55
2026-02-26 09:21,PL-CARB-0.25-12-48,CARBONO,0.25,799.74
2026-02-26 09:21,PL-CARB-0.25-12-48,CARBONO,0.25,799.74
2026-02-26 09:22,PL-CARB-0.25-12-48,CARBONO,0.25,799.74
2026-02-26 09:22,PL-CARB-0.25-12-48,CARBONO,0.25,799.74
2026-02-26 09:22,PL-CARB-0.25-12-48,CARBONO,0.25,799.74
2026-02-26 09:22,PL-CARB-0.25-12-48,CARBONO,0.25,799.74
2026-02-26 09:23,PL-CARB-0.25-120-8,CARBONO,0.25,1462.59
2026-02-26 09:23,PL-CARB-0.25-120-8,CARBONO,0.25,1462.59
2026-02-26 09:23,PL-CARB-0.25-120-8,CARBONO,0.25,1462.59
2026-02-26 09:23,PL-CARB-0.25-120-8,CARBONO,0.25,1462.59
2026-02-26 09:23,PL-CARB-0.25-120-8,CARBONO,0.25,1462.59
2026-02-26 09:23,PL-CARB-0.25-120-8,CARBONO,0.25,1462.59
2026-02-26 09:23,PL-CARB-0.25-23-72,CARBONO,0.25,7571.85
2026-02-26 09:23,PL-CARB-0.25-51-48,CARBONO,0.25,3332.96
2026-02-26 09:23,PL-CARB-0.25-51-48,CARBONO,0.25,3332.96
2026-02-26 12:12,PL-SSTL-0.25-120-19,ACERO INOXIDABLE,0.25,4761.7
2026-02-26 12:12,PL-CARB-1-75-33,CARBONO,1,3180.77
2026-02-26 12:12,PL-CARB-0.375-120-45,CARBONO,0.375,5560.97
2026-02-26 12:12,PL-CARB-0.25-12-48,CARBONO,0.25,770.82
2026-02-26 12:13,PL-CARB-0.25-12-48,CARBONO,0.25,770.82
2026-02-26 12:14,PL-CARB-0.25-12-48,CARBONO,0.25,770.82
2026-02-26 12:14,PL-CARB-0.25-120-2,CARBONO,0.25,884.99
2026-02-26 12:14,PL-CARB-0.25-120-2,CARBONO,0.25,884.99
2026-02-26 12:15,PL-CARB-0.25-120-2,CARBONO,0.25,884.99
2026-02-26 12:15,PL-CARB-0.25-120-10,CARBONO,0.25,2321.67
2026-02-26 12:15,PL-CARB-0.25-240-22,CARBONO,0.25,6800.14
2026-02-26 12:15,PL-CARB-0.25-51-48,CARBONO,0.25,3332.96
2026-02-26 12:15,PL-CARB-0.25-51-48,CARBONO,0.25,3332.96
2026-02-26 12:18,PL-CARB-0.313-240-11,CARBONO,0.313,5161.76
2026-02-26 12:18,PL-CARB-0.25-240-11,CARBONO,0.25,5153.29
2026-02-26 12:18,PL-CARB-0.25-51-48,CARBONO,0.25,3332.96
2026-02-26 12:18,PL-CARB-0.25-51-48,CARBONO,0.25,3332.96
2026-02-26 12:18,PL-CARB-0.313-240-11,CARBONO,0.313,5516.36
2026-02-26 12:18,PL-CARB-0.313-240-15,CARBONO,0.313,7035.19
2026-02-26 12:18,PL-CARB-0.313-37-72,CARBONO,0.313,5123.53
2026-02-26 12:18,PL-CARB-0.313-158-96,CARBONO,0.313,19523.53
2026-02-26 12:23,PL-SSTL-0.25-120-19,ACERO INOXIDABLE,0.25,4761.7
2026-02-26 12:23,PL-CARB-0.313-240-6,CARBONO,0.313,5137.34
2026-02-26 12:23,PL-CARB-0.313-240-0,CARBONO,0.313,4989.13
2026-02-26 12:23,PL-CARB-1-75-33,CARBONO,1,3180.77
2026-02-26 12:23,PL-CARB-0.313-51-48,CARBONO,0.313,3332.96
2026-02-26 12:23,PL-CARB-0.375-120-45,CARBONO,0.375,5560.97
2026-02-26 12:24,PL-CARB-0.25-240-0,CARBONO,0.25,3059.39
2026-02-26 12:24,PL-CARB-0.25-12-48,CARBONO,0.25,799.74
2026-02-26 12:24,PL-CARB-0.25-12-48,CARBONO,0.25,799.74
2026-02-26 12:24,PL-CARB-0.25-12-48,CARBONO,0.25,799.74
2026-02-26 12:24,PL-CARB-0.25-120-2,CARBONO,0.25,884.99
2026-02-26 12:24,PL-CARB-0.25-120-8,CARBONO,0.25,1462.59
2026-02-26 12:24,PL-CARB-0.25-120-8,CARBONO,0.25,1462.59
2026-02-26 12:24,PL-CARB-0.25-240-18,CARBONO,0.25,7999.66
2026-02-26 12:24,PL-CARB-0.25-51-48,CARBONO,0.25,3332.96
2026-02-26 12:24,PL-CARB-0.25-51-48,CARBONO,0.25,3332.96
2026-02-26 13:41,PL-CARB-0.375-240-25,CARBONO,0.375,9395.29
2026-02-26 13:41,PL-CARB-0.375-240-25,CARBONO,0.375,9395.29
2026-02-26 13:41,PL-CARB-0.375-240-25,CARBONO,0.375,9395.29
2026-02-26 13:41,PL-CARB-0.375-34-72,CARBONO,0.375,3635.29
2026-02-26 13:41,PL-CARB-0.25-240-19,CARBONO,0.25,11331.93
2026-02-26 13:41,PL-CARB-0.25-240-19,CARBONO,0.25,11331.93
2026-02-26 13:41,PL-CARB-0.25-240-19,CARBONO,0.25,10629.36
2026-02-26 13:41,PL-CARB-0.25-240-23,CARBONO,0.25,8069.47
2026-02-26 13:41,PL-CARB-0.25-139-96,CARBONO,0.25,18434.74
2026-02-26 13:41,PL-CARB-0.313-240-19,CARBONO,0.313,7332.19
2026-02-26 13:41,PL-CARB-0.313-240-19,CARBONO,0.313,7332.19
2026-02-26 13:42,PL-CARB-0.313-240-19,CARBONO,0.313,7577.58
2026-02-26 13:42,PL-CARB-0.313-240-19,CARBONO,0.313,8068.35
2026-02-26 13:42,PL-CARB-0.313-240-19,CARBONO,0.313,8068.35
2026-02-26 13:42,PL-CARB-0.313-240-19,CARBONO,0.313,6532.42
2026-02-26 13:42,PL-CARB-0.313-240-19,CARBONO,0.313,5782.64
2026-02-26 13:42,PL-CARB-0.313-240-19,CARBONO,0.313,5819.01
2026-02-26 13:42,PL-CARB-0.313-240-16,CARBONO,0.313,8335.95
2026-02-26 13:42,PL-CARB-0.313-40-48,CARBONO,0.313,3309.32
2026-02-26 13:42,PL-CARB-0.313-40-48,CARBONO,0.313,3309.32
2026-02-26 13:42,PL-CARB-0.375-34-72,CARBONO,0.375,3635.29
2026-02-26 13:42,PL-CARB-0.25-240-9,CARBONO,0.25,4291.99
2026-02-26 13:42,PL-CARB-0.25-191-96,CARBONO,0.25,20737.37
2026-02-26 13:42,PL-CARB-0.313-240-19,CARBONO,0.313,7577.58
2026-02-26 13:42,PL-CARB-0.313-240-19,CARBONO,0.313,6550.6
2026-02-26 13:42,PL-CARB-0.313-40-48,CARBONO,0.313,3309.32
2026-02-26 13:42,PL-CARB-0.313-40-48,CARBONO,0.313,3309.32
2026-02-26 13:43,PL-CARB-0.375-240-25,CARBONO,0.375,9395.29
2026-02-26 13:43,PL-CARB-0.375-20-72,CARBONO,0.375,1817.65
2026-02-26 13:43,PL-CARB-0.25-240-19,CARBONO,0.25,11331.93
2026-02-26 13:43,PL-CARB-0.25-240-47,CARBONO,0.25,16132.1
2026-02-26 13:43,PL-CARB-0.313-240-19,CARBONO,0.313,7332.19
2026-02-26 13:43,PL-CARB-0.313-240-19,CARBONO,0.313,8068.35
2026-02-26 13:43,PL-CARB-0.313-240-19,CARBONO,0.313,5791.73
2026-02-26 13:43,PL-CARB-0.313-40-48,CARBONO,0.313,3309.32
2026-02-26 13:43,PL-CARB-0.313-40-48,CARBONO,0.313,3309.32
2026-02-26 13:43,PL-CARB-0.313-40-48,CARBONO,0.313,3309.32
2026-02-26 13:43,PL-CARB-0.375-240-25,CARBONO,0.375,9395.29
2026-02-26 13:43,PL-CARB-0.375-34-72,CARBONO,0.375,3635.29
2026-02-26 13:43,PL-CARB-0.25-240-19,CARBONO,0.25,11331.93
2026-02-26 13:43,PL-CARB-0.25-240-21,CARBONO,0.25,6469.41
2026-02-26 13:43,PL-CARB-0.25-191-96,CARBONO,0.25,20737.37
2026-02-26 13:43,PL-CARB-0.313-240-19,CARBONO,0.313,7332.19
2026-02-26 13:43,PL-CARB-0.313-240-19,CARBONO,0.313,7822.96
2026-02-26 13:43,PL-CARB-0.313-240-19,CARBONO,0.313,7300.38
2026-02-26 13:43,PL-CARB-0.313-240-19,CARBONO,0.313,5800.82
2026-02-26 13:43,PL-CARB-0.313-40-48,CARBONO,0.313,3309.32
2026-02-26 13:43,PL-CARB-0.313-40-48,CARBONO,0.313,3309.32
2026-02-26 13:43,PL-CARB-0.313-40-48,CARBONO,0.313,3309.32
2026-02-26 13:43,PL-CARB-0.313-40-48,CARBONO,0.313,3309.32
2026-02-26 13:45,PL-CARB-0.375-240-25,CARBONO,0.375,9395.29
2026-02-26 13:45,PL-CARB-0.375-240-25,CARBONO,0.375,9395.29
2026-02-26 13:45,PL-CARB-0.375-240-25,CARBONO,0.375,9395.29
2026-02-26 13:45,PL-CARB-0.375-34-72,CARBONO,0.375,3635.29
2026-02-26 13:45,PL-CARB-0.25-240-19,CARBONO,0.25,11331.93
2026-02-26 13:45,PL-CARB-0.25-240-19,CARBONO,0.25,11331.93
2026-02-26 13:45,PL-CARB-0.25-240-19,CARBONO,0.25,10629.36
2026-02-26 13:45,PL-CARB-0.25-240-23,CARBONO,0.25,8069.47
2026-02-26 13:45,PL-CARB-0.25-139-96,CARBONO,0.25,18434.74
2026-02-26 13:45,PL-CARB-0.313-240-19,CARBONO,0.313,7332.19
2026-02-26 13:45,PL-CARB-0.313-240-19,CARBONO,0.313,7332.19
2026-02-26 13:46,PL-CARB-0.313-240-19,CARBONO,0.313,7577.58
2026-02-26 13:46,PL-CARB-0.313-240-19,CARBONO,0.313,8068.35
2026-02-26 13:46,PL-CARB-0.313-240-19,CARBONO,0.313,8068.35
2026-02-26 13:46,PL-CARB-0.313-240-19,CARBONO,0.313,6532.42
2026-02-26 13:46,PL-CARB-0.313-240-19,CARBONO,0.313,5782.64
2026-02-26 13:46,PL-CARB-0.313-240-19,CARBONO,0.313,5819.01
2026-02-26 13:46,PL-CARB-0.313-240-16,CARBONO,0.313,8335.95
2026-02-26 13:46,PL-CARB-0.313-40-48,CARBONO,0.313,3309.32
2026-02-26 13:46,PL-CARB-0.313-40-48,CARBONO,0.313,3309.32
2026-02-26 13:47,PL-CARB-0.375-34-72,CARBONO,0.375,3635.29
2026-02-26 13:47,PL-CARB-0.25-240-9,CARBONO,0.25,4291.99
2026-02-26 13:47,PL-CARB-0.25-191-96,CARBONO,0.25,20737.37
2026-02-26 13:47,PL-CARB-0.313-240-19,CARBONO,0.313,7577.58
2026-02-26 13:47,PL-CARB-0.313-240-19,CARBONO,0.313,6550.6
2026-02-26 13:47,PL-CARB-0.313-40-48,CARBONO,0.313,3309.32
2026-02-26 13:47,PL-CARB-0.313-40-48,CARBONO,0.313,3309.32
2026-02-26 13:47,PL-CARB-0.375-240-25,CARBONO,0.375,9395.29
2026-02-26 13:47,PL-CARB-0.375-20-72,CARBONO,0.375,1817.65
2026-02-26 13:47,PL-CARB-0.25-240-19,CARBONO,0.25,11331.93
2026-02-26 13:47,PL-CARB-0.25-240-47,CARBONO,0.25,16132.1
2026-02-26 13:47,PL-CARB-0.313-240-19,CARBONO,0.313,7332.19
2026-02-26 13:47,PL-CARB-0.313-240-19,CARBONO,0.313,8068.35
2026-02-26 13:47,PL-CARB-0.313-240-19,CARBONO,0.313,5791.73
2026-02-26 13:47,PL-CARB-0.313-40-48,CARBONO,0.313,3309.32
2026-02-26 13:47,PL-CARB-0.313-40-48,CARBONO,0.313,3309.32
2026-02-26 13:47,PL-CARB-0.313-40-48,CARBONO,0.313,3309.32
2026-02-26 13:47,PL-CARB-0.375-240-25,CARBONO,0.375,9395.29
2026-02-26 13:47,PL-CARB-0.375-34-72,CARBONO,0.375,3635.29
2026-02-26 13:47,PL-CARB-0.25-240-19,CARBONO,0.25,11331.93
2026-02-26 13:47,PL-CARB-0.25-240-21,CARBONO,0.25,6469.41
2026-02-26 13:47,PL-CARB-0.25-191-96,CARBONO,0.25,20737.37
2026-02-26 13:47,PL-CARB-0.313-240-19,CARBONO,0.313,7332.19
2026-02-26 13:47,PL-CARB-0.313-240-19,CARBONO,0.313,7822.96
2026-02-26 13:47,PL-CARB-0.313-240-19,CARBONO,0.313,7300.38
2026-02-26 13:47,PL-CARB-0.313-240-19,CARBONO,0.313,5800.82
2026-02-26 13:47,PL-CARB-0.313-40-48,CARBONO,0.313,3309.32
2026-02-26 13:47,PL-CARB-0.313-40-48,CARBONO,0.313,3309.32
2026-02-26 13:47,PL-CARB-0.313-40-48,CARBONO,0.313,3309.32
2026-02-26 13:47,PL-CARB-0.313-40-48,CARBONO,0.313,3309.32
2026-02-26 13:56,PL-CARB-0.375-240-25,CARBONO,0.375,9395.29
2026-02-26 13:56,PL-CARB-0.375-240-25,CARBONO,0.375,9395.29
2026-02-26 13:56,PL-CARB-0.375-240-25,CARBONO,0.375,9395.29
2026-02-26 13:56,PL-CARB-0.375-34-72,CARBONO,0.375,3635.29
2026-02-26 13:56,PL-CARB-0.25-240-19,CARBONO,0.25,11331.93
2026-02-26 13:56,PL-CARB-0.25-240-19,CARBONO,0.25,11331.93
2026-02-26 13:56,PL-CARB-0.25-240-19,CARBONO,0.25,10629.36
2026-02-26 13:56,PL-CARB-0.25-240-23,CARBONO,0.25,8069.47
2026-02-26 13:56,PL-CARB-0.25-139-96,CARBONO,0.25,18434.74
2026-02-26 13:56,PL-CARB-0.313-240-19,CARBONO,0.313,7332.19
2026-02-26 13:56,PL-CARB-0.313-240-19,CARBONO,0.313,7332.19
2026-02-26 13:57,PL-CARB-0.313-240-19,CARBONO,0.313,7577.58
2026-02-26 13:57,PL-CARB-0.313-240-19,CARBONO,0.313,8068.35
2026-02-26 13:57,PL-CARB-0.313-240-19,CARBONO,0.313,8068.35
2026-02-26 13:57,PL-CARB-0.313-240-19,CARBONO,0.313,6532.42
2026-02-26 13:57,PL-CARB-0.313-240-19,CARBONO,0.313,5782.64
2026-02-26 13:57,PL-CARB-0.313-240-19,CARBONO,0.313,5819.01
2026-02-26 13:57,PL-CARB-0.313-240-16,CARBONO,0.313,8335.95
2026-02-26 13:57,PL-CARB-0.313-40-48,CARBONO,0.313,3309.32
2026-02-26 13:57,PL-CARB-0.313-40-48,CARBONO,0.313,3309.32
2026-02-26 13:57,PL-CARB-0.375-34-72,CARBONO,0.375,3635.29
2026-02-26 13:57,PL-CARB-0.25-240-9,CARBONO,0.25,4291.99
2026-02-26 13:57,PL-CARB-0.25-191-96,CARBONO,0.25,20737.37
2026-02-26 13:58,PL-CARB-0.313-240-19,CARBONO,0.313,7577.58
2026-02-26 13:58,PL-CARB-0.313-240-19,CARBONO,0.313,6550.6
2026-02-26 13:58,PL-CARB-0.313-40-48,CARBONO,0.313,3309.32
2026-02-26 13:58,PL-CARB-0.313-40-48,CARBONO,0.313,3309.32
2026-02-26 13:58,PL-CARB-0.375-240-25,CARBONO,0.375,9395.29
2026-02-26 13:58,PL-CARB-0.375-20-72,CARBONO,0.375,1817.65
2026-02-26 13:58,PL-CARB-0.25-240-19,CARBONO,0.25,11331.93
2026-02-26 13:58,PL-CARB-0.25-240-47,CARBONO,0.25,16132.1
2026-02-26 13:58,PL-CARB-0.313-240-19,CARBONO,0.313,7332.19
2026-02-26 13:58,PL-CARB-0.313-240-19,CARBONO,0.313,8068.35
2026-02-26 13:58,PL-CARB-0.313-240-19,CARBONO,0.313,5791.73
2026-02-26 13:58,PL-CARB-0.313-40-48,CARBONO,0.313,3309.32
2026-02-26 13:58,PL-CARB-0.313-40-48,CARBONO,0.313,3309.32
2026-02-26 13:58,PL-CARB-0.313-40-48,CARBONO,0.313,3309.32
2026-02-26 13:58,PL-CARB-0.375-240-25,CARBONO,0.375,9395.29
2026-02-26 13:58,PL-CARB-0.375-34-72,CARBONO,0.375,3635.29
2026-02-26 13:58,PL-CARB-0.25-240-19,CARBONO,0.25,11331.93
2026-02-26 13:58,PL-CARB-0.25-240-21,CARBONO,0.25,6469.41
2026-02-26 13:58,PL-CARB-0.25-191-96,CARBONO,0.25,20737.37
2026-02-26 13:58,PL-CARB-0.313-240-19,CARBONO,0.313,7332.19
2026-02-26 13:58,PL-CARB-0.313-240-19,CARBONO,0.313,7822.96
2026-02-26 13:58,PL-CARB-0.313-240-19,CARBONO,0.313,7300.38
2026-02-26 13:58,PL-CARB-0.313-240-19,CARBONO,0.313,5800.82
2026-02-26 13:58,PL-CARB-0.313-40-48,CARBONO,0.313,3309.32
2026-02-26 13:58,PL-CARB-0.313-40-48,CARBONO,0.313,3309.32
2026-02-26 13:58,PL-CARB-0.313-40-48,CARBONO,0.313,3309.32
2026-02-26 13:58,PL-CARB-0.313-40-48,CARBONO,0.313,3309.32
2026-02-26 14:12,PL-CARB-0.375-240-25,CARBONO,0.375,9395.29
2026-02-26 14:12,PL-CARB-0.375-240-25,CARBONO,0.375,9395.29
2026-02-26 14:12,PL-CARB-0.375-240-25,CARBONO,0.375,9395.29
2026-02-26 14:12,PL-CARB-0.375-34-72,CARBONO,0.375,3635.29
2026-02-26 14:12,PL-CARB-0.25-240-19,CARBONO,0.25,11331.93
2026-02-26 14:12,PL-CARB-0.25-240-19,CARBONO,0.25,11331.93
2026-02-26 14:12,PL-CARB-0.25-240-19,CARBONO,0.25,10629.36
2026-02-26 14:12,PL-CARB-0.25-240-23,CARBONO,0.25,8069.47
2026-02-26 14:12,PL-CARB-0.25-139-96,CARBONO,0.25,18434.74
2026-02-26 14:12,PL-CARB-0.313-240-19,CARBONO,0.313,7332.19
2026-02-26 14:12,PL-CARB-0.313-240-19,CARBONO,0.313,7332.19
2026-02-26 14:12,PL-CARB-0.313-240-19,CARBONO,0.313,7577.58
2026-02-26 14:12,PL-CARB-0.313-240-19,CARBONO,0.313,8068.35
2026-02-26 14:13,PL-CARB-0.313-240-19,CARBONO,0.313,8068.35
2026-02-26 14:13,PL-CARB-0.313-240-19,CARBONO,0.313,6532.42
2026-02-26 14:13,PL-CARB-0.313-240-19,CARBONO,0.313,5782.64
2026-02-26 14:13,PL-CARB-0.313-240-19,CARBONO,0.313,5819.01
2026-02-26 14:13,PL-CARB-0.313-240-16,CARBONO,0.313,8335.95
2026-02-26 14:13,PL-CARB-0.313-40-48,CARBONO,0.313,3309.32
2026-02-26 14:13,PL-CARB-0.313-40-48,CARBONO,0.313,3309.32
2026-02-26 14:13,PL-CARB-0.375-34-72,CARBONO,0.375,3635.29
2026-02-26 14:13,PL-CARB-0.25-240-9,CARBONO,0.25,4291.99
2026-02-26 14:13,PL-CARB-0.25-191-96,CARBONO,0.25,20737.37
2026-02-26 14:13,PL-CARB-0.313-240-19,CARBONO,0.313,7577.58
2026-02-26 14:13,PL-CARB-0.313-240-19,CARBONO,0.313,6550.6
2026-02-26 14:13,PL-CARB-0.313-40-48,CARBONO,0.313,3309.32
2026-02-26 14:13,PL-CARB-0.313-40-48,CARBONO,0.313,3309.32
2026-02-26 14:13,PL-CARB-0.375-240-25,CARBONO,0.375,9395.29
2026-02-26 14:13,PL-CARB-0.375-20-72,CARBONO,0.375,1817.65
2026-02-26 14:13,PL-CARB-0.25-240-19,CARBONO,0.25,11331.93
2026-02-26 14:13,PL-CARB-0.25-240-47,CARBONO,0.25,16132.1
2026-02-26 14:13,PL-CARB-0.313-240-19,CARBONO,0.313,7332.19
2026-02-26 14:13,PL-CARB-0.313-240-19,CARBONO,0.313,8068.35
2026-02-26 14:13,PL-CARB-0.313-240-19,CARBONO,0.313,5791.73
2026-02-26 14:13,PL-CARB-0.313-40-48,CARBONO,0.313,3309.32
2026-02-26 14:13,PL-CARB-0.313-40-48,CARBONO,0.313,3309.32
2026-02-26 14:13,PL-CARB-0.313-40-48,CARBONO,0.313,3309.32
2026-02-26 14:13,PL-CARB-0.375-240-25,CARBONO,0.375,9395.29
2026-02-26 14:13,PL-CARB-0.375-34-72,CARBONO,0.375,3635.29
2026-02-26 14:13,PL-CARB-0.25-240-19,CARBONO,0.25,11331.93
2026-02-26 14:13,PL-CARB-0.25-240-21,CARBONO,0.25,6469.41
2026-02-26 14:13,PL-CARB-0.25-191-96,CARBONO,0.25,20737.37
2026-02-26 14:13,PL-CARB-0.313-240-19,CARBONO,0.313,7332.19
2026-02-26 14:13,PL-CARB-0.313-240-19,CARBONO,0.313,7822.96
2026-02-26 14:14,PL-CARB-0.313-240-19,CARBONO,0.313,7300.38
2026-02-26 14:14,PL-CARB-0.313-240-19,CARBONO,0.313,5800.82
2026-02-26 14:14,PL-CARB-0.313-40-48,CARBONO,0.313,3309.32
2026-02-26 14:14,PL-CARB-0.313-40-48,CARBONO,0.313,3309.32
2026-02-26 14:14,PL-CARB-0.313-40-48,CARBONO,0.313,3309.32
2026-02-26 14:14,PL-CARB-0.313-40-48,CARBONO,0.313,3309.32
2026-02-26 14:17,PL-CARB-0.375-240-25,CARBONO,0.375,9395.29
2026-02-26 14:17,PL-CARB-0.375-240-25,CARBONO,0.375,9395.29
2026-02-26 14:17,PL-CARB-0.375-240-25,CARBONO,0.375,9395.29
2026-02-26 14:17,PL-CARB-0.375-34-72,CARBONO,0.375,3635.29
2026-02-26 14:17,PL-CARB-0.25-240-19,CARBONO,0.25,11331.93
2026-02-26 14:17,PL-CARB-0.25-240-19,CARBONO,0.25,11331.93
2026-02-26 14:17,PL-CARB-0.25-240-19,CARBONO,0.25,10629.36
2026-02-26 14:17,PL-CARB-0.25-240-23,CARBONO,0.25,8069.47
2026-02-26 14:17,PL-CARB-0.25-139-96,CARBONO,0.25,18434.74
2026-02-26 14:17,PL-CARB-0.313-240-19,CARBONO,0.313,7332.19
2026-02-26 14:17,PL-CARB-0.313-240-19,CARBONO,0.313,7332.19
2026-02-26 14:17,PL-CARB-0.313-240-19,CARBONO,0.313,7577.58
2026-02-26 14:17,PL-CARB-0.313-240-19,CARBONO,0.313,8068.35
2026-02-26 14:18,PL-CARB-0.313-240-19,CARBONO,0.313,8068.35
2026-02-26 14:18,PL-CARB-0.313-240-19,CARBONO,0.313,6532.42
2026-02-26 14:18,PL-CARB-0.313-240-19,CARBONO,0.313,5782.64
2026-02-26 14:18,PL-CARB-0.313-240-19,CARBONO,0.313,5819.01
2026-02-26 14:18,PL-CARB-0.313-240-16,CARBONO,0.313,8335.95
2026-02-26 14:18,PL-CARB-0.313-40-48,CARBONO,0.313,3309.32
2026-02-26 14:18,PL-CARB-0.313-40-48,CARBONO,0.313,3309.32
2026-02-26 14:18,PL-CARB-0.375-34-72,CARBONO,0.375,3635.29
2026-02-26 14:18,PL-CARB-0.25-240-9,CARBONO,0.25,4291.99
2026-02-26 14:18,PL-CARB-0.25-191-96,CARBONO,0.25,20737.37
2026-02-26 14:18,PL-CARB-0.313-240-19,CARBONO,0.313,7577.58
2026-02-26 14:18,PL-CARB-0.313-240-19,CARBONO,0.313,6550.6
2026-02-26 14:18,PL-CARB-0.313-40-48,CARBONO,0.313,3309.32
2026-02-26 14:18,PL-CARB-0.313-40-48,CARBONO,0.313,3309.32
2026-02-26 14:18,PL-CARB-0.375-240-25,CARBONO,0.375,9395.29
2026-02-26 14:18,PL-CARB-0.375-20-72,CARBONO,0.375,1817.65
2026-02-26 14:18,PL-CARB-0.25-240-19,CARBONO,0.25,11331.93
2026-02-26 14:18,PL-CARB-0.25-240-47,CARBONO,0.25,16132.1
2026-02-26 14:18,PL-CARB-0.313-240-19,CARBONO,0.313,7332.19
2026-02-26 14:18,PL-CARB-0.313-240-19,CARBONO,0.313,8068.35
2026-02-26 14:18,PL-CARB-0.313-240-19,CARBONO,0.313,5791.73
2026-02-26 14:18,PL-CARB-0.313-40-48,CARBONO,0.313,3309.32
2026-02-26 14:18,PL-CARB-0.313-40-48,CARBONO,0.313,3309.32
2026-02-26 14:18,PL-CARB-0.313-40-48,CARBONO,0.313,3309.32
2026-02-26 14:18,PL-CARB-0.375-240-25,CARBONO,0.375,9395.29
2026-02-26 14:18,PL-CARB-0.375-34-72,CARBONO,0.375,3635.29
2026-02-26 14:18,PL-CARB-0.25-240-19,CARBONO,0.25,11331.93
2026-02-26 14:18,PL-CARB-0.25-240-21,CARBONO,0.25,6469.41
2026-02-26 14:18,PL-CARB-0.25-191-96,CARBONO,0.25,20737.37
2026-02-26 14:18,PL-CARB-0.313-240-19,CARBONO,0.313,7332.19
2026-02-26 14:18,PL-CARB-0.313-240-19,CARBONO,0.313,7822.96
2026-02-26 14:19,PL-CARB-0.313-240-19,CARBONO,0.313,7300.38
2026-02-26 14:19,PL-CARB-0.313-240-19,CARBONO,0.313,5800.82
2026-02-26 14:19,PL-CARB-0.313-40-48,CARBONO,0.313,3309.32
2026-02-26 14:19,PL-CARB-0.313-40-48,CARBONO,0.313,3309.32
2026-02-26 14:19,PL-CARB-0.313-40-48,CARBONO,0.313,3309.32
2026-02-26 14:19,PL-CARB-0.313-40-48,CARBONO,0.313,3309.32
2026-02-26 14:24,PL-CARB-0.375-240-25,CARBONO,0.375,9395.29
2026-02-26 14:24,PL-CARB-0.375-240-25,CARBONO,0.375,9395.29
2026-02-26 14:24,PL-CARB-0.375-240-25,CARBONO,0.375,9395.29
2026-02-26 14:24,PL-CARB-0.375-34-72,CARBONO,0.375,3635.29
2026-02-26 14:24,PL-CARB-0.25-240-19,CARBONO,0.25,11331.93
2026-02-26 14:24,PL-CARB-0.25-240-19,CARBONO,0.25,11331.93
2026-02-26 14:24,PL-CARB-0.25-240-19,CARBONO,0.25,10629.36
2026-02-26 14:24,PL-CARB-0.25-240-23,CARBONO,0.25,8069.47
2026-02-26 14:24,PL-CARB-0.25-139-96,CARBONO,0.25,18434.74
2026-02-26 14:24,PL-CARB-0.313-240-19,CARBONO,0.313,7332.19
2026-02-26 14:24,PL-CARB-0.313-240-19,CARBONO,0.313,7332.19
2026-02-26 14:24,PL-CARB-0.313-240-19,CARBONO,0.313,7577.58
2026-02-26 14:24,PL-CARB-0.313-240-19,CARBONO,0.313,8068.35
2026-02-26 14:24,PL-CARB-0.313-240-19,CARBONO,0.313,8068.35
2026-02-26 14:25,PL-CARB-0.313-240-19,CARBONO,0.313,6532.42
2026-02-26 14:25,PL-CARB-0.313-240-19,CARBONO,0.313,5782.64
2026-02-26 14:25,PL-CARB-0.313-240-19,CARBONO,0.313,5819.01
2026-02-26 14:25,PL-CARB-0.313-240-16,CARBONO,0.313,8335.95
2026-02-26 14:25,PL-CARB-0.313-40-48,CARBONO,0.313,3309.32
2026-02-26 14:25,PL-CARB-0.313-40-48,CARBONO,0.313,3309.32
2026-02-26 14:25,PL-CARB-0.375-34-72,CARBONO,0.375,3635.29
2026-02-26 14:25,PL-CARB-0.25-240-9,CARBONO,0.25,4291.99
2026-02-26 14:25,PL-CARB-0.25-191-96,CARBONO,0.25,20737.37
2026-02-26 14:25,PL-CARB-0.313-240-19,CARBONO,0.313,7577.58
2026-02-26 14:25,PL-CARB-0.313-240-19,CARBONO,0.313,6550.6
2026-02-26 14:25,PL-CARB-0.313-40-48,CARBONO,0.313,3309.32
2026-02-26 14:25,PL-CARB-0.313-40-48,CARBONO,0.313,3309.32
2026-02-26 14:25,PL-CARB-0.375-240-25,CARBONO,0.375,9395.29
2026-02-26 14:25,PL-CARB-0.375-20-72,CARBONO,0.375,1817.65
2026-02-26 14:25,PL-CARB-0.25-240-19,CARBONO,0.25,11331.93
2026-02-26 14:25,PL-CARB-0.25-240-47,CARBONO,0.25,16132.1
2026-02-26 14:25,PL-CARB-0.313-240-19,CARBONO,0.313,7332.19
2026-02-26 14:25,PL-CARB-0.313-240-19,CARBONO,0.313,8068.35
2026-02-26 14:25,PL-CARB-0.313-240-19,CARBONO,0.313,5791.73
2026-02-26 14:25,PL-CARB-0.313-40-48,CARBONO,0.313,3309.32
2026-02-26 14:25,PL-CARB-0.313-40-48,CARBONO,0.313,3309.32
2026-02-26 14:25,PL-CARB-0.313-40-48,CARBONO,0.313,3309.32
2026-02-26 14:25,PL-CARB-0.375-240-25,CARBONO,0.375,9395.29
2026-02-26 14:25,PL-CARB-0.375-34-72,CARBONO,0.375,3635.29
2026-02-26 14:25,PL-CARB-0.25-240-19,CARBONO,0.25,11331.93
2026-02-26 14:25,PL-CARB-0.25-240-21,CARBONO,0.25,6469.41
2026-02-26 14:25,PL-CARB-0.25-191-96,CARBONO,0.25,20737.37
2026-02-26 14:25,PL-CARB-0.313-240-19,CARBONO,0.313,7332.19
2026-02-26 14:25,PL-CARB-0.313-240-19,CARBONO,0.313,7822.96
2026-02-26 14:25,PL-CARB-0.313-240-19,CARBONO,0.313,7300.38
2026-02-26 14:25,PL-CARB-0.313-240-19,CARBONO,0.313,5800.82
2026-02-26 14:26,PL-CARB-0.313-40-48,CARBONO,0.313,3309.32
2026-02-26 14:26,PL-CARB-0.313-40-48,CARBONO,0.313,3309.32
2026-02-26 14:26,PL-CARB-0.313-40-48,CARBONO,0.313,3309.32
2026-02-26 14:26,PL-CARB-0.313-40-48,CARBONO,0.313,3309.32
2026-02-26 14:36,PL-CARB-0.375-240-25,CARBONO,0.375,9395.29
2026-02-26 14:36,PL-CARB-0.375-240-25,CARBONO,0.375,9395.29
2026-02-26 14:36,PL-CARB-0.375-240-25,CARBONO,0.375,9395.29
2026-02-26 14:36,PL-CARB-0.375-34-72,CARBONO,0.375,3635.29
2026-02-26 14:36,PL-CARB-0.25-240-19,CARBONO,0.25,11331.93
2026-02-26 14:36,PL-CARB-0.25-240-19,CARBONO,0.25,11331.93
2026-02-26 14:36,PL-CARB-0.25-240-19,CARBONO,0.25,10629.36
2026-02-26 14:36,PL-CARB-0.25-240-23,CARBONO,0.25,8069.47
2026-02-26 14:36,PL-CARB-0.25-139-96,CARBONO,0.25,18434.74
2026-02-26 14:36,PL-CARB-0.313-240-19,CARBONO,0.313,7332.19
2026-02-26 14:36,PL-CARB-0.313-240-19,CARBONO,0.313,7332.19
2026-02-26 14:36,PL-CARB-0.313-240-19,CARBONO,0.313,7577.58
2026-02-26 14:37,PL-CARB-0.313-240-19,CARBONO,0.313,8068.35
2026-02-26 14:37,PL-CARB-0.313-240-19,CARBONO,0.313,8068.35
2026-02-26 14:37,PL-CARB-0.313-240-19,CARBONO,0.313,6532.42
2026-02-26 14:37,PL-CARB-0.313-240-19,CARBONO,0.313,5782.64
2026-02-26 14:37,PL-CARB-0.313-240-19,CARBONO,0.313,5819.01
2026-02-26 14:37,PL-CARB-0.313-240-16,CARBONO,0.313,8335.95
2026-02-26 14:37,PL-CARB-0.313-40-48,CARBONO,0.313,3309.32
2026-02-26 14:37,PL-CARB-0.313-40-48,CARBONO,0.313,3309.32
2026-02-26 14:37,PL-CARB-0.375-34-72,CARBONO,0.375,3635.29
2026-02-26 14:37,PL-CARB-0.25-240-9,CARBONO,0.25,4291.99
2026-02-26 14:37,PL-CARB-0.25-191-96,CARBONO,0.25,20737.37
2026-02-26 14:37,PL-CARB-0.313-240-19,CARBONO,0.313,7577.58
2026-02-26 14:37,PL-CARB-0.313-240-19,CARBONO,0.313,6550.6
2026-02-26 14:37,PL-CARB-0.313-40-48,CARBONO,0.313,3309.32
2026-02-26 14:37,PL-CARB-0.313-40-48,CARBONO,0.313,3309.32
2026-02-26 14:37,PL-CARB-0.375-240-25,CARBONO,0.375,9395.29
2026-02-26 14:37,PL-CARB-0.375-20-72,CARBONO,0.375,1817.65
2026-02-26 14:37,PL-CARB-0.25-240-19,CARBONO,0.25,11331.93
2026-02-26 14:37,PL-CARB-0.25-240-47,CARBONO,0.25,16132.1
2026-02-26 14:37,PL-CARB-0.313-240-19,CARBONO,0.313,7332.19
2026-02-26 14:38,PL-CARB-0.313-240-19,CARBONO,0.313,8068.35
2026-02-26 14:38,PL-CARB-0.313-240-19,CARBONO,0.313,5791.73
2026-02-26 14:38,PL-CARB-0.313-40-48,CARBONO,0.313,3309.32
2026-02-26 14:38,PL-CARB-0.313-40-48,CARBONO,0.313,3309.32
2026-02-26 14:38,PL-CARB-0.313-40-48,CARBONO,0.313,3309.32
2026-02-26 14:38,PL-CARB-0.375-240-25,CARBONO,0.375,9395.29
2026-02-26 14:38,PL-CARB-0.375-34-72,CARBONO,0.375,3635.29
2026-02-26 14:38,PL-CARB-0.25-240-19,CARBONO,0.25,11331.93
2026-02-26 14:38,PL-CARB-0.25-240-21,CARBONO,0.25,6469.41
2026-02-26 14:38,PL-CARB-0.25-191-96,CARBONO,0.25,20737.37
2026-02-26 14:38,PL-CARB-0.313-240-19,CARBONO,0.313,7332.19
2026-02-26 14:38,PL-CARB-0.313-240-19,CARBONO,0.313,7822.96
2026-02-26 14:38,PL-CARB-0.313-240-19,CARBONO,0.313,7300.38
2026-02-26 14:38,PL-CARB-0.313-240-19,CARBONO,0.313,5800.82
2026-02-26 14:38,PL-CARB-0.313-40-48,CARBONO,0.313,3309.32
2026-02-26 14:38,PL-CARB-0.313-40-48,CARBONO,0.313,3309.32
2026-02-26 14:38,PL-CARB-0.313-40-48,CARBONO,0.313,3309.32
2026-02-26 14:38,PL-CARB-0.313-40-48,CARBONO,0.313,3309.32
2026-02-26 14:53,PL-CARB-0.375-240-25,CARBONO,0.375,9395.29
2026-02-26 14:53,PL-CARB-0.375-240-25,CARBONO,0.375,9395.29
2026-02-26 14:53,PL-CARB-0.375-240-25,CARBONO,0.375,9395.29
2026-02-26 14:53,PL-CARB-0.375-34-72,CARBONO,0.375,3635.29
2026-02-26 14:53,PL-CARB-0.25-240-19,CARBONO,0.25,11331.93
2026-02-26 14:53,PL-CARB-0.25-240-19,CARBONO,0.25,11331.93
2026-02-26 14:53,PL-CARB-0.25-240-19,CARBONO,0.25,10629.36
2026-02-26 14:53,PL-CARB-0.25-240-23,CARBONO,0.25,8069.47
2026-02-26 14:53,PL-CARB-0.25-139-96,CARBONO,0.25,18434.74
2026-02-26 14:53,PL-CARB-0.313-240-19,CARBONO,0.313,7332.19
2026-02-26 14:53,PL-CARB-0.313-240-19,CARBONO,0.313,7332.19
2026-02-26 14:54,PL-CARB-0.313-240-19,CARBONO,0.313,7577.58
2026-02-26 14:54,PL-CARB-0.313-240-19,CARBONO,0.313,8068.35
2026-02-26 14:54,PL-CARB-0.313-240-19,CARBONO,0.313,8068.35
2026-02-26 14:54,PL-CARB-0.313-240-19,CARBONO,0.313,6532.42
2026-02-26 14:54,PL-CARB-0.313-240-19,CARBONO,0.313,5782.64
2026-02-26 14:54,PL-CARB-0.313-240-19,CARBONO,0.313,5819.01
2026-02-26 14:54,PL-CARB-0.313-240-16,CARBONO,0.313,8335.95
2026-02-26 14:54,PL-CARB-0.313-40-48,CARBONO,0.313,3309.32
2026-02-26 14:54,PL-CARB-0.313-40-48,CARBONO,0.313,3309.32
2026-02-26 14:54,PL-CARB-0.375-34-72,CARBONO,0.375,3635.29
2026-02-26 14:54,PL-CARB-0.25-240-9,CARBONO,0.25,4291.99
2026-02-26 14:54,PL-CARB-0.25-191-96,CARBONO,0.25,20737.37
2026-02-26 14:54,PL-CARB-0.313-240-19,CARBONO,0.313,7577.58
2026-02-26 14:54,PL-CARB-0.313-240-19,CARBONO,0.313,6550.6
2026-02-26 14:54,PL-CARB-0.313-40-48,CARBONO,0.313,3309.32
2026-02-26 14:54,PL-CARB-0.313-40-48,CARBONO,0.313,3309.32
2026-02-26 14:54,PL-CARB-0.375-240-25,CARBONO,0.375,9395.29
2026-02-26 14:54,PL-CARB-0.375-20-72,CARBONO,0.375,1817.65
2026-02-26 14:54,PL-CARB-0.25-240-19,CARBONO,0.25,11331.93
2026-02-26 14:54,PL-CARB-0.25-240-47,CARBONO,0.25,16132.1
2026-02-26 14:54,PL-CARB-0.313-240-19,CARBONO,0.313,7332.19
2026-02-26 14:55,PL-CARB-0.313-240-19,CARBONO,0.313,8068.35
2026-02-26 14:55,PL-CARB-0.313-240-19,CARBONO,0.313,5791.73
2026-02-26 14:55,PL-CARB-0.313-40-48,CARBONO,0.313,3309.32
2026-02-26 14:55,PL-CARB-0.313-40-48,CARBONO,0.313,3309.32
2026-02-26 14:55,PL-CARB-0.313-40-48,CARBONO,0.313,3309.32
2026-02-26 14:55,PL-CARB-0.375-240-25,CARBONO,0.375,9395.29
2026-02-26 14:55,PL-CARB-0.375-34-72,CARBONO,0.375,3635.29
2026-02-26 14:55,PL-CARB-0.25-240-19,CARBONO,0.25,11331.93
2026-02-26 14:55,PL-CARB-0.25-240-21,CARBONO,0.25,6469.41
2026-02-26 14:55,PL-CARB-0.25-191-96,CARBONO,0.25,20737.37
2026-02-26 14:55,PL-CARB-0.313-240-19,CARBONO,0.313,7332.19
2026-02-26 14:55,PL-CARB-0.313-240-19,CARBONO,0.313,7822.96
2026-02-26 14:55,PL-CARB-0.313-240-19,CARBONO,0.313,7300.38
2026-02-26 14:55,PL-CARB-0.313-240-19,CARBONO,0.313,5800.82
2026-02-26 14:55,PL-CARB-0.313-40-48,CARBONO,0.313,3309.32
2026-02-26 14:55,PL-CARB-0.313-40-48,CARBONO,0.313,3309.32
2026-02-26 14:55,PL-CARB-0.313-40-48,CARBONO,0.313,3309.32
2026-02-26 14:55,PL-CARB-0.313-40-48,CARBONO,0.313,3309.32
2026-02-26 15:52,PL-CARB-0.375-34-72,CARBONO,0.375,3635.29
2026-02-26 15:52,PL-CARB-0.25-240-9,CARBONO,0.25,4291.99
2026-02-26 15:52,PL-CARB-0.25-191-96,CARBONO,0.25,20737.37
2026-02-26 15:52,PL-CARB-0.313-240-19,CARBONO,0.313,7577.58
2026-02-26 15:52,PL-CARB-0.313-240-19,CARBONO,0.313,6550.6
2026-02-26 15:52,PL-CARB-0.313-40-48,CARBONO,0.313,3309.32
2026-02-26 15:52,PL-CARB-0.313-40-48,CARBONO,0.313,3309.32
2026-02-26 16:41,PL-CARB-0.375-240-25,CARBONO,0.375,9395.29
2026-02-26 16:41,PL-CARB-0.375-240-25,CARBONO,0.375,9395.29
2026-02-26 16:41,PL-CARB-0.375-240-25,CARBONO,0.375,9395.29
2026-02-26 16:41,PL-CARB-0.375-34-72,CARBONO,0.375,3635.29
2026-02-26 16:41,PL-CARB-0.25-240-19,CARBONO,0.25,11331.93
2026-02-26 16:41,PL-CARB-0.25-240-19,CARBONO,0.25,11331.93
2026-02-26 16:41,PL-CARB-0.25-240-19,CARBONO,0.25,10629.36
2026-02-26 16:41,PL-CARB-0.25-240-23,CARBONO,0.25,8069.47
2026-02-26 16:41,PL-CARB-0.25-139-96,CARBONO,0.25,18434.74
2026-02-26 16:42,PL-CARB-0.313-240-19,CARBONO,0.313,7332.19
2026-02-26 16:42,PL-CARB-0.313-240-19,CARBONO,0.313,7332.19
2026-02-26 16:42,PL-CARB-0.313-240-19,CARBONO,0.313,7577.58
2026-02-26 16:42,PL-CARB-0.313-240-19,CARBONO,0.313,8068.35
2026-02-26 16:42,PL-CARB-0.313-240-19,CARBONO,0.313,8068.35
2026-02-26 16:42,PL-CARB-0.313-240-19,CARBONO,0.313,6532.42
2026-02-26 16:42,PL-CARB-0.313-240-19,CARBONO,0.313,5782.64
2026-02-26 16:43,PL-CARB-0.313-240-19,CARBONO,0.313,5819.01
2026-02-26 16:43,PL-CARB-0.313-240-16,CARBONO,0.313,8335.95
2026-02-26 16:43,PL-CARB-0.313-40-48,CARBONO,0.313,3309.32
2026-02-26 16:43,PL-CARB-0.313-40-48,CARBONO,0.313,3309.32
2026-02-26 16:43,PL-CARB-0.375-34-72,CARBONO,0.375,3635.29
2026-02-26 16:43,PL-CARB-0.25-240-9,CARBONO,0.25,4291.99
2026-02-26 16:43,PL-CARB-0.25-191-96,CARBONO,0.25,20737.37
2026-02-26 16:43,PL-CARB-0.313-240-19,CARBONO,0.313,7577.58
2026-02-26 16:43,PL-CARB-0.313-240-19,CARBONO,0.313,6550.6
2026-02-26 16:43,PL-CARB-0.313-40-48,CARBONO,0.313,3309.32
2026-02-26 16:43,PL-CARB-0.313-40-48,CARBONO,0.313,3309.32
2026-02-26 16:43,PL-CARB-0.375-240-25,CARBONO,0.375,9395.29
2026-02-26 16:43,PL-CARB-0.375-20-72,CARBONO,0.375,1817.65
2026-02-26 16:43,PL-CARB-0.25-240-19,CARBONO,0.25,11331.93
2026-02-26 16:43,PL-CARB-0.25-240-47,CARBONO,0.25,16132.1
2026-02-26 16:43,PL-CARB-0.313-240-19,CARBONO,0.313,7332.19
2026-02-26 16:43,PL-CARB-0.313-240-19,CARBONO,0.313,8068.35
2026-02-26 16:43,PL-CARB-0.313-240-19,CARBONO,0.313,5791.73
2026-02-26 16:43,PL-CARB-0.313-40-48,CARBONO,0.313,3309.32
2026-02-26 16:43,PL-CARB-0.313-40-48,CARBONO,0.313,3309.32
2026-02-26 16:43,PL-CARB-0.313-40-48,CARBONO,0.313,3309.32
2026-02-26 16:43,PL-CARB-0.375-240-25,CARBONO,0.375,9395.29
2026-02-26 16:43,PL-CARB-0.375-34-72,CARBONO,0.375,3635.29
2026-02-26 16:43,PL-CARB-0.25-240-19,CARBONO,0.25,11331.93
2026-02-26 16:43,PL-CARB-0.25-240-21,CARBONO,0.25,6469.41
2026-02-26 16:43,PL-CARB-0.25-191-96,CARBONO,0.25,20737.37
2026-02-26 16:43,PL-CARB-0.313-240-19,CARBONO,0.313,7332.19
2026-02-26 16:43,PL-CARB-0.313-240-19,CARBONO,0.313,7822.96
2026-02-26 16:43,PL-CARB-0.313-240-19,CARBONO,0.313,7300.38
2026-02-26 16:43,PL-CARB-0.313-240-19,CARBONO,0.313,5800.82
2026-02-26 16:43,PL-CARB-0.313-40-48,CARBONO,0.313,3309.32
2026-02-26 16:43,PL-CARB-0.313-40-48,CARBONO,0.313,3309.32
2026-02-26 16:43,PL-CARB-0.313-40-48,CARBONO,0.313,3309.32
2026-02-26 16:43,PL-CARB-0.313-40-48,CARBONO,0.313,3309.32
2026-02-26 16:52,PL-CARB-0.375-240-25,CARBONO,0.375,9395.29
2026-02-26 16:52,PL-CARB-0.375-240-25,CARBONO,0.375,9395.29
2026-02-26 16:52,PL-CARB-0.375-240-25,CARBONO,0.375,9395.29
2026-02-26 16:52,PL-CARB-0.375-34-72,CARBONO,0.375,3635.29
2026-02-26 16:52,PL-CARB-0.25-240-19,CARBONO,0.25,11331.93
2026-02-26 16:52,PL-CARB-0.25-240-19,CARBONO,0.25,11331.93
2026-02-26 16:52,PL-CARB-0.25-240-19,CARBONO,0.25,10629.36
2026-02-26 16:52,PL-CARB-0.25-240-23,CARBONO,0.25,8069.47
2026-02-26 16:52,PL-CARB-0.25-139-96,CARBONO,0.25,18434.74
2026-02-26 16:52,PL-CARB-0.313-240-19,CARBONO,0.313,7332.19
2026-02-26 16:52,PL-CARB-0.313-240-19,CARBONO,0.313,7332.19
2026-02-26 16:52,PL-CARB-0.313-240-19,CARBONO,0.313,7577.58
2026-02-26 16:53,PL-CARB-0.313-240-19,CARBONO,0.313,8068.35
2026-02-26 16:53,PL-CARB-0.313-240-19,CARBONO,0.313,8068.35
2026-02-26 16:53,PL-CARB-0.313-240-19,CARBONO,0.313,6532.42
2026-02-26 16:53,PL-CARB-0.313-240-19,CARBONO,0.313,5782.64
2026-02-26 16:53,PL-CARB-0.313-240-19,CARBONO,0.313,5819.01
2026-02-26 16:53,PL-CARB-0.313-240-16,CARBONO,0.313,8335.95
2026-02-26 16:53,PL-CARB-0.313-40-48,CARBONO,0.313,3309.32
2026-02-26 16:53,PL-CARB-0.313-40-48,CARBONO,0.313,3309.32
2026-02-26 16:53,PL-CARB-0.375-34-72,CARBONO,0.375,3635.29
2026-02-26 16:53,PL-CARB-0.25-240-9,CARBONO,0.25,4291.99
2026-02-26 16:53,PL-CARB-0.25-191-96,CARBONO,0.25,20737.37
2026-02-26 16:53,PL-CARB-0.313-240-19,CARBONO,0.313,7577.58
2026-02-26 16:53,PL-CARB-0.313-240-19,CARBONO,0.313,6550.6
2026-02-26 16:53,PL-CARB-0.313-40-48,CARBONO,0.313,3309.32
2026-02-26 16:53,PL-CARB-0.313-40-48,CARBONO,0.313,3309.32
2026-02-26 16:53,PL-CARB-0.375-240-25,CARBONO,0.375,9395.29
2026-02-26 16:53,PL-CARB-0.375-20-72,CARBONO,0.375,1817.65
2026-02-26 16:53,PL-CARB-0.25-240-19,CARBONO,0.25,11331.93
2026-02-26 16:53,PL-CARB-0.25-240-47,CARBONO,0.25,16132.1
2026-02-26 16:54,PL-CARB-0.313-240-19,CARBONO,0.313,7332.19
2026-02-26 16:54,PL-CARB-0.313-240-19,CARBONO,0.313,8068.35
2026-02-26 16:54,PL-CARB-0.313-240-19,CARBONO,0.313,5791.73
2026-02-26 16:54,PL-CARB-0.313-40-48,CARBONO,0.313,3309.32
2026-02-26 16:54,PL-CARB-0.313-40-48,CARBONO,0.313,3309.32
2026-02-26 16:54,PL-CARB-0.313-40-48,CARBONO,0.313,3309.32
2026-02-26 16:54,PL-CARB-0.375-240-25,CARBONO,0.375,9395.29
2026-02-26 16:54,PL-CARB-0.375-34-72,CARBONO,0.375,3635.29
2026-02-26 16:54,PL-CARB-0.25-240-19,CARBONO,0.25,11331.93
2026-02-26 16:54,PL-CARB-0.25-240-21,CARBONO,0.25,6469.41
2026-02-26 16:54,PL-CARB-0.25-191-96,CARBONO,0.25,20737.37
2026-02-26 16:54,PL-CARB-0.313-240-19,CARBONO,0.313,7332.19
2026-02-26 16:54,PL-CARB-0.313-240-19,CARBONO,0.313,7822.96
2026-02-26 16:54,PL-CARB-0.313-240-19,CARBONO,0.313,7300.38
2026-02-26 16:54,PL-CARB-0.313-240-19,CARBONO,0.313,5800.82
2026-02-26 16:54,PL-CARB-0.313-40-48,CARBONO,0.313,3309.32
2026-02-26 16:54,PL-CARB-0.313-40-48,CARBONO,0.313,3309.32
2026-02-26 16:54,PL-CARB-0.313-40-48,CARBONO,0.313,3309.32
2026-02-26 16:54,PL-CARB-0.313-40-48,CARBONO,0.313,3309.32
